-- Adminer 4.7.8 MySQL dump

SET NAMES utf8;
SET time_zone = '+00:00';
SET foreign_key_checks = 0;
SET sql_mode = 'NO_AUTO_VALUE_ON_ZERO';

SET NAMES utf8mb4;

DROP TABLE IF EXISTS `after_prom`;
CREATE TABLE `after_prom` (
  `id` bigint(20) unsigned NOT NULL AUTO_INCREMENT,
  `name` varchar(255) COLLATE utf8mb4_unicode_ci NOT NULL,
  `status` enum('up','down') COLLATE utf8mb4_unicode_ci NOT NULL DEFAULT 'up',
  `created_at` timestamp NULL DEFAULT NULL,
  `updated_at` timestamp NULL DEFAULT NULL,
  PRIMARY KEY (`id`)
) ENGINE=InnoDB DEFAULT CHARSET=utf8mb4 COLLATE=utf8mb4_unicode_ci;

INSERT INTO `after_prom` (`id`, `name`, `status`, `created_at`, `updated_at`) VALUES
(1,	'師父誦經',	'up',	'2022-05-13 02:34:59',	'2022-05-13 02:35:06'),
(2,	'大體美容',	'up',	'2022-05-13 02:35:12',	'2022-05-13 02:35:12'),
(3,	'研磨',	'up',	'2022-06-15 17:37:49',	'2022-06-15 17:37:49'),
(4,	'紀念品',	'up',	'2022-06-18 18:55:16',	'2022-06-18 18:55:16'),
(5,	'車馬費',	'up',	'2022-06-19 19:11:31',	'2022-06-19 19:11:31'),
(6,	'夜間加成',	'up',	'2022-07-01 12:49:29',	'2022-07-01 12:49:29'),
(7,	'頭七/百日/對年',	'up',	'2022-07-01 16:01:18',	'2022-07-01 16:01:18'),
(8,	'法會報名',	'up',	'2022-07-22 10:16:59',	'2022-07-22 10:16:59'),
(9,	'骨灰罐刻字+照片',	'up',	'2022-10-02 21:15:25',	'2022-10-02 21:15:25'),
(10,	'管理費/續約',	'up',	'2022-10-02 21:17:45',	'2022-10-02 21:17:45'),
(11,	'晉塔骨罐',	'up',	'2022-10-09 15:36:22',	'2022-10-09 15:36:22');

DROP TABLE IF EXISTS `before_prom`;
CREATE TABLE `before_prom` (
  `id` bigint(20) unsigned NOT NULL AUTO_INCREMENT,
  `name` varchar(255) COLLATE utf8mb4_unicode_ci NOT NULL,
  `status` enum('up','down') COLLATE utf8mb4_unicode_ci NOT NULL DEFAULT 'up',
  `created_at` timestamp NULL DEFAULT NULL,
  `updated_at` timestamp NULL DEFAULT NULL,
  PRIMARY KEY (`id`)
) ENGINE=InnoDB DEFAULT CHARSET=utf8mb4 COLLATE=utf8mb4_unicode_ci;

INSERT INTO `before_prom` (`id`, `name`, `status`, `created_at`, `updated_at`) VALUES
(1,	'罐裝帶回',	'up',	'2022-05-13 02:33:16',	'2022-05-13 02:34:09'),
(2,	'花樹葬',	'up',	'2022-05-13 02:34:28',	'2022-05-13 02:34:28'),
(3,	'盆葬',	'up',	'2022-05-13 02:34:38',	'2022-05-13 02:34:38'),
(4,	'塔位',	'up',	'2022-05-13 02:34:47',	'2022-05-13 02:34:47'),
(5,	'洗澡',	'down',	'2022-05-14 07:50:23',	'2022-06-15 17:37:09'),
(6,	'小樹葬',	'up',	'2022-08-14 21:48:19',	'2022-08-14 21:48:19'),
(7,	'寵物花盅',	'up',	'2022-10-01 18:37:52',	'2022-10-01 18:37:52');

DROP TABLE IF EXISTS `cashs`;
CREATE TABLE `cashs` (
  `id` bigint(20) unsigned NOT NULL AUTO_INCREMENT,
  `title` text COLLATE utf8mb4_unicode_ci NOT NULL,
  `cash_date` date NOT NULL,
  `price` varchar(255) COLLATE utf8mb4_unicode_ci NOT NULL,
  `status` int(11) NOT NULL DEFAULT 1 COMMENT '1是支出，0是收入',
  `comment` text COLLATE utf8mb4_unicode_ci DEFAULT NULL,
  `user_id` int(11) NOT NULL,
  `created_at` timestamp NULL DEFAULT NULL,
  `updated_at` timestamp NULL DEFAULT NULL,
  PRIMARY KEY (`id`)
) ENGINE=InnoDB DEFAULT CHARSET=utf8mb4 COLLATE=utf8mb4_unicode_ci;

INSERT INTO `cashs` (`id`, `title`, `cash_date`, `price`, `status`, `comment`, `user_id`, `created_at`, `updated_at`) VALUES
(8,	'零用金5月餘額',	'2022-06-01',	'1647',	0,	NULL,	1,	'2022-06-25 00:12:11',	'2022-06-25 00:12:11'),
(9,	'餐費',	'2022-06-02',	'522',	1,	NULL,	1,	'2022-06-25 00:12:50',	'2022-06-25 00:12:50'),
(10,	'五金百貨',	'2022-06-02',	'620',	1,	NULL,	1,	'2022-06-25 00:13:14',	'2022-06-25 00:13:14'),
(11,	'花/水果',	'2022-06-03',	'450',	1,	NULL,	1,	'2022-06-25 00:13:28',	'2022-06-25 00:13:28'),
(12,	'陽傘',	'2022-06-03',	'1120',	1,	NULL,	1,	'2022-06-25 00:13:41',	'2022-06-25 00:13:41'),
(13,	'零用金申請',	'2022-06-03',	'10000',	0,	NULL,	1,	'2022-06-25 00:14:27',	'2022-06-25 00:14:27'),
(14,	'桌布',	'2022-06-04',	'700',	1,	NULL,	1,	'2022-06-25 00:14:44',	'2022-06-25 00:14:44'),
(15,	'鮮花一對',	'2022-06-04',	'150',	1,	NULL,	1,	'2022-06-25 00:15:01',	'2022-06-25 00:15:01'),
(16,	'滅火器*2',	'2022-06-08',	'5200',	1,	NULL,	1,	'2022-06-25 00:15:14',	'2022-06-25 00:15:14'),
(17,	'割草機汽油',	'2022-06-08',	'100',	1,	NULL,	1,	'2022-06-25 00:15:34',	'2022-06-25 00:15:34'),
(18,	'餐費',	'2022-06-09',	'450',	1,	NULL,	1,	'2022-06-25 00:15:47',	'2022-06-25 00:15:47'),
(19,	'五金用品',	'2022-06-11',	'1610',	1,	NULL,	1,	'2022-06-25 00:16:05',	'2022-06-25 00:16:05'),
(20,	'餐費',	'2022-06-12',	'860',	1,	NULL,	1,	'2022-06-25 00:16:37',	'2022-06-25 00:16:37'),
(21,	'95汽油(割草機用)',	'2022-06-16',	'100',	1,	NULL,	1,	'2022-06-25 00:17:09',	'2022-06-25 00:17:09'),
(22,	'五金用品',	'2022-06-19',	'463',	1,	NULL,	1,	'2022-06-25 00:17:23',	'2022-06-25 00:17:23'),
(23,	'5/8五金用品(補請款)',	'2022-06-19',	'770',	1,	NULL,	1,	'2022-06-25 00:17:35',	'2022-06-25 00:17:35'),
(24,	'冰箱',	'2022-06-19',	'4000',	1,	'二手冰箱',	1,	'2022-06-25 00:17:54',	'2022-06-25 00:17:54'),
(25,	'零用金申請',	'2022-06-19',	'10000',	0,	NULL,	1,	'2022-06-25 00:18:13',	'2022-06-25 00:18:13'),
(26,	'名片*12',	'2022-06-20',	'1200',	1,	NULL,	2,	'2022-06-25 00:18:29',	'2022-06-25 01:49:15'),
(27,	'餐費',	'2022-06-20',	'320',	1,	NULL,	3,	'2022-06-25 13:43:51',	'2022-06-25 13:43:51'),
(28,	'五金用品',	'2022-06-22',	'687',	1,	'竹耙子/茶水/清潔用品',	3,	'2022-06-25 13:45:04',	'2022-06-25 13:45:04'),
(29,	'五金用品',	'2022-06-23',	'120',	1,	NULL,	3,	'2022-06-25 13:46:48',	'2022-06-25 13:46:48'),
(30,	'花瓶一對',	'2022-06-26',	'298',	1,	NULL,	3,	'2022-06-26 16:36:26',	'2022-06-26 16:36:26'),
(31,	'五金用品',	'2022-06-27',	'428',	1,	'念佛機充電器+電池',	3,	'2022-06-29 13:46:12',	'2022-06-29 13:46:12'),
(32,	'初一初二祭拜用品',	'2022-06-29',	'780',	1,	'鮮花150+供品630',	3,	'2022-06-29 13:49:17',	'2022-06-29 13:49:17'),
(33,	'餐費',	'2022-06-05',	'700',	1,	NULL,	3,	'2022-06-30 13:13:20',	'2022-06-30 13:13:20'),
(34,	'陽傘',	'2022-06-15',	'1120',	1,	NULL,	3,	'2022-06-30 13:14:11',	'2022-06-30 13:14:11'),
(35,	'餐費',	'2022-06-11',	'551',	1,	NULL,	3,	'2022-06-30 13:16:35',	'2022-06-30 13:16:35'),
(36,	'五金用品',	'2022-06-11',	'534',	1,	'草坪燈*10 $360/價格牌數字豆$174',	3,	'2022-06-30 13:17:54',	'2022-06-30 13:17:54'),
(37,	'零用金申請',	'2022-06-29',	'10000',	0,	NULL,	3,	'2022-06-30 13:18:15',	'2022-06-30 13:18:15'),
(38,	'五金用品',	'2022-06-20',	'1453',	1,	'水管+噴水頭+自動灑水器*3',	3,	'2022-06-30 14:29:00',	'2022-06-30 14:29:00'),
(39,	'五金用品',	'2022-06-26',	'2980',	1,	'電動除草機',	3,	'2022-06-30 14:30:11',	'2022-06-30 14:30:11'),
(40,	'餐費',	'2022-06-30',	'295',	1,	NULL,	3,	'2022-06-30 14:30:48',	'2022-06-30 14:30:48'),
(41,	'五金用品',	'2022-06-30',	'760',	1,	'白鐵/鋼鎖/面罩/玻璃',	3,	'2022-06-30 14:31:44',	'2022-06-30 14:31:44'),
(42,	'公司機維修',	'2022-06-23',	'1431',	1,	NULL,	3,	'2022-06-30 14:32:30',	'2022-06-30 14:32:30'),
(43,	'香環*5',	'2022-07-01',	'200',	1,	NULL,	3,	'2022-07-02 11:10:26',	'2022-07-02 11:10:26'),
(44,	'五金用品',	'2022-07-02',	'135',	1,	'水管連接器/套筒',	3,	'2022-07-02 18:47:42',	'2022-07-02 18:47:42'),
(45,	'零用金申請',	'2022-07-08',	'10000',	0,	NULL,	3,	'2022-07-11 13:09:13',	'2022-07-11 13:09:13'),
(46,	'祝賀花籃(晨間廚房-京富店)',	'2022-07-08',	'700',	1,	NULL,	3,	'2022-07-11 13:10:13',	'2022-07-11 13:10:13'),
(47,	'五金用品',	'2022-07-10',	'315',	1,	'舒跑一箱/水管材料',	3,	'2022-07-11 13:12:25',	'2022-07-11 13:12:25'),
(48,	'五金用品',	'2022-07-01',	'302',	1,	'螺絲類、工具',	3,	'2022-07-13 12:06:05',	'2022-07-13 12:06:05'),
(49,	'五金用品',	'2022-07-04',	'1890',	1,	'treny雙速離電池-山',	3,	'2022-07-13 12:08:44',	'2022-07-13 12:08:44'),
(50,	'日常用品',	'2022-07-10',	'585',	1,	'水/藍白帆布/垃圾夾-山',	3,	'2022-07-13 12:10:36',	'2022-07-13 12:11:17'),
(51,	'五金用品',	'2022-07-12',	'67',	1,	'(2分半)鐵壁虎',	3,	'2022-07-15 13:25:23',	'2022-07-15 13:25:23'),
(52,	'16拜拜用品',	'2022-07-14',	'300',	1,	'餅乾/飲料/麵',	3,	'2022-07-15 13:27:11',	'2022-07-15 13:27:11'),
(53,	'15拜拜用品',	'2022-07-13',	'380',	1,	'鮮花200/水果180',	3,	'2022-07-15 13:27:46',	'2022-07-15 13:27:46'),
(54,	'腳腳頭七代買',	'2022-07-01',	'540',	1,	'素菜飯200/水果190/鮮花150',	3,	'2022-07-15 13:29:03',	'2022-07-15 13:29:45'),
(56,	'九金銀紙',	'2022-07-20',	'540',	1,	NULL,	3,	'2022-07-20 16:58:53',	'2022-07-20 16:58:53'),
(57,	'礦泉水*10箱',	'2022-07-20',	'1000',	1,	NULL,	3,	'2022-07-20 17:00:50',	'2022-07-20 17:00:50'),
(58,	'點香器瓦斯罐',	'2022-07-23',	'50',	1,	NULL,	3,	'2022-07-24 13:16:30',	'2022-07-24 13:16:30'),
(59,	'五金用品',	'2022-07-11',	'1427',	1,	'白鐵管夾*100\r\n鐵壁虎*16\r\n單口球塞瓦斯考克*1\r\n白鐵方形地板*1\r\n龍頭接頭*1\r\n龍頭灣*1\r\n水晶長栓/皮心*2',	3,	'2022-07-25 13:47:35',	'2022-07-25 13:47:35'),
(60,	'割草機汽油',	'2022-07-26',	'100',	1,	'',	3,	'2022-07-26 10:06:21',	'2022-07-26 10:06:21'),
(61,	'五金用品',	'2022-08-01',	'325',	1,	'香蕉水/油漆/油漆刷',	3,	'2022-08-01 14:30:21',	'2022-08-01 14:30:21'),
(62,	'停車費',	'2022-07-26',	'30',	1,	NULL,	3,	'2022-08-01 14:30:49',	'2022-08-01 14:30:49'),
(63,	'法會用品',	'2022-07-31',	'700',	1,	'神明桌巾',	3,	'2022-08-01 14:33:01',	'2022-08-01 14:33:01'),
(64,	'餐費補助',	'2022-08-01',	'200',	1,	NULL,	1,	'2022-08-01 15:41:08',	'2022-08-01 15:41:08'),
(65,	'五金用品',	'2022-08-02',	'714',	1,	'水電材料用品',	3,	'2022-08-03 11:50:22',	'2022-08-03 11:50:22'),
(66,	'零用金申請',	'2022-08-05',	'10000',	0,	NULL,	3,	'2022-08-05 18:54:45',	'2022-08-05 18:54:45'),
(67,	'水電用品',	'2022-08-05',	'601',	1,	'馬桶水箱組+過濾器濾心*2',	3,	'2022-08-05 18:55:25',	'2022-08-05 18:55:25'),
(68,	'法會供品',	'2022-08-07',	'3640',	1,	NULL,	3,	'2022-08-07 15:52:31',	'2022-08-07 15:52:31'),
(69,	'法會金紙',	'2022-08-09',	'430',	1,	'金元寶50盒/金磚50盒',	3,	'2022-08-09 22:27:45',	'2022-08-09 22:27:45'),
(70,	'園藝用品',	'2022-08-09',	'1680',	1,	'木頭兩捆',	3,	'2022-08-10 13:06:10',	'2022-08-10 13:06:10'),
(71,	'濟元宮普渡贊助白米*10',	'2022-08-08',	'1300',	1,	NULL,	3,	'2022-08-10 13:06:45',	'2022-08-10 13:06:45'),
(72,	'五金用品',	'2022-08-11',	'180',	1,	'火化用掃把*2/衛生筷/衛生杯',	3,	'2022-08-11 10:50:49',	'2022-08-11 10:50:49'),
(73,	'大悲咒香*2',	'2022-08-12',	'200',	1,	NULL,	3,	'2022-08-12 14:12:30',	'2022-08-12 14:12:30'),
(74,	'中元法會支出',	'2022-08-14',	'300',	1,	'黃映菱/妮妮 \r\n葉玲霞/點點\r\n便當代買*2',	3,	'2022-08-14 21:20:04',	'2022-08-14 21:20:04'),
(75,	'餐費',	'2022-08-13',	'680',	1,	'晚餐加班補助',	3,	'2022-08-14 22:04:09',	'2022-08-14 22:04:09'),
(76,	'五金用品',	'2022-08-03',	'778',	1,	NULL,	3,	'2022-08-14 22:14:17',	'2022-08-14 22:14:17'),
(77,	'零用金申請',	'2022-08-16',	'10000',	0,	NULL,	3,	'2022-08-16 12:11:05',	'2022-08-16 12:11:05'),
(78,	'法會棚子',	'2022-08-15',	'3000',	1,	NULL,	3,	'2022-08-16 12:11:23',	'2022-08-16 12:11:23'),
(79,	'法會用品',	'2022-08-16',	'955',	1,	'冰塊$60\r\n鮮花兩對$300\r\n杯水兩箱$140\r\n三牲$140\r\n水果$315',	3,	'2022-08-16 12:45:47',	'2022-08-16 12:45:47'),
(80,	'水管接頭',	'2022-08-18',	'20',	1,	NULL,	3,	'2022-08-19 11:56:56',	'2022-08-19 11:56:56'),
(81,	'五金用品',	'2022-08-21',	'250',	1,	'油漆(紅丹)$210\r\n香蕉水$40',	3,	'2022-08-21 15:34:22',	'2022-08-21 15:34:22'),
(82,	'客廳帳',	'2022-08-24',	'1200',	1,	'原價6200/2頂/陳姿延贊助5000',	1,	'2022-08-24 19:26:47',	'2022-08-30 14:37:54'),
(83,	'盆栽配件',	'2022-08-25',	'800',	1,	'盆栽擺飾',	3,	'2022-08-25 14:48:52',	'2022-08-30 19:49:40'),
(84,	'地皇宮香油錢捐贈',	'2022-08-28',	'1000',	1,	NULL,	3,	'2022-08-28 18:55:46',	'2022-08-28 18:55:46'),
(85,	'五金用品',	'2022-08-23',	'250',	1,	'塑膠墊子',	3,	'2022-08-28 18:56:07',	'2022-08-28 18:56:07'),
(86,	'樂樂頭七代買',	'2022-08-29',	'310',	1,	'素菜飯$100 水果$210',	3,	'2022-08-29 13:32:25',	'2022-08-29 13:32:25'),
(87,	'頭七代買',	'2022-08-30',	'180',	1,	'乖乖、巧虎素菜飯代買',	3,	'2022-08-30 13:27:32',	'2022-08-30 13:27:32'),
(88,	'杯水2箱',	'2022-09-04',	'140',	1,	NULL,	3,	'2022-09-05 17:50:07',	'2022-09-05 17:50:07'),
(89,	'五金用品',	'2022-09-04',	'165',	1,	'垃圾袋1大1小',	3,	'2022-09-05 17:50:50',	'2022-09-05 17:50:50'),
(90,	'不鏽鋼盆栽架*2',	'2022-09-07',	'2854',	1,	NULL,	3,	'2022-09-07 15:53:08',	'2022-09-07 15:53:08'),
(91,	'路邊指示牌*4',	'2022-09-07',	'1400',	1,	NULL,	3,	'2022-09-07 15:53:36',	'2022-09-07 15:53:36'),
(92,	'零用金申請',	'2022-09-07',	'10000',	0,	NULL,	3,	'2022-09-07 15:54:25',	'2022-09-07 15:54:25'),
(93,	'堂堂骨灰郵寄費用',	'2022-09-06',	'80',	1,	NULL,	3,	'2022-09-09 17:19:37',	'2022-09-09 17:19:37'),
(94,	'小巴火化花果代買',	'2022-09-10',	'470',	1,	'鮮花150\r\n水果320',	3,	'2022-09-10 14:46:51',	'2022-09-10 14:46:51'),
(95,	'五金用品',	'2022-09-14',	'229',	1,	'廁所清潔劑/雄獅油性筆3隻/塑膠手套兩盒',	3,	'2022-09-16 10:27:50',	'2022-09-16 10:27:50'),
(96,	'茶水',	'2022-09-17',	'400',	1,	NULL,	3,	'2022-09-17 19:40:09',	'2022-09-17 19:40:09'),
(97,	'玻璃瓶*9(裝骨頭用)',	'2022-09-18',	'93',	1,	NULL,	3,	'2022-09-18 19:48:30',	'2022-09-18 19:48:30'),
(98,	'五金用品',	'2022-09-18',	'418',	1,	'漂白水/洗碗精/殺蟲劑',	3,	'2022-09-18 19:49:30',	'2022-09-18 19:49:30'),
(99,	'旗山招牌運費',	'2022-09-19',	'505',	1,	NULL,	3,	'2022-09-19 20:15:01',	'2022-09-19 20:15:01'),
(100,	'割草機油',	'2022-09-19',	'125',	1,	NULL,	3,	'2022-09-19 20:42:04',	'2022-09-19 20:42:04'),
(101,	'勞保局停車費',	'2022-09-27',	'30',	1,	NULL,	3,	'2022-09-28 12:52:15',	'2022-09-28 12:52:15'),
(102,	'五金用品',	'2022-09-30',	'305',	1,	'油漆(白)/油漆刷/垃圾桶',	3,	'2022-09-30 11:20:13',	'2022-09-30 11:20:13'),
(103,	'杯水一箱',	'2022-09-29',	'70',	1,	NULL,	3,	'2022-09-30 11:20:38',	'2022-09-30 11:20:38'),
(104,	'五金用品',	'2022-09-28',	'158',	1,	NULL,	3,	'2022-09-30 11:21:00',	'2022-09-30 11:21:00'),
(105,	'盆葬擺飾品',	'2022-09-25',	'1317',	1,	NULL,	3,	'2022-09-30 11:21:42',	'2022-09-30 11:21:42'),
(106,	'加水車加水',	'2022-09-29',	'1000',	1,	NULL,	3,	'2022-09-30 11:22:48',	'2022-09-30 11:22:48'),
(107,	'五金用品',	'2022-10-01',	'164',	1,	'馬達橡皮片*2',	3,	'2022-10-01 18:14:06',	'2022-10-01 18:14:06'),
(108,	'五金用品',	'2022-10-01',	'398',	1,	'寵物美容沐浴乳/大門鎖頭',	3,	'2022-10-01 21:15:53',	'2022-10-01 21:15:53'),
(109,	'餐費',	'2022-10-02',	'499',	1,	NULL,	3,	'2022-10-02 21:46:07',	'2022-10-02 21:46:07'),
(110,	'郵寄掛號費',	'2022-10-03',	'28',	1,	NULL,	3,	'2022-10-03 17:41:36',	'2022-10-03 17:41:36'),
(111,	'水管彎頭',	'2022-10-03',	'32',	1,	NULL,	3,	'2022-10-09 19:19:07',	'2022-10-09 19:19:07'),
(112,	'餐費',	'2022-10-08',	'240',	1,	NULL,	3,	'2022-10-09 19:19:27',	'2022-10-09 19:19:27'),
(113,	'王文吉/貝貝照片沖洗',	'2022-10-09',	'25',	1,	NULL,	3,	'2022-10-09 19:19:52',	'2022-10-09 19:19:52'),
(114,	'文具用品',	'2022-10-09',	'138',	1,	'資料夾/相框',	3,	'2022-10-09 19:20:23',	'2022-10-09 19:20:23'),
(115,	'頭七素菜飯代買',	'2022-10-09',	'100',	1,	'劉聚美/巧克力',	3,	'2022-10-09 19:21:05',	'2022-10-09 19:21:05'),
(116,	'五金用品',	'2022-10-12',	'200',	1,	'螺絲鎖*10',	3,	'2022-10-13 21:38:32',	'2022-10-13 21:38:32'),
(117,	'五金用品',	'2022-10-12',	'585',	1,	'防水漆一桶',	3,	'2022-10-13 21:39:00',	'2022-10-13 21:39:00'),
(118,	'五金用品',	'2022-10-13',	'64',	1,	'油漆刷*2',	3,	'2022-10-13 21:39:36',	'2022-10-13 21:39:36'),
(119,	'零用金申請',	'2022-10-13',	'10000',	0,	NULL,	3,	'2022-10-13 21:40:13',	'2022-10-13 21:40:13'),
(120,	'五金用品',	'2022-10-12',	'2910',	1,	'木頭合板*5',	3,	'2022-10-13 21:41:24',	'2022-10-13 21:41:24'),
(121,	'頭七素菜飯代買',	'2022-10-17',	'100',	1,	'吳翊銓/仔仔頭七',	3,	'2022-10-18 11:01:22',	'2022-10-18 11:01:32'),
(122,	'五金用品',	'2022-10-17',	'180',	1,	'平爐器',	3,	'2022-10-18 11:02:03',	'2022-10-18 11:02:03'),
(123,	'郵票',	'2022-10-17',	'28',	1,	NULL,	3,	'2022-10-18 11:02:28',	'2022-10-18 11:02:28'),
(124,	'五金用品',	'2022-10-17',	'240',	1,	'螺絲',	3,	'2022-10-18 11:03:10',	'2022-10-18 11:03:10'),
(125,	'五金用品',	'2022-10-19',	'70',	1,	'強力膠',	3,	'2022-10-19 12:09:40',	'2022-10-19 12:09:40'),
(126,	'五金用品',	'2022-10-19',	'132',	1,	'菜單夾',	3,	'2022-10-20 12:00:10',	'2022-10-20 12:00:10'),
(127,	'園藝用品',	'2022-10-27',	'1790',	1,	'小樹葬木頭柵欄*20',	3,	'2022-10-27 12:55:09',	'2022-10-27 12:55:09'),
(128,	'初二拜拜花果',	'2022-10-26',	'350',	1,	NULL,	3,	'2022-10-28 11:49:39',	'2022-10-28 11:49:39'),
(129,	'站立式十字架',	'2022-11-02',	'500',	1,	NULL,	3,	'2022-11-02 21:00:20',	'2022-11-02 21:00:20'),
(130,	'五金用品',	'2022-11-03',	'450',	1,	'灰色噴漆*5/黑色膠帶*1',	3,	'2022-11-04 14:09:10',	'2022-11-04 14:09:10'),
(131,	'信件郵寄',	'2022-11-04',	'28',	1,	NULL,	3,	'2022-11-04 14:32:19',	'2022-11-04 14:32:19'),
(132,	'手套*10盒',	'2022-11-01',	'710',	1,	NULL,	3,	'2022-11-04 14:34:14',	'2022-11-04 14:34:14'),
(133,	'呆帳',	'2022-11-30',	'2901',	1,	NULL,	1,	'2022-12-04 22:39:52',	'2022-12-04 22:39:52'),
(134,	'零用金',	'2022-12-02',	'5000',	0,	NULL,	1,	'2022-12-08 14:50:53',	'2022-12-08 14:50:53'),
(135,	'小北',	'2022-12-08',	'344',	1,	'妙管家地板清潔劑+opp膠帶+棉紗沾膠手套+彩色起子+3M電器絕緣膠帶+滿意寶寶存水濕紙巾',	1,	'2022-12-08 14:53:52',	'2022-12-08 14:53:52'),
(136,	'小北',	'2022-12-01',	'357',	1,	'保持潔超強度清潔+TK鋼尺+套刷組',	1,	'2022-12-08 14:55:31',	'2022-12-08 14:55:31'),
(137,	'五金',	'2022-12-01',	'840',	1,	'五金水管',	1,	'2022-12-08 14:56:20',	'2022-12-08 14:56:20'),
(138,	'小北',	'2022-12-02',	'280',	1,	'噴槍',	1,	'2022-12-08 14:56:49',	'2022-12-08 14:56:49'),
(140,	'咖逼乖乖拜拜',	'2022-12-02',	'270',	1,	'6菜一飯',	1,	'2022-12-12 00:58:10',	'2022-12-12 00:59:56'),
(141,	'咖逼乖乖祭拜四果',	'2022-12-01',	'580',	1,	NULL,	1,	'2022-12-12 00:59:05',	'2022-12-12 01:00:04'),
(142,	'咖逼乖乖祭拜鮮花三對',	'2022-12-01',	'450',	1,	'2個祭拜1個公司',	1,	'2022-12-12 00:59:47',	'2022-12-12 00:59:47'),
(143,	'巧虎祭拜水果',	'2022-12-03',	'276',	1,	NULL,	1,	'2022-12-12 01:00:45',	'2022-12-12 01:00:45'),
(144,	'巧虎六菜一飯',	'2022-12-03',	'120',	1,	NULL,	1,	'2022-12-12 01:01:09',	'2022-12-12 01:01:09'),
(145,	'鮮花',	'2022-12-11',	'300',	1,	'地藏王菩薩',	1,	'2022-12-12 14:49:47',	'2022-12-12 14:49:47'),
(146,	'鮮花',	'2022-12-14',	'150',	1,	'代買',	1,	'2022-12-16 18:00:38',	'2022-12-16 18:00:38'),
(147,	'水果',	'2022-12-14',	'240',	1,	'代買',	1,	'2022-12-16 18:01:02',	'2022-12-16 18:01:02'),
(148,	'零用金',	'2022-12-16',	'3000',	0,	NULL,	1,	'2022-12-16 18:06:03',	'2022-12-16 18:06:03'),
(149,	'五金用品',	'2022-12-16',	'705',	1,	'水管、轉接頭（湯松贏代買)',	1,	'2022-12-16 18:08:32',	'2022-12-16 18:08:32'),
(150,	'五金用品',	'2022-12-09',	'449',	1,	'湯松贏代買',	1,	'2022-12-16 18:10:10',	'2022-12-16 18:10:10'),
(151,	'六角柄深孔長套筒',	'2022-12-21',	'210',	1,	NULL,	1,	'2022-12-26 21:45:43',	'2022-12-26 21:45:43'),
(152,	'水果代買',	'2022-12-21',	'380',	1,	NULL,	1,	'2022-12-26 21:46:19',	'2022-12-26 21:46:19'),
(153,	'素菜飯',	'2022-12-21',	'160',	1,	NULL,	1,	'2022-12-26 21:47:23',	'2022-12-26 21:47:23'),
(154,	'鮮花',	'2022-12-21',	'150',	1,	NULL,	1,	'2022-12-26 21:47:45',	'2022-12-26 21:47:45');

DROP TABLE IF EXISTS `customer`;
CREATE TABLE `customer` (
  `id` bigint(20) unsigned NOT NULL AUTO_INCREMENT,
  `name` varchar(255) COLLATE utf8mb4_unicode_ci NOT NULL,
  `mobile` varchar(255) COLLATE utf8mb4_unicode_ci DEFAULT NULL,
  `county` varchar(25) CHARACTER SET utf8mb4 DEFAULT NULL,
  `district` varchar(25) CHARACTER SET utf8mb4 DEFAULT NULL,
  `address` text COLLATE utf8mb4_unicode_ci DEFAULT NULL,
  `group_id` varchar(3) CHARACTER SET utf8mb4 DEFAULT NULL,
  `created_up` varchar(3) COLLATE utf8mb4_unicode_ci NOT NULL,
  `created_at` timestamp NULL DEFAULT NULL,
  `updated_at` timestamp NULL DEFAULT NULL,
  PRIMARY KEY (`id`)
) ENGINE=InnoDB DEFAULT CHARSET=utf8mb4 COLLATE=utf8mb4_unicode_ci;

INSERT INTO `customer` (`id`, `name`, `mobile`, `county`, `district`, `address`, `group_id`, `created_up`, `created_at`, `updated_at`) VALUES
(1,	'大社李獸醫',	'0931924728',	'高雄市',	'大社區',	'三民路244號',	'2',	'1',	'2022-06-15 16:43:21',	'2022-09-21 23:06:15'),
(2,	'柯阿嬤狗園',	'07-3710228',	'高雄市',	'仁武區',	'澄德路580號',	'3',	'1',	'2022-06-15 16:43:31',	'2022-09-22 00:51:23'),
(3,	'林祖翌',	'0938517701',	'高雄市',	'苓雅區',	'青年二路79號4樓之2',	'1',	'1',	'2022-06-15 16:43:42',	'2022-09-22 00:51:31'),
(4,	'李葉嘉',	'0913032897',	'高雄市',	'路竹區',	'復興路327巷142弄88號',	'1',	'1',	'2022-06-15 16:43:53',	'2022-09-22 00:51:38'),
(5,	'黃清亮',	'0965069189',	'高雄市',	'小港區',	'丹山二路95-5號',	'1',	'1',	'2022-06-15 16:44:16',	'2022-09-22 00:51:45'),
(6,	'鄭蕙馨',	NULL,	NULL,	NULL,	'小港區旭日街23號',	'',	'1',	'2022-06-15 17:30:56',	'2022-06-18 15:14:25'),
(7,	'誌陽',	'無',	NULL,	NULL,	NULL,	'1',	'1',	'2022-06-15 17:31:05',	'2022-09-22 00:51:57'),
(8,	'沈均憶',	'0981489283',	'高雄市',	'前鎮區',	'凱旋四路342號',	'1',	'1',	'2022-06-15 17:31:32',	'2022-09-22 14:52:29'),
(9,	'莊涵雅',	'0968992025',	'高雄市',	'鳳山區',	'南進四街39號',	'1',	'1',	'2022-06-15 17:31:46',	'2022-09-22 14:52:40'),
(10,	'李佳真',	'0962057517',	'高雄市',	'苓雅區',	'廣東二街26巷2-2號',	'1',	'1',	'2022-06-15 17:31:52',	'2022-09-22 14:52:46'),
(11,	'曾宏文',	'0982587113',	'高雄市',	'小港區',	'民治路52號8樓',	'1',	'1',	'2022-06-15 17:31:59',	'2022-09-22 14:52:54'),
(12,	'王培富',	'0928858588',	'高雄市',	'大寮區',	'六和路2-30號',	'1',	'1',	'2022-06-15 17:32:05',	'2022-09-22 14:53:00'),
(13,	'蔡柏宇',	'0981334830',	'高雄市',	'小港區',	'和平路269巷11號',	'1',	'1',	'2022-06-15 17:32:11',	'2022-09-22 14:53:05'),
(14,	'吳素真',	'0965267965',	'屏東縣',	'屏東市',	'武順街42號',	'1',	'1',	'2022-06-15 17:32:19',	'2022-09-22 14:53:10'),
(15,	'楊淑華',	'0977488666',	'高雄市',	'苓雅區',	'安業路14號4樓',	'1',	'1',	'2022-06-15 17:32:34',	'2022-09-22 14:53:15'),
(16,	'許崇華',	'0903349438',	'高雄市',	'鳳山區',	'過埤路71號6樓',	'1',	'1',	'2022-06-15 17:32:44',	'2022-09-22 14:53:21'),
(17,	'陳姿雅',	'無',	NULL,	NULL,	NULL,	'1',	'1',	'2022-06-15 17:32:50',	'2022-09-22 14:53:26'),
(18,	'陳先生',	'0921532142',	NULL,	NULL,	NULL,	'1',	'1',	'2022-06-15 17:32:58',	'2022-09-22 14:53:32'),
(19,	'徐嘉秀',	'0979701383',	NULL,	NULL,	NULL,	'1',	'1',	'2022-06-15 17:33:07',	'2022-09-22 14:53:38'),
(20,	'方淑慧',	'0931938998',	'高雄市',	'楠梓區',	'惠民路233巷8號1樓',	'1',	'1',	'2022-06-15 17:33:13',	'2022-09-22 14:53:45'),
(21,	'楊先生',	'0911920677',	'高雄市',	'大寮區',	'新厝路39號',	'1',	'1',	'2022-06-15 17:33:19',	'2022-09-22 14:53:50'),
(22,	'馬偉群',	'0982214061',	'高雄市',	'前鎮區',	NULL,	'1',	'1',	'2022-06-15 17:33:24',	'2022-09-22 14:53:57'),
(23,	'余寶麟',	'0918257960',	'高雄市',	'小港區',	'山明路261號',	'1',	'1',	'2022-06-15 17:33:40',	'2022-09-22 14:54:03'),
(24,	'張雅茗',	'0',	NULL,	NULL,	NULL,	'1',	'1',	'2022-06-15 17:33:47',	'2022-09-22 14:54:09'),
(25,	'沈先生',	'0',	NULL,	NULL,	NULL,	'1',	'1',	'2022-06-15 17:33:52',	'2022-09-22 14:54:15'),
(26,	'李先生',	'0986066166',	'高雄市',	'鼓山區',	'裕興路112號',	'1',	'1',	'2022-06-15 17:34:00',	'2022-09-22 14:57:37'),
(27,	'丁志豪',	'0977104132',	'高雄市',	'楠梓區',	'安泰街132巷28弄11號',	'1',	'1',	'2022-06-15 17:34:08',	'2022-09-22 14:57:44'),
(28,	'吳美貞',	'0937394117',	'高雄市',	'小港區',	'鳳北路191巷8號',	'1',	'1',	'2022-06-15 17:34:17',	'2022-09-22 14:57:50'),
(29,	'王瓏燕',	'0921528900',	'高雄市',	'鳳山區',	'凱旋路321號9樓',	'1',	'1',	'2022-06-15 17:34:26',	'2022-09-22 14:57:55'),
(30,	'王先生',	'0915001071',	NULL,	NULL,	NULL,	'1',	'1',	'2022-06-15 17:34:39',	'2022-09-22 14:58:01'),
(31,	'吳宏章',	'0960050055',	NULL,	NULL,	NULL,	'1',	'1',	'2022-06-15 17:34:44',	'2022-09-22 14:58:07'),
(32,	'曾妍閩',	'0986958923',	'高雄市',	'鳳山區',	'五甲二路337號',	'1',	'1',	'2022-06-15 17:34:52',	'2022-09-22 14:58:25'),
(33,	'田捷伃',	'0935375055',	'高雄市',	'左營區',	'重立路152號14樓',	'1',	'1',	'2022-06-15 17:34:58',	'2022-09-22 14:58:33'),
(34,	'劉星儀',	'0961564005',	NULL,	NULL,	NULL,	'1',	'1',	'2022-06-15 17:35:04',	'2022-09-22 14:58:44'),
(35,	'謝先生',	'0979159975',	'高雄市',	'小港區',	'明聖街139號',	'1',	'1',	'2022-06-15 17:35:11',	'2022-09-22 14:58:52'),
(36,	'金勝吉',	'0929883195',	'高雄市',	'小港區',	'青山街93巷6號3樓',	'1',	'1',	'2022-06-15 17:35:17',	'2022-09-22 14:58:58'),
(37,	'宋齊恩/黃于倩',	'0938955230',	'高雄市',	'左營區',	'裕誠路472巷36號6樓',	'1',	'1',	'2022-06-15 17:35:26',	'2022-09-22 14:59:05'),
(38,	'謝思妤',	'0903528323',	NULL,	NULL,	NULL,	'1',	'1',	'2022-06-15 17:35:32',	'2022-09-22 14:59:15'),
(39,	'蘇惠芳',	'0925670808',	'高雄市',	'林園區',	'王公路58巷6號12樓',	'1',	'1',	'2022-06-17 23:15:57',	'2022-09-22 14:59:23'),
(40,	'楊詩溫',	'0931765780',	'高雄市',	'鳳山區',	'光潭路98巷12號',	'1',	'1',	'2022-06-18 01:34:28',	'2022-09-22 14:59:31'),
(41,	'張先生',	'0978899862',	NULL,	NULL,	NULL,	'',	'1',	'2022-06-18 01:36:57',	'2022-06-18 17:57:15'),
(42,	'曾紫安',	'0925330621',	'屏東縣',	'內埔鄉',	'富田村里信路18號',	'',	'1',	'2022-06-18 01:38:26',	'2022-09-08 01:11:57'),
(43,	'陳淑貞',	'0926853237',	'高雄市',	'苓雅區',	'河北一路203號',	'',	'1',	'2022-06-18 01:38:34',	'2022-09-08 01:12:13'),
(44,	'沈春綢',	'0939875852',	'高雄市',	'小港區',	'高坪七十街93號',	'',	'1',	'2022-06-18 01:39:41',	'2022-09-08 01:13:55'),
(45,	'顧小姐',	'0912031862',	'高雄市',	'苓雅區',	'漢昌街23巷23-2號',	'',	'1',	'2022-06-18 01:39:47',	'2022-09-08 01:14:07'),
(46,	'賴怡均',	'0970653211',	'高雄市',	'苓雅區',	'德中路241巷16號',	'',	'1',	'2022-06-18 01:39:53',	'2022-09-08 01:14:21'),
(47,	'江先生',	'0980339648',	NULL,	NULL,	NULL,	'',	'1',	'2022-06-18 01:40:01',	'2022-06-18 18:04:33'),
(48,	'林美玲',	'0910822575',	'高雄市',	'大寮區',	'琉球路22之25號',	'',	'3',	'2022-06-18 18:49:14',	'2022-09-08 01:14:40'),
(49,	'吳俊毅',	'0937689629',	NULL,	NULL,	NULL,	'',	'3',	'2022-06-18 19:04:46',	'2022-06-18 19:04:46'),
(50,	'黃淑苗',	'0912994776',	'屏東縣',	'潮州鎮',	'大同路58巷52弄10號',	'',	'3',	'2022-06-19 19:08:35',	'2022-09-08 01:15:06'),
(51,	'雷元紅',	'0909157319',	'高雄市',	'前鎮區',	'南衙路南二巷143號',	'',	'3',	'2022-06-19 19:09:21',	'2022-09-08 01:13:28'),
(52,	'王姿穎',	'0960383873',	'高雄市',	'三民區',	'三民區鼎吉街188號5樓',	'',	'3',	'2022-06-19 19:09:45',	'2022-09-08 01:10:17'),
(53,	'陳小姐',	'0929411925',	'高雄市',	'鼓山區',	'鼓山區榮德路',	'',	'3',	'2022-06-19 19:25:53',	'2022-09-08 01:10:03'),
(54,	'溫浩瑜',	'0981960209',	'高雄市',	'鳳山區',	'華山街194號4樓',	'',	'3',	'2022-06-20 23:56:53',	'2022-09-08 01:09:35'),
(55,	'豪小子寵物',	'0983258543',	NULL,	NULL,	NULL,	'2',	'3',	'2022-06-20 23:57:31',	'2022-09-22 15:01:58'),
(56,	'李采穎',	'0985411110',	NULL,	NULL,	NULL,	'',	'3',	'2022-06-21 00:00:11',	'2022-06-21 00:00:11'),
(57,	'黃子旂',	'0966413800',	'高雄市',	'鳳山區',	'南正二路9號',	'',	'3',	'2022-06-21 00:01:10',	'2022-09-08 01:08:16'),
(58,	'歐金蘭',	'0935257371',	'高雄市',	'仁武區',	'京吉三路101號2樓之2',	'1',	'3',	'2022-06-21 00:02:18',	'2022-09-22 15:01:47'),
(59,	'陳冠昇',	'0919277613',	'屏東縣',	'屏東市',	'屏東縣東港鎮明禮路199巷17號',	'1',	'3',	'2022-06-21 18:47:56',	'2022-09-22 14:59:55'),
(60,	'楊士寬',	'0929537051',	'高雄市',	'三民區',	'立志街179巷26號',	'1',	'3',	'2022-06-21 18:49:03',	'2022-09-22 14:59:47'),
(61,	'慧如',	'0916811957',	'高雄市',	'小港區',	'龍鳳里岐山一路7巷15弄38號',	'1',	'3',	'2022-06-23 16:44:17',	'2022-09-22 14:59:39'),
(62,	'王瓏燕',	'0929050246',	NULL,	NULL,	NULL,	'1',	'3',	'2022-06-23 16:45:05',	'2022-09-24 16:26:16'),
(63,	'戴秀玲',	'0929288142',	'高雄市',	'左營區',	'忠言路193號8樓',	'',	'3',	'2022-06-23 16:51:57',	'2022-09-08 01:15:39'),
(64,	'吳姵臻',	'0973378289',	'高雄市',	'鳳山區',	'台碱新村3巷29-3號',	'',	'3',	'2022-06-24 13:52:16',	'2022-09-08 01:15:54'),
(65,	'陳家慧',	'0979038531',	'高雄市',	'林園區',	'中芸路3-5號',	'',	'3',	'2022-06-24 17:12:25',	'2022-09-08 01:16:08'),
(66,	'陳佩雯',	'0929783952',	'高雄市',	'前鎮區',	'明鳳街46號',	'',	'3',	'2022-06-25 15:00:37',	'2022-09-08 01:17:28'),
(67,	'傅淑如',	'0960225096',	'高雄市',	'小港區',	'小港路48巷1弄15號',	'',	'3',	'2022-06-25 15:01:28',	'2022-09-08 01:17:41'),
(68,	'林祺弘',	'0987182199',	'高雄市',	'鼓山區',	'美術南二路115號',	'',	'3',	'2022-06-26 12:06:03',	'2022-09-08 01:17:56'),
(69,	'楊季涵',	'0970357266',	'高雄市',	'小港區',	'學府路49號3樓',	'',	'3',	'2022-06-26 18:30:47',	'2022-09-08 01:18:08'),
(70,	'林美儀',	'0927861014',	'高雄市',	'左營區',	'榮德街210號6樓之1',	'',	'3',	'2022-06-27 13:10:51',	'2022-09-08 01:18:21'),
(71,	'翁順榮',	'0970434074',	'高雄市',	'小港區',	'大業北路114巷4號2樓',	'',	'3',	'2022-06-27 21:54:55',	'2022-09-08 01:18:35'),
(72,	'葉佳羿.張琇閔',	'0962028749',	'高雄市',	'大寮區',	'鳳林一路128巷12-32號',	'',	'3',	'2022-06-28 11:56:14',	'2022-09-08 01:18:55'),
(73,	'許皓鈞',	'0907304448',	'高雄市',	'前鎮區',	'自強一路138號',	'',	'3',	'2022-06-28 15:20:26',	'2022-09-08 01:25:29'),
(74,	'張祐銜',	'0921581079',	'屏東縣',	'潮州鎮',	'壽星路70巷1弄32號',	'',	'3',	'2022-06-29 15:48:44',	'2022-09-08 01:24:54'),
(75,	'王妤菁',	'0919966308',	'高雄市',	'小港區',	'飛機路264巷7號',	'',	'3',	'2022-06-29 15:49:37',	'2022-09-08 01:24:20'),
(76,	'潘姵瑄',	'0966926827',	'高雄市',	'大寮區',	'八德路441號2樓',	'',	'3',	'2022-06-30 14:42:17',	'2022-09-08 01:24:05'),
(77,	'許其章',	'0933602467',	'高雄市',	'鳳山區',	'福祥街89號5樓',	'',	'3',	'2022-06-30 17:07:04',	'2022-09-08 01:23:40'),
(78,	'樓小姐',	'0922301058',	'高雄市',	'美濃區',	'中山路二段706巷65號',	'',	'3',	'2022-07-01 16:29:37',	'2022-09-08 01:23:26'),
(79,	'簡芷涵',	'0970853460',	'高雄市',	'大寮區',	'三隆路408號',	'',	'3',	'2022-07-02 18:44:49',	'2022-09-08 01:23:12'),
(80,	'楊珊萍',	'0925012393',	'高雄市',	'小港區',	'桂興街68號',	'',	'3',	'2022-07-04 22:42:15',	'2022-09-08 01:21:47'),
(81,	'王小姐',	'0918127659',	NULL,	NULL,	NULL,	'',	'3',	'2022-07-04 22:42:49',	'2022-07-04 22:42:49'),
(82,	'張珈菁',	'0978238771',	'高雄市',	'新興區',	'林森一路203巷24號',	'',	'3',	'2022-07-04 22:43:33',	'2022-09-08 01:21:28'),
(83,	'張秀玲',	'0980897747',	'高雄市',	'小港區',	'義興街17號',	'',	'3',	'2022-07-04 22:44:07',	'2022-09-08 01:21:12'),
(84,	'琳老闆手工衣',	'0',	NULL,	NULL,	NULL,	'',	'3',	'2022-07-07 13:10:55',	'2022-07-07 13:10:55'),
(85,	'內門茶魔',	'07-6673672',	'高雄市',	'內門區',	NULL,	'',	'3',	'2022-07-08 13:39:27',	'2022-09-08 01:20:25'),
(86,	'邱筠惠',	'0900638512',	'高雄市',	'大寮區',	'自由路135號',	'',	'3',	'2022-07-08 13:40:05',	'2022-09-08 01:20:10'),
(87,	'黃聖珈',	'0927518513',	'高雄市',	'小港區',	'宏平路',	'',	'3',	'2022-07-08 13:40:43',	'2022-09-08 01:19:52'),
(88,	'黃玫絜',	'0983459341',	NULL,	NULL,	NULL,	'',	'3',	'2022-07-11 12:45:51',	'2022-07-11 12:45:51'),
(89,	'王國偉',	'0978270323',	NULL,	NULL,	NULL,	'',	'3',	'2022-07-11 12:46:11',	'2022-07-11 12:46:11'),
(90,	'吳士豪',	'0987219422',	'高雄市',	'鳥松區',	'仁美里中山路130巷11號',	'',	'3',	'2022-07-11 12:46:58',	'2022-09-08 01:19:27'),
(91,	'蔡慧錦',	'0981199805',	'高雄市',	'苓雅區',	'凱旋二路31巷19-2號',	'',	'3',	'2022-07-11 12:47:55',	'2022-09-08 01:19:07'),
(92,	'陳旭祈',	'0907298191',	NULL,	NULL,	'三民區九如一路952號9樓-2',	'',	'3',	'2022-07-11 12:57:21',	'2022-07-11 12:57:21'),
(93,	'鄭雪琪',	'0905243071',	NULL,	NULL,	'苓雅區新光路140巷39號',	'',	'3',	'2022-07-11 13:03:37',	'2022-07-11 13:03:37'),
(94,	'李培慈',	'0906654796',	NULL,	NULL,	'左營區左營大路6巷75弄52號',	'',	'3',	'2022-07-15 13:09:46',	'2022-07-15 13:09:46'),
(95,	'陳先生',	'0903037717',	NULL,	NULL,	'前鎮區崗山南街342巷7號',	'',	'3',	'2022-07-15 13:11:52',	'2022-07-15 13:11:52'),
(96,	'顏政雄',	'0905158710',	NULL,	NULL,	'小港區桂江街149號6樓',	'',	'3',	'2022-07-15 13:16:53',	'2022-07-15 13:16:53'),
(97,	'周怡伶',	'0920662381',	NULL,	NULL,	'小港區永忠街34號',	'',	'3',	'2022-07-15 13:19:48',	'2022-07-15 13:19:48'),
(98,	'無',	'0918322257',	NULL,	NULL,	NULL,	'',	'3',	'2022-07-15 13:22:10',	'2022-07-15 13:22:10'),
(99,	'李柏勳',	'0978359756',	NULL,	NULL,	'小港區中安路586號9樓',	'',	'3',	'2022-07-15 18:24:56',	'2022-07-15 18:24:56'),
(100,	'詹雅如',	'0917111060',	NULL,	NULL,	'小港區桂仁街80巷16號',	'',	'3',	'2022-07-16 13:05:41',	'2022-07-16 13:05:41'),
(101,	'陳雅筠',	'0958525030',	NULL,	NULL,	NULL,	'',	'3',	'2022-07-18 11:33:22',	'2022-07-18 11:33:22'),
(102,	'許庭瑋',	'0958136975',	NULL,	NULL,	'苓雅區復興二路8號3樓',	'',	'3',	'2022-07-18 11:34:53',	'2022-07-18 11:34:53'),
(103,	'李國鼎',	'0927897631',	NULL,	NULL,	'前鎮區瑞隆路503巷5號',	'',	'3',	'2022-07-18 11:35:30',	'2022-07-18 11:35:30'),
(104,	'李翊瑄',	'0917622100',	NULL,	NULL,	'楠梓區瑞屏路27巷1號',	'',	'3',	'2022-07-18 11:36:10',	'2022-07-18 11:36:10'),
(105,	'邱小姐',	'0953569590',	NULL,	NULL,	'高雄市美濃區民族路58號之15號',	'',	'1',	'2022-07-18 14:59:24',	'2022-07-18 14:59:24'),
(106,	'黃月娥',	'0986970368',	NULL,	NULL,	'鳳山區三商街1巷2弄1-1號2樓',	'',	'3',	'2022-07-20 14:21:58',	'2022-07-20 14:21:58'),
(107,	'孫小姐',	'0972120553',	NULL,	NULL,	'旗津區中洲國小',	'',	'3',	'2022-07-20 14:22:36',	'2022-07-20 14:22:36'),
(108,	'蔡隍麟',	'0972238641',	NULL,	NULL,	NULL,	'',	'3',	'2022-07-20 14:31:48',	'2022-07-20 14:37:28'),
(109,	'梁雪茹',	'0930512109',	NULL,	NULL,	'小港區高坪三十一街',	'',	'3',	'2022-07-20 18:07:22',	'2022-07-20 18:07:22'),
(110,	'蔡易哲',	'0976303878',	NULL,	NULL,	'前鎮區國光路153號7樓',	'',	'3',	'2022-07-22 10:26:42',	'2022-07-22 10:26:42'),
(111,	'劉姵妤',	'0931051171',	NULL,	NULL,	NULL,	'',	'3',	'2022-07-22 13:13:45',	'2022-07-22 13:13:45'),
(112,	'劉小姐',	'0989878242',	NULL,	NULL,	'鳳山區民興路64號',	'',	'3',	'2022-07-24 13:08:47',	'2022-07-24 13:08:47'),
(113,	'黃健紋',	'0',	NULL,	NULL,	'溪洲國小',	'',	'3',	'2022-07-24 13:11:17',	'2022-07-24 13:11:17'),
(114,	'謝先生',	'0973207855',	NULL,	NULL,	NULL,	'',	'3',	'2022-07-24 13:12:23',	'2022-07-24 13:12:23'),
(115,	'李先生',	'0966837411',	NULL,	NULL,	'旗津區敦和街2巷84號',	'',	'3',	'2022-07-24 13:15:17',	'2022-07-24 13:15:17'),
(116,	'劉昆嘉',	'07-3414327',	NULL,	NULL,	'三民區金山路173號',	'',	'3',	'2022-07-24 13:17:08',	'2022-07-24 13:17:08'),
(117,	'蕭婷婷',	'0986153092',	NULL,	NULL,	'前鎮區鎮川巷1號',	'',	'3',	'2022-07-24 13:18:53',	'2022-07-24 13:18:53'),
(118,	'黃姿玟',	'0988087166',	NULL,	NULL,	'鹽埕區壽星街21-6號',	'',	'3',	'2022-07-24 13:20:20',	'2022-07-24 13:20:20'),
(119,	'陳柏諺',	'0968782660',	NULL,	NULL,	'小港區長興街50號',	'',	'3',	'2022-07-24 19:05:49',	'2022-07-24 19:05:49'),
(120,	'宏珊',	'0939310950',	NULL,	NULL,	'屏東市機場北路216號',	'',	'3',	'2022-07-25 15:26:33',	'2022-07-25 15:26:33'),
(121,	'蔡慧珍',	'0936550903',	NULL,	NULL,	'高雄市小港區桂陽路209巷7弄41號6樓',	'',	'3',	'2022-07-25 15:28:52',	'2022-07-25 15:28:52'),
(122,	'伍怡璇',	'0956851353',	NULL,	NULL,	'前鎮區南寧街8號10樓',	'',	'3',	'2022-07-26 02:18:07',	'2022-07-26 02:18:07'),
(123,	'吳嘉浤',	'0989279751',	NULL,	NULL,	'小港區小港路48巷1弄18號',	'',	'3',	'2022-07-26 02:18:56',	'2022-07-26 02:18:56'),
(124,	'邱茂彰',	'0927137268',	NULL,	NULL,	'左營區新榮街91號23樓',	'',	'3',	'2022-07-26 02:19:31',	'2022-07-26 02:19:31'),
(125,	'王士豪',	'0922736097',	NULL,	NULL,	'鳳山區新生街一段60號3樓',	'',	'3',	'2022-07-26 10:09:07',	'2022-07-26 10:09:07'),
(126,	'哈哈狗園',	'0986658717',	NULL,	NULL,	'花旗山庄',	'',	'3',	'2022-07-29 10:52:25',	'2022-07-29 10:52:25'),
(127,	'許文軒',	'0965211981',	NULL,	NULL,	'苓雅區自強三路5號17樓之28',	'',	'3',	'2022-07-29 10:55:17',	'2022-07-29 10:55:17'),
(128,	'辛淑珍',	'0921225896',	NULL,	NULL,	'鳳山區建國路一段17巷8號',	'',	'3',	'2022-07-29 10:56:42',	'2022-07-29 10:56:42'),
(129,	'朱立宇',	'0989325513',	NULL,	NULL,	'仁武區新庄路258-8號',	'',	'3',	'2022-07-29 10:58:50',	'2022-07-29 10:58:50'),
(130,	'黎小姐',	'0932533090',	NULL,	NULL,	'五福四路',	'',	'3',	'2022-07-31 16:43:42',	'2022-07-31 16:43:42'),
(131,	'林曉瑩',	'0919103475',	NULL,	NULL,	'左營區安吉街218號8樓',	'',	'3',	'2022-07-31 16:44:54',	'2022-07-31 16:44:54'),
(132,	'陳小姐',	'0978495497',	NULL,	NULL,	'小港區孔宅一路',	'',	'3',	'2022-07-31 16:52:44',	'2022-07-31 16:52:44'),
(133,	'曾晴瑜',	'0979157051',	NULL,	NULL,	'苓雅區興中一路345號',	'',	'3',	'2022-07-31 16:54:08',	'2022-07-31 16:54:08'),
(134,	'蘇鈺雯',	'0918286977',	NULL,	NULL,	'前鎮區桂林街120巷35號',	'',	'3',	'2022-07-31 16:56:52',	'2022-07-31 16:57:22'),
(135,	'王宥恩',	'0985107197',	NULL,	NULL,	'三民區十全三路2號22樓-10',	'',	'3',	'2022-07-31 16:59:13',	'2022-07-31 16:59:13'),
(136,	'楊冬美',	'0958511036',	NULL,	NULL,	'鼓山區美術北五街31號23樓',	'',	'3',	'2022-07-31 17:17:32',	'2022-07-31 17:17:32'),
(137,	'湯思誼',	'0986825582',	NULL,	NULL,	'仁武區京吉五路375號10樓-2',	'',	'3',	'2022-08-01 14:25:24',	'2022-08-01 14:25:24'),
(138,	'劉沛琳',	'0909342689',	NULL,	NULL,	'苓雅區福德一路253號',	'',	'3',	'2022-08-01 14:26:45',	'2022-08-01 14:26:45'),
(139,	'黃信華',	'0929018918',	NULL,	NULL,	NULL,	'',	'1',	'2022-08-01 16:40:04',	'2022-08-01 16:40:04'),
(140,	'廖先生',	'078211928',	NULL,	NULL,	'小港區平和路新市巷5號',	'',	'3',	'2022-08-03 11:17:30',	'2022-08-03 11:17:30'),
(141,	'吳先生',	'0926820781',	NULL,	NULL,	NULL,	'',	'3',	'2022-08-03 11:19:55',	'2022-08-03 11:19:55'),
(142,	'蔡小姐',	'0980700273',	NULL,	NULL,	'仁武區安樂一街9巷',	'',	'3',	'2022-08-03 11:21:34',	'2022-08-03 11:21:34'),
(143,	'謝雅萍',	'0939334687',	NULL,	NULL,	'小港區德仁路77巷92弄7號',	'',	'3',	'2022-08-03 17:43:12',	'2022-08-03 17:43:12'),
(144,	'黃小姐',	'0908317550',	NULL,	NULL,	NULL,	'',	'3',	'2022-08-03 17:45:10',	'2022-08-03 17:45:10'),
(145,	'王佳玲',	'0905501100',	NULL,	NULL,	'新興區尚文街20巷5弄19號',	'',	'3',	'2022-08-05 09:47:02',	'2022-08-05 09:47:02'),
(146,	'王詩怡',	'09976373138',	NULL,	NULL,	'林園區溪州一路376巷14弄16號',	'',	'3',	'2022-08-05 09:50:31',	'2022-08-05 09:50:31'),
(147,	'謝秀娟',	'0900145671',	NULL,	NULL,	NULL,	'',	'3',	'2022-08-05 20:00:48',	'2022-08-05 20:00:48'),
(148,	'張先生',	'0937387586',	NULL,	NULL,	'前鎮區崗山南街497巷7-1號',	'',	'3',	'2022-08-08 10:22:52',	'2022-08-08 10:22:52'),
(149,	'葉家妤',	'0909880689',	NULL,	NULL,	'小港區金府路103號',	'',	'3',	'2022-08-08 10:24:08',	'2022-08-08 10:24:08'),
(150,	'馮勝卉',	'0916883318',	NULL,	NULL,	'大寮區德明路12巷4號10樓',	'',	'3',	'2022-08-08 10:28:32',	'2022-08-08 10:28:32'),
(151,	'陳貞安',	'0921538573',	NULL,	NULL,	'左營區孟子路363號8樓',	'',	'3',	'2022-08-08 10:30:34',	'2022-08-08 10:30:34'),
(152,	'王慈文',	'0956699965',	NULL,	NULL,	'前鎮區天后街29號10樓-2',	'',	'3',	'2022-08-08 10:31:51',	'2022-08-08 10:55:16'),
(153,	'阿倫美髮',	'0927920373',	NULL,	NULL,	'楠梓區朝明路146號',	'',	'3',	'2022-08-09 10:50:10',	'2022-08-09 10:50:10'),
(154,	'郭敏華',	'0971159378',	NULL,	NULL,	NULL,	'',	'3',	'2022-08-09 10:51:28',	'2022-08-09 10:51:28'),
(155,	'林芳芯',	'0926755878',	NULL,	NULL,	'楠梓區藍昌路307號4樓4B',	'',	'3',	'2022-08-09 12:11:28',	'2022-08-09 12:11:28'),
(156,	'浪寶貝寵物美容',	'0975771787',	NULL,	NULL,	'旗山區東新街58號',	'',	'3',	'2022-08-10 18:00:58',	'2022-08-10 18:00:58'),
(157,	'許培翔',	'0909169685',	NULL,	NULL,	'前鎮區崗山南街302-4號',	'',	'3',	'2022-08-10 18:02:18',	'2022-08-10 18:02:18'),
(158,	'蘇小姐',	'0908999083',	NULL,	NULL,	'鳥松區松埔北巷9-40號10樓',	'',	'3',	'2022-08-10 18:04:02',	'2022-08-10 18:04:02'),
(159,	'黃X慈',	'0989271396',	NULL,	NULL,	NULL,	'',	'3',	'2022-08-10 18:05:13',	'2022-08-10 18:05:13'),
(160,	'呂世萍',	'0912279433',	NULL,	NULL,	'前鎮區一心一路402-1號4樓',	'',	'3',	'2022-08-11 10:52:02',	'2022-08-11 10:52:02'),
(161,	'葉玲霞',	'0958865930',	NULL,	NULL,	'阿蓮區復安里再興路48號',	'',	'3',	'2022-08-12 14:26:29',	'2022-08-12 14:26:29'),
(162,	'曾潔雲',	'0980326038',	NULL,	NULL,	'高雄市苓雅區武義街50號',	'',	'3',	'2022-08-14 11:38:15',	'2022-08-14 11:38:15'),
(163,	'黃秀燕',	'0920622392',	NULL,	NULL,	'小港區平和十路2-1號',	'',	'3',	'2022-08-14 21:38:34',	'2022-08-14 21:38:34'),
(164,	'陳怡潔',	'0938150212',	NULL,	NULL,	'三民區昌裕街95號3樓',	'',	'3',	'2022-08-14 21:42:54',	'2022-08-14 21:42:54'),
(165,	'黃映菱',	'0983166178',	NULL,	NULL,	'左營區和光街182巷20號',	'',	'3',	'2022-08-14 21:45:05',	'2022-08-14 21:45:05'),
(166,	'謝小姐',	'0973682921',	NULL,	NULL,	'苓雅區興中一路222號9樓',	'',	'3',	'2022-08-15 12:36:15',	'2022-08-15 12:36:15'),
(167,	'于善泳',	'0986688251',	NULL,	NULL,	'楠梓區加昌路602號11樓之2',	'',	'3',	'2022-08-15 12:39:00',	'2022-08-15 12:39:00'),
(168,	'林愉忻',	'0929510151',	NULL,	NULL,	'三民區建工路433巷10號',	'',	'3',	'2022-08-16 12:13:59',	'2022-08-16 12:13:59'),
(169,	'沈小姐',	'0939881623',	NULL,	NULL,	'鳳山區中崙路2-6號',	'',	'3',	'2022-08-16 17:03:46',	'2022-08-16 17:03:46'),
(170,	'王銥辰',	'0916102667',	NULL,	NULL,	'鳳山區凱旋路332巷5-2號',	'',	'3',	'2022-08-16 17:05:03',	'2022-08-16 17:05:03'),
(171,	'辜昱婷',	'0956134056',	NULL,	NULL,	'大寮區內厝路285號9樓',	'',	'3',	'2022-08-17 10:18:17',	'2022-08-17 10:18:17'),
(172,	'楊垂樺',	'0932764099',	NULL,	NULL,	'小港區宏平路336號11樓',	'',	'3',	'2022-08-19 11:48:53',	'2022-08-19 11:48:53'),
(173,	'簡煜倫',	'0975477480',	NULL,	NULL,	'屏東縣琉球鄉大福村和平路1巷18號',	'',	'3',	'2022-08-19 11:51:51',	'2022-08-19 11:51:51'),
(174,	'呂千幸',	'0908736569',	NULL,	NULL,	'三民區延吉街87巷34號',	'',	'4',	'2022-08-20 11:16:05',	'2022-08-20 11:16:05'),
(175,	'謝小姐',	'0915900128',	NULL,	NULL,	'屏東市公成路365號',	'',	'4',	'2022-08-20 11:18:04',	'2022-08-20 11:18:04'),
(176,	'朱羽勝',	'0968021980',	NULL,	NULL,	'阿蓮區信義路154號',	'',	'3',	'2022-08-20 11:20:07',	'2022-08-20 11:20:07'),
(177,	'江美慧',	'0989804926',	NULL,	NULL,	'鳳山區中山東路60-6號4樓之2',	'',	'3',	'2022-08-20 11:21:28',	'2022-08-20 11:21:28'),
(178,	'蔡喻仲',	'0970177558',	NULL,	NULL,	'新興區五福2路82號23樓之1',	'',	'4',	'2022-08-20 18:24:32',	'2022-08-20 18:24:32'),
(179,	'李秋穆',	'0912983973',	NULL,	NULL,	'鼓山區吳鳳路86號',	'',	'4',	'2022-08-20 18:25:19',	'2022-08-20 18:43:24'),
(180,	'洪儷玲',	'0976637253',	NULL,	NULL,	'林園區忠孝東路135巷11號',	'',	'4',	'2022-08-20 18:26:16',	'2022-08-20 18:26:16'),
(181,	'薛人豪',	'0987137878',	NULL,	NULL,	'屏東市內埔鄉龍泉村中勝路239之8號',	'',	'4',	'2022-08-20 18:27:33',	'2022-08-20 18:27:33'),
(182,	'李宛庭',	'0989786927',	NULL,	NULL,	'小港區永順街224號5樓',	'',	'6',	'2022-08-21 18:13:45',	'2022-08-21 18:13:45'),
(183,	'李志鵬',	'0925955967',	NULL,	NULL,	'高雄市鼓山區美術北三路23號',	'',	'1',	'2022-08-22 17:06:27',	'2022-08-22 17:06:27'),
(184,	'邱玉萍',	'0937172566',	NULL,	NULL,	'小港區康莊路52號',	'',	'3',	'2022-08-22 17:25:03',	'2022-08-22 17:25:03'),
(185,	'張良',	'0932863198',	NULL,	NULL,	'林園區溪州二路57巷1號',	'',	'3',	'2022-08-22 17:26:20',	'2022-08-22 17:26:20'),
(186,	'潘怡璇',	'0980542443',	NULL,	NULL,	'三民區復興一路163號',	'',	'4',	'2022-08-22 17:31:33',	'2022-08-22 17:31:33'),
(187,	'張羽馨',	'0928420225',	NULL,	NULL,	'嘉義市永吉四街31號3樓-5',	'',	'3',	'2022-08-23 20:29:31',	'2022-09-05 20:52:02'),
(188,	'陳彥希',	'0936406325',	NULL,	NULL,	'小港區廈莊一街113號10樓之2',	'',	'3',	'2022-08-24 19:29:38',	'2022-08-24 19:29:38'),
(189,	'謝玟君',	'0989352557',	NULL,	NULL,	'小港區山明路599號12樓',	'',	'3',	'2022-08-24 19:31:50',	'2022-08-24 19:31:50'),
(190,	'楊鈞豪',	'0970668795',	NULL,	NULL,	'前鎮區崗山北街327號9樓',	'',	'6',	'2022-08-24 19:34:13',	'2022-08-24 19:34:13'),
(191,	'許小姐',	'0981210234',	NULL,	NULL,	'前鎮區英德街886號',	'',	'6',	'2022-08-24 19:40:16',	'2022-08-24 19:40:16'),
(192,	'矯井霖',	'0935202020',	NULL,	NULL,	'三民區正忠路53巷4號11樓之2',	'',	'3',	'2022-08-24 19:43:08',	'2022-08-24 19:43:08'),
(193,	'鍾文川',	'0920561589',	NULL,	NULL,	NULL,	'',	'3',	'2022-08-24 19:44:29',	'2022-08-24 19:44:29'),
(194,	'林彥汝',	'0985819654',	NULL,	NULL,	'林園區林園北路365巷11弄5號',	'',	'6',	'2022-08-24 19:47:04',	'2022-08-24 19:47:04'),
(195,	'李京耘',	'0986058086',	NULL,	NULL,	'苓雅區林西街41號5樓',	'',	'3',	'2022-08-26 09:56:00',	'2022-08-26 09:56:00'),
(196,	'黃家和',	'0937692962',	NULL,	NULL,	'前鎮區凱旋四路981號',	'',	'3',	'2022-08-26 09:58:50',	'2022-08-26 09:58:50'),
(197,	'陳皓瑜',	'0953262525',	NULL,	NULL,	'鼓山區九如四路553號14樓',	'',	'3',	'2022-08-27 12:08:13',	'2022-08-27 12:08:13'),
(198,	'吳晏X',	'0925621302',	NULL,	NULL,	'小港區店中路84-4號9樓',	'',	'6',	'2022-08-28 18:39:36',	'2022-08-28 18:39:36'),
(199,	'陳苡婷陳睿語',	'0989705016',	NULL,	NULL,	'屏東縣內埔鄉美和村四維路15巷9號',	'',	'3',	'2022-08-28 18:43:33',	'2022-08-28 18:43:33'),
(200,	'蘇以琳',	'0910769663',	NULL,	NULL,	'台中市西屯區國安一路229號7樓之5',	'',	'3',	'2022-08-28 18:45:54',	'2022-08-28 18:45:54'),
(201,	'黃若綝',	'0915896633',	NULL,	NULL,	'新興區復興一路57號4樓之3',	'',	'3',	'2022-08-28 18:48:16',	'2022-08-28 18:48:16'),
(202,	'黃麗英',	'0963520838',	NULL,	NULL,	'高雄市楠梓區藍昌路349巷6-1號',	'',	'1',	'2022-08-30 12:19:19',	'2022-08-30 12:19:19'),
(203,	'曾丁財',	'0970752529',	NULL,	NULL,	'梓官區大舍東路聖公巷35-7號',	'',	'3',	'2022-08-30 19:35:44',	'2022-08-30 19:35:44'),
(204,	'張家勳',	'0909489857',	NULL,	NULL,	'大寮區潮寮里潮龍路36號',	'',	'3',	'2022-08-30 19:38:02',	'2022-08-30 19:38:02'),
(205,	'蘇奕丞',	'0926622228',	NULL,	NULL,	'新興區七賢二路25號8樓之1',	'',	'3',	'2022-08-30 19:39:32',	'2022-08-30 19:39:32'),
(206,	'蘇郁涵',	'0976112039',	NULL,	NULL,	'前鎮區修文街89號',	'',	'3',	'2022-08-30 19:41:34',	'2022-08-30 19:41:34'),
(207,	'羅詠琳',	'0911738582',	NULL,	NULL,	'美濃區龍山里文化街6巷3號',	'',	'3',	'2022-08-30 19:43:32',	'2022-08-30 19:43:32'),
(208,	'楊小姐',	'0906009886',	NULL,	NULL,	'三民區建工路414號',	'',	'3',	'2022-08-31 00:17:11',	'2022-08-31 00:17:11'),
(209,	'林朋憲',	'0968197977',	NULL,	NULL,	'苓雅區中興二路138號15樓之13',	'',	'3',	'2022-08-31 00:18:48',	'2022-08-31 00:18:48'),
(210,	'蕭玉螢',	'0929229517',	NULL,	NULL,	'屏東縣長治鄉中興路1號',	'',	'3',	'2022-08-31 20:45:37',	'2022-08-31 20:45:37'),
(211,	'旺吉印刷',	'076625927',	NULL,	NULL,	'旗山區',	'',	'6',	'2022-09-02 12:38:36',	'2022-09-02 12:38:36'),
(212,	'陳慧娜',	'0938940267',	NULL,	NULL,	'鳳山區南福街36巷20號',	'',	'3',	'2022-09-02 12:43:06',	'2022-09-02 12:43:06'),
(213,	'石湘凌',	'0983072356',	NULL,	NULL,	'小港區漢民路710巷33-1號7樓',	'',	'3',	'2022-09-02 15:31:10',	'2022-09-02 15:31:10'),
(214,	'孫于芯',	'0926114255',	NULL,	NULL,	NULL,	'',	'3',	'2022-09-04 10:40:52',	'2022-09-04 10:40:52'),
(215,	'曾榮輝',	'0916677837',	NULL,	NULL,	'前鎮區崗山北街327號9樓',	'',	'3',	'2022-09-04 10:48:48',	'2022-09-04 10:48:48'),
(216,	'林玉茹',	'0979363322',	NULL,	NULL,	'小港區大鵬路76巷40號',	'',	'3',	'2022-09-04 10:52:49',	'2022-09-04 10:52:49'),
(217,	'曹先生',	'0916789620',	NULL,	NULL,	NULL,	'',	'3',	'2022-09-04 10:55:06',	'2022-09-04 10:55:06'),
(218,	'陳靜儀',	'0900292362',	'高雄市',	'旗山區',	'旗山區旗南二路132-3號',	'',	'3',	'2022-09-04 10:57:52',	'2022-09-09 10:40:45'),
(219,	'謝忠憑',	'0927053991',	NULL,	NULL,	NULL,	'',	'3',	'2022-09-04 19:42:58',	'2022-09-04 19:42:58'),
(220,	'詹如微',	'0987956738',	NULL,	NULL,	'林園區仁愛路15巷14號',	'',	'3',	'2022-09-04 19:44:30',	'2022-09-04 19:44:30'),
(221,	'李萬吉',	'0986587775',	NULL,	NULL,	'楠梓區立安路101號',	'',	'3',	'2022-09-04 19:46:02',	'2022-09-04 19:46:02'),
(222,	'郭財邑',	'0915798786',	NULL,	NULL,	'楠梓區大學二街42巷12號',	'',	'3',	'2022-09-05 17:52:11',	'2022-09-05 17:52:11'),
(223,	'湯柏堅',	'0910609786',	NULL,	NULL,	NULL,	'',	'3',	'2022-09-05 17:53:36',	'2022-09-05 17:53:36'),
(224,	'王小姐',	'0986982431',	NULL,	NULL,	'前金區南台橫路105號',	'',	'3',	'2022-09-05 17:54:37',	'2022-09-05 17:54:37'),
(225,	'陳亮晰',	'0987212859',	NULL,	NULL,	'三民區正興路53巷8號15樓之1',	'',	'3',	'2022-09-05 17:58:44',	'2022-09-05 17:58:44'),
(226,	'林育亭',	'0916596080',	NULL,	NULL,	'大寮區新厝路53號11樓',	'',	'3',	'2022-09-05 18:00:08',	'2022-09-05 18:00:08'),
(227,	'鄭小姐',	'0939776762',	NULL,	NULL,	'小港區松光街146-1號',	'',	'3',	'2022-09-05 18:01:58',	'2022-09-05 18:01:58'),
(228,	'王秀娟',	'0986643906',	'高雄市',	'苓雅區',	'尚勇路21號4樓',	'',	'3',	'2022-09-07 15:55:50',	'2022-09-08 01:11:35'),
(229,	'嚴芳瑜',	'0929815143',	'高雄市',	'鳳山區',	'真君路2巷21號',	'',	'3',	'2022-09-07 15:57:32',	'2022-09-08 01:11:15'),
(230,	'黃意婷',	'0983223271',	'高雄市',	'楠梓區',	'右昌街143巷17號',	'',	'3',	'2022-09-07 15:59:16',	'2022-09-08 01:10:23'),
(231,	'柯孟君',	'0918383337',	'高雄市',	'大寮區',	'六合路4巷20號',	'',	'3',	'2022-09-09 17:22:28',	'2022-09-09 17:22:28'),
(232,	'黃冠綸',	'0918143501',	'高雄市',	'三民區',	'覺民路288巷36號9樓之2',	'',	'3',	'2022-09-09 17:24:25',	'2022-09-09 17:24:25'),
(233,	'黃建程',	'0965444174',	'高雄市',	'左營區',	'後昌路643巷20弄9號5樓',	'',	'3',	'2022-09-09 17:25:49',	'2022-09-09 17:25:49'),
(234,	'楊亦慧',	'0989761862',	'高雄市',	'前鎮區',	'瑞和街150號',	'',	'3',	'2022-09-09 17:27:50',	'2022-09-09 17:27:50'),
(236,	'吳青穗',	'0937568805',	'高雄市',	'苓雅區',	'中正二路141號9樓之4',	'',	'3',	'2022-09-09 17:31:26',	'2022-09-15 18:17:12'),
(237,	'蔣傅孝',	'0939855813',	'高雄市',	'小港區',	'松河路40號',	'',	'3',	'2022-09-09 17:37:33',	'2022-09-09 17:37:33'),
(238,	'善心人士',	'0926335349',	'高雄市',	'大寮區',	'赤崁保安宮',	'',	'3',	'2022-09-09 17:40:04',	'2022-09-09 17:40:04'),
(239,	'洪文誠',	'0909890903',	'高雄市',	'前鎮區',	'明鳳二十街20號',	'',	'3',	'2022-09-10 14:42:47',	'2022-09-10 14:42:47'),
(240,	'林育民',	'0910785576',	'高雄市',	'小港區',	'學府路168巷47弄7號',	'',	'3',	'2022-09-11 21:21:30',	'2022-09-11 21:21:30'),
(241,	'洪先生',	'0980296901',	'高雄市',	'岡山區',	'為隨路6號',	'',	'3',	'2022-09-11 21:22:45',	'2022-09-11 21:22:45'),
(242,	'蘇連三',	'0937528187',	'高雄市',	'林園區',	'西溪路1-13號',	'',	'3',	'2022-09-11 21:24:10',	'2022-09-11 21:24:10'),
(243,	'翁麗蓉',	'0927203232',	'高雄市',	'小港區',	'永義街92巷2弄2-1號2樓之2',	'',	'3',	'2022-09-11 21:26:21',	'2022-09-11 21:26:21'),
(244,	'陳小姐',	'0903735068',	'高雄市',	'鹽埕區',	'新樂街229-1號',	'',	'3',	'2022-09-11 21:27:51',	'2022-09-11 21:27:51'),
(245,	'謝惠芹',	'0925230525',	'高雄市',	'鳳山區',	'凱旋路341巷11號',	'',	'3',	'2022-09-11 21:29:13',	'2022-09-11 21:29:13'),
(246,	'許博森',	'0915056758',	'高雄市',	'前鎮區',	'鎮昌六巷32號',	'',	'3',	'2022-09-11 21:30:56',	'2022-09-11 21:30:56'),
(247,	'洪小姐',	'0929191318',	'高雄市',	'三民區',	'覺民路236巷26號',	'',	'3',	'2022-09-14 21:41:15',	'2022-09-14 21:41:15'),
(248,	'李宜臻',	'0979099938',	'高雄市',	'鳳山區',	'文清街27號8樓',	'',	'3',	'2022-09-14 21:45:19',	'2022-09-14 21:48:09'),
(249,	'賴宏丞',	'0989628007',	'高雄市',	'鳳山區',	'光復路一段60號',	'',	'3',	'2022-09-14 21:48:52',	'2022-09-14 21:48:52'),
(250,	'陳美玲',	'0912001663',	'高雄市',	'鼓山區',	'青海路78號11樓之2',	'',	'3',	'2022-09-14 21:52:19',	'2022-09-14 21:52:19'),
(251,	'吳心慈',	'0989144567',	'高雄市',	'林園區',	'西溪路133-49號',	'',	'3',	'2022-09-15 18:26:22',	'2022-09-15 18:26:22'),
(252,	'俞佳慧',	'0976557301',	'高雄市',	'前金區',	'大同二路54之20號',	'',	'3',	'2022-09-15 18:28:09',	'2022-09-15 18:28:09'),
(253,	'楊X蓁',	'0917892863',	'高雄市',	'左營區',	'文府路201巷6號',	'',	'3',	'2022-09-15 18:32:24',	'2022-09-15 18:32:24'),
(254,	'蘇志銘蘇怡臻',	'0906181484',	'高雄市',	'前鎮區',	'瑞祥街4巷15號4樓',	'',	'3',	'2022-09-16 10:35:22',	'2022-09-16 10:35:22'),
(255,	'陳維鈞',	'0986369231',	'高雄市',	'小港區',	'漢民路535號4樓',	'1',	'3',	'2022-09-17 14:48:11',	'2022-09-22 00:51:11'),
(256,	'潘葰章',	'0928743170',	'高雄市',	'橋頭區',	'義山宮',	'',	'3',	'2022-09-17 19:35:08',	'2022-09-17 19:35:08'),
(257,	'李小姐',	'0985633155',	'高雄市',	'前鎮區',	'保泰路69號4樓',	'',	'3',	'2022-09-17 19:36:40',	'2022-09-17 19:36:40'),
(258,	'楊一誠',	'0939583957',	'高雄市',	'鼓山區',	'逢甲路194號5樓之1',	'',	'6',	'2022-09-18 19:59:28',	'2022-09-18 19:59:28'),
(259,	'許原豪',	'0900277335',	'屏東縣',	'新園鄉',	'五房路692號',	'',	'3',	'2022-09-18 20:01:08',	'2022-09-18 20:01:08'),
(260,	'許仁勇',	'0972278537',	'高雄市',	'三民區',	'延吉街1巷40之4號',	'',	'3',	'2022-09-18 20:03:36',	'2022-09-18 20:03:36'),
(261,	'吳柔醇',	'0936278931',	'高雄市',	'苓雅區',	'武慶三路86號',	'',	'3',	'2022-09-19 22:51:46',	'2022-09-19 22:51:46'),
(262,	'劉芳吟',	'0981422252',	'高雄市',	'鳳山區',	'五甲二路149巷35號',	'',	'3',	'2022-09-20 13:51:58',	'2022-09-20 13:51:58'),
(263,	'李先生',	'0910238965',	'高雄市',	'梓官區',	'港五街9號',	'',	'3',	'2022-09-21 16:15:49',	'2022-09-21 16:15:49'),
(264,	'邱樺靖',	'0918009784',	'高雄市',	'小港區',	'鳳林路97巷8-5號',	'',	'3',	'2022-09-21 16:17:54',	'2022-09-21 16:17:54'),
(265,	'蔡祐櫻',	'0987117788',	'高雄市',	'大寮區',	'林厝路57巷22號',	'',	'3',	'2022-09-21 16:19:15',	'2022-09-21 16:19:15'),
(266,	'楊慧文',	'0911159583',	'高雄市',	'鼓山區',	'裕誠路1558巷2號',	'',	'3',	'2022-09-21 16:20:54',	'2022-09-21 16:20:54'),
(267,	'邊富蓉',	'0981748286',	'屏東縣',	'潮州鎮',	'力行巷105-6號',	'',	'3',	'2022-09-21 16:22:48',	'2022-09-21 16:22:48'),
(268,	'蘇郁珊',	'0966557466',	'高雄市',	'林園區',	'東林東路',	'',	'3',	'2022-09-21 16:24:10',	'2022-09-21 16:24:10'),
(269,	'蔡依岑',	'0975914819',	'高雄市',	'楠梓區',	'德信街105巷',	'1',	'3',	'2022-09-21 23:34:06',	'2022-09-21 23:34:06'),
(270,	'倪景佑',	'0977292550',	'高雄市',	'苓雅區',	'永定街171號',	'1',	'3',	'2022-09-21 23:35:42',	'2022-09-21 23:35:42'),
(271,	'王博謙',	'0920614219',	'高雄市',	'前鎮區',	'台鋁14巷10-3號',	'1',	'1',	'2022-09-22 14:36:57',	'2022-09-22 14:36:57'),
(272,	'陳秋蘭',	'0982092516',	'高雄市',	'小港區',	'高坪11路236號',	'1',	'3',	'2022-09-23 15:37:12',	'2022-09-23 15:37:12'),
(273,	'魏芷婷',	'0909540107',	'高雄市',	'三民區',	'哈爾濱街113巷6號',	'1',	'3',	'2022-09-23 15:38:49',	'2022-09-23 15:38:49'),
(274,	'廖尤莉',	'0936239957',	'高雄市',	'三民區',	'淵源街3號16樓',	'1',	'3',	'2022-09-23 15:42:20',	'2022-09-23 15:42:20'),
(275,	'黃紓筠',	'0932767250',	'高雄市',	'鳳山區',	'光復路235號',	'1',	'3',	'2022-09-25 12:32:38',	'2022-09-25 12:32:38'),
(276,	'邱尚璇',	'0936090539',	'新竹市',	'北區',	'成功路65巷16號4樓',	'1',	'3',	'2022-09-25 12:35:37',	'2022-09-25 12:35:37'),
(277,	'梁小姐',	'0929153527',	'高雄市',	'林園區',	'林內路2巷5-9號',	'1',	'3',	'2022-09-25 12:37:15',	'2022-09-25 12:37:15'),
(278,	'許育嘉',	'0928325956',	'高雄市',	'左營區',	'立大路377巷6弄22號',	'1',	'3',	'2022-09-25 12:39:51',	'2022-09-25 12:39:51'),
(279,	'江米惠',	'0921037590',	'高雄市',	'旗山區',	'興中路18號',	'1',	'3',	'2022-09-25 12:43:58',	'2022-09-25 12:43:58'),
(280,	'伍婉君',	'0936881224',	'高雄市',	'前金區',	'大同二路54-27號',	'1',	'6',	'2022-09-25 12:47:51',	'2022-09-25 12:47:51'),
(281,	'賴欣龍',	'0989578005',	'屏東縣',	'佳冬鄉',	'石光村中山路182號',	'1',	'3',	'2022-09-28 11:39:35',	'2022-09-28 11:39:35'),
(282,	'陳俞璇',	'0913579057',	'高雄市',	'前金區',	'七賢二路358號8樓之5',	'1',	'3',	'2022-09-28 11:42:28',	'2022-09-28 11:42:28'),
(283,	'徐小棉',	'0930893409',	'高雄市',	'仁武區',	'大春街254號',	'1',	'3',	'2022-09-28 11:45:47',	'2022-09-28 11:45:47'),
(284,	'蕭伊恩',	'0917629219',	'高雄市',	'小港區',	'康莊路87巷6號',	'1',	'3',	'2022-09-28 11:47:00',	'2022-09-28 11:47:00'),
(285,	'劉小姐',	'0971117657',	'高雄市',	'大樹區',	'西埔路2巷36號',	'1',	'3',	'2022-09-28 11:49:48',	'2022-09-28 11:49:48'),
(286,	'劉亮君',	'0983517763',	'高雄市',	'左營區',	'重清路155巷9號',	'1',	'3',	'2022-09-28 11:52:22',	'2022-09-28 11:52:22'),
(287,	'李先生',	'0968859535',	'高雄市',	'前鎮區',	'保泰路283巷5號1樓',	'1',	'3',	'2022-09-28 11:59:30',	'2022-09-28 11:59:30'),
(288,	'劉台揚',	'093856880',	'高雄市',	'鼓山區',	'美術南二路323號5樓',	'1',	'3',	'2022-09-28 12:01:08',	'2022-09-28 12:01:08'),
(289,	'張瑩瑾',	'0927227136',	'高雄市',	'苓雅區',	'福安路470號7樓',	'1',	'3',	'2022-09-28 12:07:30',	'2022-09-28 12:07:49'),
(290,	'王先生',	'0931985179',	'高雄市',	'鼓山區',	'龍德路41巷21號',	'1',	'3',	'2022-09-28 12:09:36',	'2022-09-28 12:09:36'),
(291,	'李冠毅',	'0925067109',	'高雄市',	'苓雅區',	'興中一路62號',	'1',	'3',	'2022-10-01 18:19:28',	'2022-10-09 15:33:18'),
(292,	'張正芳',	'0983591026',	'高雄市',	'三民區',	'延吉街87巷34號',	'1',	'3',	'2022-10-01 18:21:17',	'2022-10-01 18:21:17'),
(293,	'曾吉銘',	'0910727335',	'高雄市',	'小港區',	'大鵬路119號',	'1',	'3',	'2022-10-01 18:23:15',	'2022-10-01 18:23:15'),
(294,	'曾小姐',	'0981865900',	'高雄市',	'鼓山區',	'龍德路41巷21號',	'1',	'3',	'2022-10-01 18:26:37',	'2022-10-01 18:26:37'),
(295,	'洪元倡',	'0908819317',	'高雄市',	'鳳山區',	'新泰街342號10樓',	'1',	'3',	'2022-10-01 18:30:04',	'2022-10-01 18:30:04'),
(296,	'施宜孜',	'0970266992',	'高雄市',	'前鎮區',	'忠誠路385號3樓',	'1',	'3',	'2022-10-01 18:32:10',	'2022-10-01 18:32:10'),
(297,	'張福榮',	'0986869662',	'高雄市',	'小港區',	'永義街4-4號',	'1',	'3',	'2022-10-01 18:33:31',	'2022-10-01 18:33:31'),
(298,	'王文昱',	'0989619605',	'高雄市',	'鳳山區',	'光復路一段120巷26-3號',	'1',	'3',	'2022-10-01 18:35:30',	'2022-10-01 18:35:30'),
(299,	'簡清隆',	'0913961360',	'高雄市',	'大寮區',	'健康街30號',	'1',	'3',	'2022-10-02 21:06:31',	'2022-10-02 21:06:31'),
(300,	'楊家蓁',	'0933900682',	'高雄市',	'前鎮區',	'中華五路947巷7號12樓-1',	'1',	'3',	'2022-10-02 21:08:53',	'2022-10-02 21:08:53'),
(301,	'李智君',	'0933897390',	'高雄市',	'三民區',	'灣興街42號',	'1',	'3',	'2022-10-02 21:10:31',	'2022-10-02 21:10:31'),
(302,	'王英哲',	'072234280',	'高雄市',	'新興區',	'信守街92號',	'1',	'3',	'2022-10-02 21:12:54',	'2022-10-02 21:12:54'),
(303,	'林和民',	'0988719245',	'高雄市',	'前鎮區',	'忠誠路259號',	'1',	'3',	'2022-10-02 21:14:17',	'2022-10-02 21:14:17'),
(304,	'陳郁媛',	'0988125694',	'高雄市',	'左營區',	'進學路32巷6號',	'1',	'3',	'2022-10-02 21:16:50',	'2022-10-02 21:16:50'),
(305,	'許毓芬',	'0920400422',	'高雄市',	'苓雅區',	'三多三路216號5樓之4',	'1',	'3',	'2022-10-02 21:20:37',	'2022-10-02 21:20:37'),
(306,	'趙嘉薇',	'0976363609',	'高雄市',	'三民區',	'大享路46號5樓之2',	'1',	'3',	'2022-10-02 21:23:54',	'2022-10-02 21:23:54'),
(307,	'劉聚美',	'0973099130',	'高雄市',	'前鎮區',	'中民街68號',	'1',	'3',	'2022-10-09 15:31:54',	'2022-10-09 15:31:54'),
(308,	'陳宜萱',	'0982987634',	'高雄市',	'苓雅區',	'英義街109巷1-4號',	'1',	'3',	'2022-10-09 15:41:33',	'2022-10-09 15:41:33'),
(309,	'曾國勝',	'0908118279',	'高雄市',	'楠梓區',	'中泰街76巷12號',	'1',	'3',	'2022-10-09 15:43:04',	'2022-10-09 15:43:04'),
(310,	'王文彥',	'0911735886',	'高雄市',	'苓雅區',	'英祥街40號6樓之1',	'1',	'3',	'2022-10-09 15:50:54',	'2022-10-09 15:50:54'),
(311,	'鍾佩姿',	'0921862095',	'高雄市',	'林園區',	'文賢南路113號10樓',	'1',	'3',	'2022-10-09 15:53:18',	'2022-10-09 15:53:18'),
(312,	'陳先生',	'0932724145',	'高雄市',	'苓雅區',	'明德街42-1號',	'1',	'3',	'2022-10-09 15:55:07',	'2022-10-09 15:55:07'),
(313,	'楊勝仲',	'0982533600',	'高雄市',	'三民區',	'中山一路325巷2號6樓之6',	'1',	'3',	'2022-10-09 15:56:47',	'2022-10-09 15:56:47'),
(314,	'劉妘妘',	'0987090905',	'高雄市',	'小港區',	'青山街123巷28號14樓',	'1',	'3',	'2022-10-09 15:59:09',	'2022-10-09 15:59:09'),
(315,	'陳聖文',	'0989271035',	'高雄市',	'前鎮區',	'二聖二路307號18樓',	'1',	'3',	'2022-10-09 16:01:32',	'2022-10-09 16:01:32'),
(316,	'高婭玲',	'0987280080',	'高雄市',	'鳥松區',	'仁美里學堂路109巷6號',	'1',	'3',	'2022-10-09 16:04:01',	'2022-10-09 16:04:01'),
(317,	'王小姐',	'0909177051',	NULL,	NULL,	NULL,	'1',	'3',	'2022-10-09 16:08:37',	'2022-10-09 16:08:37'),
(318,	'王文吉',	'0',	'屏東縣',	'九如鄉',	'三多路89巷26號',	'1',	'3',	'2022-10-09 16:10:02',	'2022-10-09 16:10:02'),
(319,	'龍俞忻',	'0903355663',	NULL,	NULL,	NULL,	'1',	'3',	'2022-10-09 16:12:11',	'2022-10-09 16:12:11'),
(320,	'范小姐',	'0976000167',	NULL,	NULL,	NULL,	'1',	'3',	'2022-10-09 16:13:34',	'2022-10-09 16:13:34'),
(321,	'蘇唯賓',	'0972719765',	'高雄市',	'鳳山區',	'文武街163號',	'1',	'3',	'2022-10-09 16:15:47',	'2022-10-09 16:15:47'),
(322,	'陳昭宇',	'0952084809',	'高雄市',	'鳳山區',	'新富路71-4號',	'1',	'3',	'2022-10-09 16:18:07',	'2022-10-09 16:18:07'),
(323,	'許小姐',	'0989988923',	'高雄市',	'大寮區',	'光華路386巷75-1號',	'1',	'3',	'2022-10-10 20:34:41',	'2022-10-10 20:34:41'),
(324,	'張麗芬',	'096314125',	'高雄市',	'旗津區',	'上竹巷20號',	'1',	'3',	'2022-10-10 20:36:45',	'2022-10-10 20:36:45'),
(325,	'重仁骨科醫院',	'0',	'高雄市',	'前金區',	'中華三路247號',	'1',	'3',	'2022-10-10 20:39:16',	'2022-10-10 20:39:16'),
(326,	'韓東東',	'0938231552',	'屏東縣',	'屏東市',	'武昌街15號13樓之3',	'1',	'3',	'2022-10-10 20:44:26',	'2022-10-10 20:44:26'),
(327,	'蔡先生',	'0919229951',	'高雄市',	'左營區',	'文萊路46號',	'1',	'3',	'2022-10-10 20:52:20',	'2022-10-10 20:52:20'),
(328,	'吳翊銓',	'0986303992',	NULL,	NULL,	NULL,	'1',	'3',	'2022-10-10 20:55:33',	'2022-10-10 20:55:33'),
(329,	'陳瑜貞',	'0970951671',	'屏東縣',	'琉球鄉',	'三民路36號',	'1',	'3',	'2022-10-11 19:50:46',	'2022-10-11 19:50:46'),
(330,	'莊淑珠',	'0926026192',	'高雄市',	'鳳山區',	'福誠二街147號14樓',	'1',	'3',	'2022-10-13 21:50:00',	'2022-10-13 21:50:00'),
(331,	'林員夙',	'0918559010',	'高雄市',	'苓雅區',	'大順三路281巷31號',	'1',	'3',	'2022-10-13 21:53:30',	'2022-10-13 21:53:30'),
(332,	'吳俊融',	'0921249289',	'高雄市',	'彌陀區',	'和光路20號',	'1',	'3',	'2022-10-13 21:55:05',	'2022-10-13 21:55:05'),
(333,	'方寶兒',	'0931282665',	NULL,	NULL,	NULL,	'1',	'3',	'2022-10-13 21:57:19',	'2022-10-13 21:57:19'),
(334,	'洋希國際',	'079763601',	'高雄市',	'大寮區',	'江山路96-6號',	'1',	'3',	'2022-10-14 18:09:09',	'2022-10-14 18:09:09'),
(335,	'黃文瑄',	'0961332575',	'高雄市',	'鼓山區',	'美術東二路52號11樓',	'1',	'3',	'2022-10-15 17:11:10',	'2022-10-15 17:11:10'),
(336,	'周廷如',	'0974396635',	'高雄市',	'鳳山區',	'鳳松路37巷4號',	'1',	'3',	'2022-10-15 17:15:55',	'2022-10-15 17:15:55'),
(337,	'楊韻瑋',	'0971302032',	'高雄市',	'苓雅區',	'中華四路238巷7號1樓',	'1',	'3',	'2022-10-15 17:18:39',	'2022-10-15 17:18:39'),
(338,	'潘小姐',	'0980468629',	'高雄市',	'鳳山區',	'過勇路368巷1號',	'1',	'3',	'2022-10-15 17:21:15',	'2022-10-15 17:21:15'),
(339,	'李伊婷',	'0989331352',	'高雄市',	'鳳山區',	'漁南街69-2號',	'1',	'3',	'2022-10-15 17:22:56',	'2022-10-15 17:22:56'),
(340,	'黃泰智',	'0980204707',	'高雄市',	'前鎮區',	'天山路70巷6號',	'1',	'3',	'2022-10-15 17:27:05',	'2022-10-15 17:27:05'),
(341,	'劉育甄',	'0983056013',	'高雄市',	'前鎮區',	'凱旋四路424巷8號',	'1',	'3',	'2022-10-15 17:37:08',	'2022-10-15 17:37:08'),
(342,	'楊巧齡',	'0931145030',	'高雄市',	'旗津區',	'中洲三路209-9號',	'1',	'3',	'2022-10-15 17:39:35',	'2022-10-15 17:39:35'),
(343,	'周禹澄',	'09081527687',	'高雄市',	'鳳山區',	'杭州西街147號5樓',	'1',	'3',	'2022-10-15 17:42:57',	'2022-10-15 17:42:57'),
(344,	'蔡欣昇',	'0927825823',	'高雄市',	'前鎮區',	'前鎮街88-1號11樓',	'1',	'3',	'2022-10-17 10:55:06',	'2022-10-17 10:55:19'),
(345,	'陳浩至',	'0970681712',	'屏東縣',	'佳冬鄉',	'忠和街46巷12號',	'1',	'3',	'2022-10-17 10:57:21',	'2022-10-17 10:57:21'),
(346,	'郭訓豪',	'0986171235',	'高雄市',	'旗津區',	'敦和街2巷138弄4號',	'1',	'3',	'2022-10-18 11:03:56',	'2022-10-18 11:03:56'),
(347,	'陳玲玲',	'0908712887',	'高雄市',	'新興區',	'林森一路15巷21-1號2樓',	'1',	'3',	'2022-10-18 11:05:19',	'2022-10-18 11:05:19'),
(348,	'蔡亞彤',	'0978711489',	'高雄市',	'鳳山區',	'林森路373巷17號',	'1',	'3',	'2022-10-19 10:15:50',	'2022-10-19 10:15:50'),
(349,	'陳裕鴻',	'0916577766',	'高雄市',	'小港區',	'高坪二十三路151巷19號',	'1',	'3',	'2022-10-19 10:17:28',	'2022-10-19 10:17:28'),
(350,	'邱雅芬',	'0910791582',	'高雄市',	'小港區',	'廈莊五街90號1樓',	'1',	'3',	'2022-10-19 10:19:04',	'2022-10-19 10:19:44'),
(351,	'李宗達',	'0925195898',	'高雄市',	'前鎮區',	'二聖一巷12號',	'1',	'3',	'2022-10-20 12:01:08',	'2022-10-20 12:01:08'),
(352,	'陳品昌',	'0912715868',	'高雄市',	'鳳山區',	'武慶二路56巷19號',	'1',	'3',	'2022-10-20 12:02:59',	'2022-10-20 12:02:59'),
(353,	'魏德明',	'0920241029',	'高雄市',	'左營區',	'重信路372巷8號',	'1',	'3',	'2022-10-20 12:05:47',	'2022-10-20 12:05:47'),
(354,	'王淑英',	'0958253397',	'高雄市',	'橋頭區',	'莊敬路2號',	'1',	'3',	'2022-10-20 12:07:06',	'2022-10-20 12:07:06'),
(355,	'曾靜慧',	'0963334641',	'高雄市',	'前鎮區',	'籬仔內路13號14樓',	'1',	'3',	'2022-10-21 20:21:04',	'2022-10-21 20:21:04'),
(356,	'施凱倫',	'0970800366',	'高雄市',	'岡山區',	'勵志二路52號12樓之2',	'1',	'3',	'2022-10-21 20:26:37',	'2022-10-21 20:26:37'),
(357,	'薛宇廷',	'0929546137',	'高雄市',	'鳥松區',	'球場路',	'1',	'3',	'2022-10-23 11:27:41',	'2022-10-23 11:27:41'),
(358,	'楊杏芳',	'0979237267',	'高雄市',	'鹽埕區',	'新樂街67號7樓之3',	'1',	'3',	'2022-10-23 11:29:01',	'2022-10-23 11:29:01'),
(359,	'陳詩晴沈子正',	'0975410515',	'高雄市',	'前鎮區',	'和平三路254號4樓之6',	'1',	'3',	'2022-10-23 11:31:12',	'2022-10-23 11:31:12'),
(360,	'施妃娟',	'0908853922',	'高雄市',	'新興區',	'新興路67號',	'1',	'3',	'2022-10-23 11:32:48',	'2022-10-23 11:32:48'),
(361,	'楊宗彥',	'0911491030',	'高雄市',	'苓雅區',	NULL,	'1',	'3',	'2022-10-23 17:30:26',	'2022-10-23 17:30:26'),
(362,	'許雅嵐',	'0939472000',	'高雄市',	'小港區',	'高坪三十九街132號',	'1',	'3',	'2022-10-23 17:33:05',	'2022-10-23 17:33:05'),
(363,	'朱月珍',	'0936054415',	'屏東縣',	'新園鄉',	'臥龍路1巷9弄10號',	'1',	'3',	'2022-10-23 17:37:49',	'2022-10-23 17:37:49'),
(364,	'林小姐',	'0989951606',	'高雄市',	'彌陀區',	'光和路160號',	'1',	'3',	'2022-10-25 22:06:34',	'2022-10-25 22:06:34'),
(365,	'蔡佳祥',	'0966892533',	'屏東縣',	'東港鎮',	'興東里中正路一段339巷49弄21號',	'1',	'3',	'2022-10-25 22:08:44',	'2022-10-25 22:08:44'),
(366,	'蔡先生',	'0952294852',	'高雄市',	'六龜區',	'大津路38-8號',	'1',	'3',	'2022-10-25 22:47:22',	'2022-10-25 22:47:22'),
(367,	'唐億寶',	'0916988524',	'高雄市',	'苓雅區',	'凱旋二路77巷21-2號',	'1',	'3',	'2022-10-25 22:49:48',	'2022-10-25 22:49:48'),
(368,	'余俊良',	'0985130031',	'高雄市',	'橋頭區',	'樹德路36號6樓之1',	'1',	'3',	'2022-10-25 22:51:59',	'2022-10-25 22:51:59'),
(369,	'林小姐',	'0986018743',	'高雄市',	'苓雅區',	'四維四路170-3號3樓',	'1',	'3',	'2022-10-25 22:54:12',	'2022-10-25 22:54:12'),
(370,	'吳先生',	'097804640',	'高雄市',	'前金區',	'長生街15-1號',	'1',	'3',	'2022-10-25 22:56:05',	'2022-10-25 22:56:05'),
(371,	'徐迎春',	'0929150112',	'高雄市',	'林園區',	'工業二路500號',	'1',	'3',	'2022-10-25 22:57:37',	'2022-10-25 22:57:37'),
(372,	'陳潔婷',	'0952250093',	'臺東縣',	'大武鄉',	'民族街2巷49號',	'1',	'3',	'2022-10-25 23:00:54',	'2022-10-25 23:00:54'),
(373,	'盧俐廷',	'0989695928',	'高雄市',	'苓雅區',	'四維三路168號',	'1',	'3',	'2022-10-27 13:03:05',	'2022-10-27 13:03:05'),
(374,	'汪宣',	'0972012200',	'高雄市',	'三民區',	'河堤路490-1號6樓',	'1',	'3',	'2022-10-27 13:04:09',	'2022-10-27 13:04:09'),
(375,	'鄭小姐',	'0926697361',	'高雄市',	'小港區',	'大地街10-9號',	'1',	'3',	'2022-10-27 13:05:11',	'2022-10-27 13:05:11'),
(376,	'陳玫蓁',	'0939393725',	'高雄市',	'小港區',	'沿海一路\'247號6樓',	'1',	'3',	'2022-10-27 13:06:17',	'2022-10-27 13:06:17'),
(377,	'鄭小姐',	'0932786287',	'高雄市',	'小港區',	'高鳳路24-3號',	'1',	'3',	'2022-10-27 16:31:57',	'2022-10-27 16:31:57'),
(378,	'黃瑋竣',	'0912640412',	'高雄市',	'前鎮區',	'武營路41巷31號2樓',	'1',	'3',	'2022-10-27 16:34:19',	'2022-10-27 16:34:19'),
(379,	'陳筱軒',	'0975805973',	'高雄市',	'苓雅區',	'輔仁路102巷15號2樓',	'1',	'3',	'2022-10-29 20:31:45',	'2022-10-29 20:31:45'),
(380,	'楊羢茵',	'0935059983',	'高雄市',	'前鎮區',	'管仲南路352號11樓之2',	'1',	'3',	'2022-10-29 20:37:06',	'2022-10-29 20:37:06'),
(381,	'林芷嫻',	'0988341584',	'高雄市',	'苓雅區',	'苓雅一路338號',	'1',	'3',	'2022-10-29 20:39:23',	'2022-10-29 20:39:23'),
(382,	'陳小姐',	'0918087898',	'高雄市',	'大寮區',	'鳳林一路82巷297號',	'1',	'3',	'2022-10-30 17:10:58',	'2022-10-30 17:10:58'),
(383,	'宋忠安',	'0980779672',	'高雄市',	'苓雅區',	'光華三路189號4樓之2',	'1',	'3',	'2022-10-30 17:13:08',	'2022-10-30 17:13:08'),
(384,	'陳書得',	'07-3644543',	'高雄市',	'楠梓區',	'右昌街411號',	'1',	'3',	'2022-11-02 13:14:11',	'2022-11-02 13:14:11'),
(385,	'蘇秀蓓',	'0970737308',	'高雄市',	'前鎮區',	'昆明街43號',	'1',	'3',	'2022-11-02 13:15:45',	'2022-11-02 13:15:45'),
(386,	'陳宜巧',	'0905057923',	'高雄市',	'小港區',	'飛機路371-1號',	'1',	'3',	'2022-11-02 13:17:42',	'2022-11-02 13:17:42'),
(387,	'陳孟欣',	'0986500058',	'雲林縣',	'斗六市',	'成功路384巷17號',	'1',	'3',	'2022-11-02 13:19:21',	'2022-11-02 13:19:21'),
(388,	'陳雅婷',	'0927886909',	'高雄市',	'左營區',	'榮華街21號',	'1',	'3',	'2022-11-02 13:22:20',	'2022-11-02 13:22:20'),
(389,	'薛子建',	'0960912971',	'高雄市',	'小港區',	'福祿街63-1號',	'1',	'3',	'2022-11-02 13:26:36',	'2022-11-02 13:26:36'),
(390,	'楊承哲',	'0916107156',	'高雄市',	'前鎮區',	'福祥街56巷5號5樓',	'1',	'3',	'2022-11-04 14:10:01',	'2022-11-06 17:56:22'),
(391,	'未知',	'0918482036',	'高雄市',	'內門區',	'7-11好鄰居門市',	'1',	'3',	'2022-11-04 14:11:21',	'2022-11-04 14:11:21'),
(392,	'曹心橋',	'0981950289',	'高雄市',	'前鎮區',	'崗山中街97巷47號',	'1',	'3',	'2022-11-04 14:13:33',	'2022-11-04 14:13:33'),
(393,	'林小姐',	'0988241997',	'高雄市',	'前鎮區',	'0',	'1',	'3',	'2022-11-04 14:16:59',	'2022-11-04 14:16:59'),
(394,	'黃稔雅',	'0922893377',	'高雄市',	'前鎮區',	'衡陽街19-3號4樓',	'1',	'3',	'2022-11-04 14:20:35',	'2022-11-06 18:04:12'),
(395,	'盧薇安',	'0915013858',	'高雄市',	'仁武區',	'赤東五街38號',	'1',	'3',	'2022-11-04 14:21:49',	'2022-11-04 14:21:49'),
(396,	'劉寶助',	'077402012',	'高雄市',	'鳳山區',	'國泰路二段70號',	'1',	'3',	'2022-11-04 14:23:22',	'2022-11-04 14:23:22'),
(397,	'高慧芬',	'0973377390',	'高雄市',	'苓雅區',	'自強三路80巷18號5樓',	'1',	'3',	'2022-11-06 17:45:18',	'2022-11-06 17:45:18'),
(398,	'陳薏茹',	'0989661553',	'高雄市',	'旗津區',	'中洲三路106號',	'1',	'3',	'2022-11-06 17:47:38',	'2022-11-06 17:47:38'),
(399,	'郭維瑄',	'0913201569',	'高雄市',	'鳳山區',	'新樂街211巷56號',	'1',	'3',	'2022-11-06 17:49:21',	'2022-11-06 17:49:21'),
(400,	'林宗翰',	'0932870141',	'高雄市',	'小港區',	'宏平路340號11樓',	'1',	'3',	'2022-11-06 17:54:40',	'2022-11-06 17:54:40'),
(401,	'陳柏蓁',	'0905162862',	'高雄市',	'楠梓區',	'後昌路89號',	'1',	'3',	'2022-11-06 18:08:34',	'2022-11-06 18:08:34'),
(402,	'曾宜雯',	'0979835545',	'高雄市',	'大寮區',	'進學路38號',	'1',	'3',	'2022-11-06 18:10:49',	'2022-11-06 18:10:49'),
(403,	'黃美菁',	'0911743110',	'高雄市',	'苓雅區',	'福德三路195-1號',	'1',	'3',	'2022-11-06 18:13:13',	'2022-11-06 18:13:13'),
(404,	'顏菀葶孫煒翔',	'0921577369',	'高雄市',	'鳳山區',	'鳳東六街71巷6號',	'1',	'3',	'2022-11-06 18:16:29',	'2022-11-06 18:17:09'),
(405,	'葉金晶',	'0912133417',	'屏東縣',	'內埔鄉',	'民生路52號',	'1',	'3',	'2022-11-06 18:18:13',	'2022-11-06 18:18:13'),
(406,	'許先生',	'078062556',	'高雄市',	'小港區',	'江山街42號',	'1',	'3',	'2022-11-06 18:22:47',	'2022-11-06 18:22:47'),
(407,	'胡譽瀚',	'0921260297',	'高雄市',	'鼓山區',	'明誠四路280號17樓',	'1',	'3',	'2022-11-06 18:24:07',	'2022-11-06 18:24:07'),
(408,	'陳綵蓁',	'0980602884',	'高雄市',	'楠梓區',	'翠屏路59號14樓',	'1',	'3',	'2022-11-08 20:08:23',	'2022-11-08 20:08:23'),
(409,	'蔡慧琪',	'0927170998',	'高雄市',	'旗津區',	'北汕巷75-1號',	'1',	'3',	'2022-11-08 20:19:18',	'2022-11-08 20:19:18'),
(410,	'趙素美',	'0930782399',	'高雄市',	'鳳山區',	'海洋二路47號',	'1',	'3',	'2022-11-08 20:20:30',	'2022-11-08 20:20:30'),
(411,	'方妞妞',	'0907847172',	'高雄市',	'旗津區',	'南汕里38-4號',	'1',	'3',	'2022-11-08 20:22:05',	'2022-11-08 20:22:05'),
(412,	'林保琴',	'0935479342',	'高雄市',	'鳳山區',	'南正一路30號3樓',	'1',	'3',	'2022-11-08 20:23:21',	'2022-11-08 20:23:21'),
(413,	'蘇姵綺',	'0988239778',	NULL,	NULL,	NULL,	'1',	'1',	'2022-12-04 22:13:23',	'2022-12-04 22:13:23'),
(414,	'楊昇明',	'0927715229',	NULL,	NULL,	NULL,	'1',	'1',	'2022-12-04 22:13:49',	'2022-12-04 22:13:49'),
(415,	'陳朵葳',	'0985350706',	'高雄市',	'三民區',	'台安街22號7樓',	'1',	'1',	'2022-12-07 23:24:02',	'2022-12-07 23:24:02'),
(416,	'王小姐',	'娃娃',	NULL,	NULL,	NULL,	'1',	'1',	'2022-12-07 23:25:08',	'2022-12-07 23:25:08'),
(417,	'許玉珍',	'0935462802',	NULL,	NULL,	NULL,	'1',	'1',	'2022-12-07 23:28:21',	'2022-12-07 23:28:21'),
(418,	'楊凱堯',	'0926361511',	NULL,	NULL,	NULL,	'1',	'1',	'2022-12-07 23:29:53',	'2022-12-07 23:29:53'),
(419,	'周雅文',	'0972240027',	NULL,	NULL,	NULL,	'1',	'1',	'2022-12-07 23:32:30',	'2022-12-07 23:32:30'),
(420,	'高美慧',	'0905288856',	NULL,	NULL,	NULL,	'2',	'1',	'2022-12-07 23:35:39',	'2022-12-07 23:35:39'),
(421,	'陳光祥',	'0939722611',	'高雄市',	'美濃區',	'吉洋里吉安街69之5號',	'1',	'9',	'2022-12-10 17:19:45',	'2022-12-10 17:19:45'),
(422,	'阮先生',	'0960359736',	NULL,	NULL,	NULL,	'1',	'9',	'2022-12-10 17:43:28',	'2022-12-10 17:43:28'),
(423,	'許文龍',	'0908337900',	NULL,	NULL,	NULL,	'1',	'1',	'2022-12-10 17:49:31',	'2022-12-10 17:49:31'),
(424,	'劉進偉',	'0953579056',	'高雄市',	'前鎮區',	'鎮昌街42號',	'1',	'1',	'2022-12-11 01:05:27',	'2022-12-11 01:05:27'),
(425,	'羅佩芬',	'0902260666',	'高雄市',	'三民區',	'民族一路543巷16號14樓',	'1',	'9',	'2022-12-12 16:06:59',	'2022-12-12 16:06:59'),
(426,	'蔡福珍',	'0937631898',	'高雄市',	'小港區',	'龍門街171號',	'1',	'9',	'2022-12-12 16:13:02',	'2022-12-12 16:13:02'),
(427,	'林晉丞',	'0902152123',	'高雄市',	'前鎮區',	'隆興街59巷11號',	'1',	'9',	'2022-12-13 14:46:21',	'2022-12-13 14:46:21'),
(428,	'蔡政郁',	'0975601769',	'高雄市',	'鳳山區',	'瑞竹路155之7號6樓',	'1',	'9',	'2022-12-13 14:50:27',	'2022-12-13 14:50:27'),
(429,	'劉雅娟',	'0963317915',	'高雄市',	'鳳山區',	'瑞竹里鎮東路二巷24之1號',	'1',	'9',	'2022-12-13 14:53:43',	'2022-12-13 14:53:43'),
(430,	'郭雯瑜',	'0973452334',	'高雄市',	'前鎮區',	'一心一路190巷33號',	'1',	'9',	'2022-12-15 14:44:30',	'2022-12-15 14:44:30'),
(431,	'連小姐',	'0953003963',	NULL,	NULL,	NULL,	'1',	'9',	'2022-12-15 15:02:01',	'2022-12-15 15:02:01'),
(432,	'許一正',	'0987677500',	'高雄市',	'小港區',	'中船一村8-7號',	'1',	'9',	'2022-12-17 10:49:40',	'2022-12-17 10:49:40'),
(433,	'曾敏青',	'0963320035',	NULL,	NULL,	NULL,	'1',	'1',	'2022-12-20 12:28:42',	'2022-12-20 12:28:42'),
(434,	'鍾馨誼',	'0963767017',	NULL,	NULL,	NULL,	'1',	'1',	'2022-12-20 12:29:48',	'2022-12-20 12:29:48'),
(435,	'葉宇恩',	'0903321239',	'高雄市',	'鳳山區',	'武慶二路56巷18號9F',	'1',	'1',	'2022-12-20 12:31:17',	'2022-12-20 12:31:17'),
(436,	'許哲睿',	'0987335553',	'高雄市',	'前鎮區',	'和運街30號',	'1',	'1',	'2022-12-20 12:32:30',	'2022-12-20 12:32:30'),
(437,	'林易良',	'0971430558',	'高雄市',	'大寮區',	'民族路376巷13號',	'1',	'1',	'2022-12-20 12:33:21',	'2022-12-20 12:33:21'),
(438,	'蔡良偉',	'0966875833',	'高雄市',	'鳳山區',	'鳳南路20號6樓',	'1',	'9',	'2022-12-20 13:37:06',	'2022-12-20 13:37:06'),
(439,	'梁燦慧',	'0916475588',	'高雄市',	'小港區',	'永和街117號',	'1',	'9',	'2022-12-20 13:39:43',	'2022-12-20 13:39:43'),
(440,	'朱冠銘',	'0987331239',	'高雄市',	'前鎮區',	'瑞東二街7號',	'1',	'9',	'2022-12-20 13:46:13',	'2022-12-20 13:46:13'),
(441,	'陳建良',	'0916148950',	'高雄市',	'三民區',	'漢口街351號',	'1',	'9',	'2022-12-21 18:03:05',	'2022-12-21 18:03:05'),
(442,	'劉俊杉',	'0938251373',	'高雄市',	'三民區',	'延吉街1巷15-1號',	'1',	'9',	'2022-12-21 18:06:36',	'2022-12-21 18:06:36'),
(443,	'溫竟皓',	'0986707636',	'高雄市',	'鳳山區',	'建國路一段52巷2弄80號',	'1',	'9',	'2022-12-22 16:30:20',	'2022-12-22 16:30:20'),
(444,	'蘇玟錚',	'0915490172',	'高雄市',	'前鎮區',	'瑞福路260號10F',	'1',	'9',	'2022-12-22 16:31:27',	'2022-12-22 16:31:27'),
(445,	'黃小姐',	'0956360092',	NULL,	NULL,	NULL,	'1',	'9',	'2022-12-22 16:31:50',	'2022-12-22 16:31:50'),
(446,	'蔡美蓉',	'0952790115',	NULL,	NULL,	NULL,	'1',	'1',	'2022-12-22 23:46:36',	'2022-12-22 23:46:36'),
(447,	'黃柏憲',	'0971075120',	'高雄市',	'左營區',	'崇德路253號',	'1',	'1',	'2022-12-23 21:41:00',	'2022-12-23 21:41:00'),
(448,	'黃昶然',	'0980121858',	'高雄市',	'前鎮區',	'瑞義街190號5樓',	'1',	'1',	'2022-12-23 21:42:08',	'2022-12-23 21:42:08'),
(449,	'陳苡綺',	'0987632801',	NULL,	NULL,	NULL,	'1',	'1',	'2022-12-24 16:41:06',	'2022-12-24 16:41:06'),
(450,	'李牧宸',	'0929050308',	NULL,	NULL,	NULL,	'1',	'1',	'2022-12-26 14:33:11',	'2022-12-26 14:33:11'),
(451,	'陳甯',	'0919188976',	NULL,	NULL,	NULL,	'1',	'1',	'2022-12-26 14:33:45',	'2022-12-26 14:33:45'),
(452,	'李小姐',	'0929050308',	NULL,	NULL,	NULL,	'1',	'1',	'2022-12-26 14:42:07',	'2022-12-26 14:42:07'),
(453,	'陳怡勳',	'0935350671',	'高雄市',	'楠梓區',	'三山街144號',	'1',	'9',	'2022-12-26 21:37:14',	'2022-12-26 21:37:14'),
(454,	'葉資涵',	'0971322899',	NULL,	NULL,	NULL,	'1',	'1',	'2022-12-27 16:51:30',	'2022-12-27 16:51:30'),
(455,	'葉俊美',	'0987253128',	NULL,	NULL,	NULL,	'2',	'9',	'2022-12-27 17:07:41',	'2022-12-27 17:07:41'),
(456,	'卓順誠',	'0937372509',	'高雄市',	'內門區',	'內埔140號',	'1',	'9',	'2022-12-28 14:50:49',	'2022-12-28 14:50:49'),
(457,	'張先生',	'0936562073',	'高雄市',	'小港區',	'華盛街50號',	'1',	'9',	'2022-12-28 20:02:27',	'2022-12-28 20:02:27'),
(458,	'林姿伶',	'0932766033',	'高雄市',	'前鎮區',	'中華五路1332巷7號5F',	'1',	'9',	'2022-12-28 20:05:25',	'2022-12-28 20:05:25'),
(459,	'莊雅晴',	'0976326425',	NULL,	NULL,	NULL,	'1',	'1',	'2022-12-29 20:20:17',	'2022-12-29 20:20:17'),
(460,	'陳兪婷',	'0953221356',	NULL,	NULL,	NULL,	'1',	'1',	'2022-12-30 02:11:53',	'2022-12-30 02:11:53'),
(461,	'陳家瑜',	'0960538881',	'高雄市',	'小港區',	'高坪78街165號',	'1',	'9',	'2022-12-30 19:07:08',	'2022-12-30 19:07:08');

DROP TABLE IF EXISTS `cust_group`;
CREATE TABLE `cust_group` (
  `id` int(11) NOT NULL AUTO_INCREMENT,
  `name` varchar(11) NOT NULL,
  `status` varchar(11) NOT NULL,
  `created_at` timestamp NULL DEFAULT NULL,
  `updated_at` timestamp NULL DEFAULT NULL,
  PRIMARY KEY (`id`)
) ENGINE=InnoDB DEFAULT CHARSET=utf8mb4;

INSERT INTO `cust_group` (`id`, `name`, `status`, `created_at`, `updated_at`) VALUES
(1,	'客戶',	'up',	'2022-09-21 14:36:07',	'2022-09-21 14:40:08'),
(2,	'醫院',	'up',	'2022-09-21 14:36:20',	'2022-09-21 23:05:41'),
(3,	'狗園',	'up',	'2022-09-21 14:40:16',	'2022-09-21 23:07:24');

DROP TABLE IF EXISTS `failed_jobs`;
CREATE TABLE `failed_jobs` (
  `id` bigint(20) unsigned NOT NULL AUTO_INCREMENT,
  `uuid` varchar(255) COLLATE utf8mb4_unicode_ci NOT NULL,
  `connection` text COLLATE utf8mb4_unicode_ci NOT NULL,
  `queue` text COLLATE utf8mb4_unicode_ci NOT NULL,
  `payload` longtext COLLATE utf8mb4_unicode_ci NOT NULL,
  `exception` longtext COLLATE utf8mb4_unicode_ci NOT NULL,
  `failed_at` timestamp NOT NULL DEFAULT current_timestamp(),
  PRIMARY KEY (`id`),
  UNIQUE KEY `failed_jobs_uuid_unique` (`uuid`)
) ENGINE=InnoDB DEFAULT CHARSET=utf8mb4 COLLATE=utf8mb4_unicode_ci;


DROP TABLE IF EXISTS `gdpaper`;
CREATE TABLE `gdpaper` (
  `id` bigint(20) unsigned NOT NULL AUTO_INCREMENT,
  `name` varchar(255) COLLATE utf8mb4_unicode_ci NOT NULL,
  `price` varchar(255) COLLATE utf8mb4_unicode_ci NOT NULL,
  `status` enum('up','down') COLLATE utf8mb4_unicode_ci NOT NULL DEFAULT 'up',
  `created_at` timestamp NULL DEFAULT NULL,
  `updated_at` timestamp NULL DEFAULT NULL,
  PRIMARY KEY (`id`)
) ENGINE=InnoDB DEFAULT CHARSET=utf8mb4 COLLATE=utf8mb4_unicode_ci;

INSERT INTO `gdpaper` (`id`, `name`, `price`, `status`, `created_at`, `updated_at`) VALUES
(1,	'歸位福箱',	'600',	'down',	'2022-05-13 01:42:55',	'2022-12-22 00:12:01'),
(2,	'資財袋',	'100',	'up',	'2022-05-13 01:44:31',	'2022-06-14 00:19:30'),
(3,	'紙紮貓肉泥包',	'200',	'up',	'2022-05-13 02:35:40',	'2022-06-14 00:19:40'),
(4,	'法寶衣鞋',	'200',	'up',	'2022-05-13 02:35:50',	'2022-06-14 00:18:30'),
(5,	'九品小蓮花',	'300',	'up',	'2022-05-13 02:36:17',	'2022-06-14 00:19:59'),
(6,	'財寶箱',	'600',	'up',	'2022-06-14 00:15:35',	'2022-06-14 00:15:35'),
(7,	'高登蓮花座',	'100',	'up',	'2022-06-14 00:16:04',	'2022-06-14 00:20:36'),
(8,	'犬貓食物組合包',	'600',	'up',	'2022-06-14 00:16:25',	'2022-06-14 00:16:25'),
(9,	'往生被',	'500',	'up',	'2022-06-14 00:21:50',	'2022-06-14 00:21:50'),
(10,	'地藏王普薩金',	'100',	'up',	'2022-06-15 17:57:33',	'2022-06-15 17:57:33'),
(11,	'九品蓮花塔',	'900',	'down',	'2022-08-03 15:16:19',	'2022-12-22 00:11:41'),
(12,	'九品蓮花塔一對',	'1600',	'down',	'2022-08-14 22:00:07',	'2022-12-22 00:11:26'),
(13,	'紙房子',	'1800',	'down',	'2022-10-09 15:49:34',	'2022-12-22 00:11:16');

DROP TABLE IF EXISTS `gdpaper_restock`;
CREATE TABLE `gdpaper_restock` (
  `id` bigint(20) unsigned NOT NULL AUTO_INCREMENT,
  `date` date NOT NULL COMMENT '進貨日期',
  `gdpaper_id` varchar(255) COLLATE utf8mb4_unicode_ci NOT NULL,
  `price` varchar(255) COLLATE utf8mb4_unicode_ci NOT NULL COMMENT '進貨價格',
  `num` varchar(255) COLLATE utf8mb4_unicode_ci NOT NULL COMMENT '進貨數量',
  `total` varchar(255) COLLATE utf8mb4_unicode_ci NOT NULL COMMENT '進貨總價',
  `status` int(11) NOT NULL DEFAULT 1,
  `created_at` timestamp NULL DEFAULT NULL,
  `updated_at` timestamp NULL DEFAULT NULL,
  PRIMARY KEY (`id`)
) ENGINE=InnoDB DEFAULT CHARSET=utf8mb4 COLLATE=utf8mb4_unicode_ci;

INSERT INTO `gdpaper_restock` (`id`, `date`, `gdpaper_id`, `price`, `num`, `total`, `status`, `created_at`, `updated_at`) VALUES
(1,	'2022-07-02',	'1',	'240',	'3',	'720',	1,	'2022-07-02 11:20:25',	'2022-07-02 11:20:25'),
(2,	'2022-07-02',	'2',	'10',	'74',	'740',	1,	'2022-07-02 11:21:04',	'2022-07-02 11:31:04'),
(3,	'2022-07-02',	'4',	'55',	'18',	'990',	1,	'2022-07-02 11:22:02',	'2022-07-02 11:31:31'),
(4,	'2022-07-02',	'5',	'65',	'15',	'975',	1,	'2022-07-02 11:22:36',	'2022-07-02 11:33:11'),
(5,	'2022-07-02',	'6',	'160',	'24',	'3840',	1,	'2022-07-02 11:23:13',	'2022-07-02 11:31:53'),
(6,	'2022-07-02',	'7',	'25',	'112',	'2800',	1,	'2022-07-02 11:23:40',	'2022-07-02 11:33:34'),
(7,	'2022-07-02',	'8',	'300',	'13',	'3900',	1,	'2022-07-02 11:23:59',	'2022-07-02 11:32:16'),
(8,	'2022-07-02',	'9',	'55',	'83',	'4565',	1,	'2022-07-02 11:24:15',	'2022-07-02 11:33:51'),
(9,	'2022-07-02',	'10',	'19',	'31',	'589',	1,	'2022-07-02 11:24:40',	'2022-07-02 11:32:55'),
(11,	'2022-07-15',	'10',	'19',	'40',	'760',	1,	'2022-07-15 17:34:14',	'2022-07-15 17:34:14'),
(12,	'2022-07-15',	'5',	'65',	'12',	'780',	1,	'2022-07-15 17:34:37',	'2022-07-15 17:34:37'),
(13,	'2022-07-15',	'6',	'160',	'18',	'2880',	1,	'2022-07-15 17:35:05',	'2022-07-15 17:35:05'),
(14,	'2022-07-16',	'8',	'285',	'10',	'2850',	1,	'2022-07-16 13:04:16',	'2022-07-16 13:04:43'),
(15,	'2022-07-28',	'2',	'10',	'100',	'1000',	1,	'2022-07-29 10:54:09',	'2022-07-29 10:54:09'),
(16,	'2022-07-29',	'11',	'160',	'10',	'1600',	1,	'2022-08-03 15:17:22',	'2022-08-03 15:17:22'),
(17,	'2022-08-25',	'6',	'160',	'9',	'1440',	1,	'2022-08-25 13:09:25',	'2022-08-25 13:09:25'),
(18,	'2022-08-25',	'4',	'55',	'20',	'1100',	1,	'2022-08-25 13:09:57',	'2022-08-25 13:09:57'),
(19,	'2022-08-25',	'10',	'19',	'40',	'760',	1,	'2022-08-25 13:10:12',	'2022-09-13 16:42:16'),
(20,	'2022-09-11',	'8',	'285',	'15',	'4275',	1,	'2022-09-10 14:41:25',	'2022-09-13 16:41:37'),
(21,	'2022-09-12',	'10',	'19',	'40',	'760',	1,	'2022-09-13 16:41:14',	'2022-09-13 16:42:24'),
(22,	'2022-09-12',	'5',	'65',	'12',	'780',	1,	'2022-09-13 16:42:50',	'2022-09-13 16:42:50'),
(23,	'2022-09-15',	'6',	'160',	'18',	'2880',	1,	'2022-09-15 18:11:33',	'2022-09-15 18:11:33'),
(24,	'2022-10-06',	'6',	'160',	'18',	'2880',	1,	'2022-10-10 21:24:24',	'2022-10-10 21:24:24'),
(25,	'2022-10-06',	'5',	'65',	'24',	'1560',	1,	'2022-10-10 21:24:43',	'2022-10-10 21:24:43'),
(26,	'2022-10-06',	'10',	'19',	'40',	'760',	1,	'2022-10-10 21:24:58',	'2022-10-10 21:24:58'),
(27,	'2022-10-25',	'6',	'160',	'18',	'2880',	1,	'2022-10-25 21:59:34',	'2022-10-25 21:59:34'),
(28,	'2022-10-25',	'5',	'66',	'12',	'792',	1,	'2022-10-25 22:00:14',	'2022-10-25 22:00:14'),
(29,	'2022-10-25',	'4',	'55',	'20',	'1100',	1,	'2022-10-25 22:00:44',	'2022-10-25 22:00:44'),
(30,	'2022-10-25',	'10',	'19',	'40',	'760',	1,	'2022-10-25 22:01:09',	'2022-10-25 22:01:09');

DROP TABLE IF EXISTS `income`;
CREATE TABLE `income` (
  `id` bigint(20) unsigned NOT NULL AUTO_INCREMENT,
  `name` varchar(255) COLLATE utf8mb4_unicode_ci NOT NULL,
  `status` enum('up','down') COLLATE utf8mb4_unicode_ci NOT NULL DEFAULT 'up',
  `created_at` timestamp NULL DEFAULT NULL,
  `updated_at` timestamp NULL DEFAULT NULL,
  PRIMARY KEY (`id`)
) ENGINE=InnoDB DEFAULT CHARSET=utf8mb4 COLLATE=utf8mb4_unicode_ci;

INSERT INTO `income` (`id`, `name`, `status`, `created_at`, `updated_at`) VALUES
(1,	'浪浪的後盾',	'up',	'2022-06-21 00:22:37',	'2022-06-21 00:22:37'),
(2,	'翡翠森林（台北）',	'up',	'2022-06-28 15:04:52',	'2022-06-28 15:04:52'),
(3,	'翡翠森林（台中）',	'up',	'2022-06-28 15:04:58',	'2022-06-28 15:04:58'),
(4,	'翡翠森林（台中）',	'down',	'2022-06-28 15:04:58',	'2022-06-28 15:05:08'),
(5,	'中元法會',	'up',	'2022-08-14 21:25:51',	'2022-08-14 21:25:51'),
(6,	'政府補助案',	'up',	'2022-10-10 21:05:17',	'2022-10-10 21:05:17'),
(7,	'其他收入',	'up',	'2022-12-20 12:40:54',	'2022-12-20 12:40:54');

DROP TABLE IF EXISTS `income_data`;
CREATE TABLE `income_data` (
  `id` bigint(20) unsigned NOT NULL AUTO_INCREMENT,
  `status` int(11) NOT NULL DEFAULT 1,
  `income_id` varchar(255) COLLATE utf8mb4_unicode_ci NOT NULL,
  `user_id` int(11) NOT NULL,
  `income_date` date NOT NULL,
  `price` varchar(255) COLLATE utf8mb4_unicode_ci NOT NULL,
  `comment` text COLLATE utf8mb4_unicode_ci DEFAULT NULL,
  `created_at` timestamp NULL DEFAULT NULL,
  `updated_at` timestamp NULL DEFAULT NULL,
  PRIMARY KEY (`id`)
) ENGINE=InnoDB DEFAULT CHARSET=utf8mb4 COLLATE=utf8mb4_unicode_ci;

INSERT INTO `income_data` (`id`, `status`, `income_id`, `user_id`, `income_date`, `price`, `comment`, `created_at`, `updated_at`) VALUES
(1,	1,	'1',	1,	'2022-06-16',	'15550',	'五月份火化月結費用第一筆(共兩筆)',	'2022-06-21 00:26:06',	'2022-06-21 00:29:11'),
(2,	1,	'1',	3,	'2022-06-20',	'15550',	'五月份火化月結費用第二筆(共兩筆)',	'2022-06-21 00:27:08',	'2022-06-21 00:27:08'),
(3,	1,	'3',	3,	'2022-07-15',	'1810',	'5/27皮皮 個別\r\n6/25浪貓 團體',	'2022-07-16 13:48:33',	'2022-07-16 13:48:33'),
(4,	1,	'1',	3,	'2022-07-15',	'21800',	'6月份月結費用',	'2022-07-16 13:49:32',	'2022-07-16 13:49:32'),
(5,	1,	'1',	3,	'2022-07-26',	'300',	'貓咪帶回冰存費',	'2022-07-26 18:51:26',	'2022-07-26 18:51:26'),
(6,	1,	'1',	3,	'2022-08-09',	'15300',	'7月份月結費用',	'2022-08-10 18:20:32',	'2022-08-10 18:20:32'),
(7,	1,	'6',	3,	'2022-10-05',	'100000',	'SBIR補助案撥款第一筆/共兩筆',	'2022-10-10 21:06:01',	'2022-10-10 21:06:01'),
(8,	1,	'7',	1,	'2022-12-19',	'3200',	'(基金會執行長)客人現場花樹葬+神明金1+蓮花座1',	'2022-12-20 12:41:50',	'2022-12-20 12:41:50'),
(9,	1,	'6',	1,	'2022-12-20',	'100000',	NULL,	'2022-12-20 16:45:00',	'2022-12-20 16:45:00'),
(10,	1,	'7',	1,	'2022-12-31',	'800',	'流浪不拿單據',	'2022-12-31 15:46:26',	'2022-12-31 15:46:26');

DROP TABLE IF EXISTS `migrations`;
CREATE TABLE `migrations` (
  `id` int(10) unsigned NOT NULL AUTO_INCREMENT,
  `migration` varchar(255) COLLATE utf8mb4_unicode_ci NOT NULL,
  `batch` int(11) NOT NULL,
  PRIMARY KEY (`id`)
) ENGINE=InnoDB DEFAULT CHARSET=utf8mb4 COLLATE=utf8mb4_unicode_ci;

INSERT INTO `migrations` (`id`, `migration`, `batch`) VALUES
(1,	'2014_10_12_000000_create_users_table',	1),
(2,	'2014_10_12_100000_create_password_resets_table',	1),
(3,	'2019_08_19_000000_create_failed_jobs_table',	1),
(4,	'2019_12_14_000001_create_personal_access_tokens_table',	1),
(5,	'2022_05_12_140520_create_customer_table',	1),
(6,	'2022_05_12_141720_create_sale_data_table',	1),
(7,	'2022_05_12_143208_create_sale_gdpaper_table',	1),
(8,	'2022_05_12_143334_create_sale_before_prom_table',	1),
(9,	'2022_05_12_143513_create_plan_table',	1),
(10,	'2022_05_12_143922_create_gdpaper_table',	1),
(11,	'2022_05_12_144651_create_gdpaper_restock_table',	1),
(12,	'2022_05_12_144844_create_after_prom_table',	1),
(13,	'2022_05_12_144939_create_before_prom_table',	1),
(14,	'2022_05_13_164524_create_sale_after_prom_table',	2),
(15,	'2022_06_02_073319_create_income_table',	3),
(16,	'2022_06_02_073418_create_income_data_table',	3),
(17,	'2022_03_09_113246_create_works_table',	4);

DROP TABLE IF EXISTS `password_resets`;
CREATE TABLE `password_resets` (
  `email` varchar(255) COLLATE utf8mb4_unicode_ci NOT NULL,
  `token` varchar(255) COLLATE utf8mb4_unicode_ci NOT NULL,
  `created_at` timestamp NULL DEFAULT NULL,
  KEY `password_resets_email_index` (`email`)
) ENGINE=InnoDB DEFAULT CHARSET=utf8mb4 COLLATE=utf8mb4_unicode_ci;


DROP TABLE IF EXISTS `pay`;
CREATE TABLE `pay` (
  `id` bigint(20) unsigned NOT NULL AUTO_INCREMENT,
  `name` varchar(255) COLLATE utf8mb4_unicode_ci NOT NULL,
  `status` enum('up','down') COLLATE utf8mb4_unicode_ci NOT NULL DEFAULT 'up',
  `created_at` timestamp NULL DEFAULT NULL,
  `updated_at` timestamp NULL DEFAULT NULL,
  PRIMARY KEY (`id`)
) ENGINE=InnoDB DEFAULT CHARSET=utf8mb4 COLLATE=utf8mb4_unicode_ci;

INSERT INTO `pay` (`id`, `name`, `status`, `created_at`, `updated_at`) VALUES
(1,	'薪資費用',	'up',	'2022-06-13 23:12:10',	'2022-06-15 17:43:46'),
(2,	'行銷費用',	'up',	'2022-06-15 17:43:53',	'2022-09-19 20:12:24'),
(3,	'租金費用',	'up',	'2022-06-15 17:43:59',	'2022-06-15 17:43:59'),
(4,	'車輛油資保養',	'up',	'2022-06-22 17:08:46',	'2022-06-22 17:08:46'),
(5,	'爐子油資保養',	'up',	'2022-06-22 17:08:53',	'2022-06-22 17:08:53'),
(6,	'零用金',	'up',	'2022-06-23 01:15:59',	'2022-06-23 01:15:59'),
(7,	'網路電信費',	'up',	'2022-06-23 01:16:19',	'2022-06-23 01:16:19'),
(8,	'電話費',	'up',	'2022-06-23 01:16:28',	'2022-06-23 01:16:28'),
(9,	'佣金費用',	'up',	'2022-06-23 01:17:16',	'2022-06-23 01:17:16'),
(10,	'補助申請',	'up',	'2022-06-23 01:17:25',	'2022-06-23 01:17:25'),
(11,	'盆葬費用',	'up',	'2022-06-23 01:17:38',	'2022-06-23 01:17:38'),
(12,	'勞健保費用',	'up',	'2022-06-23 01:17:54',	'2022-06-23 01:17:54'),
(13,	'商品存貨',	'up',	'2022-06-27 13:12:57',	'2022-06-27 13:12:57'),
(14,	'台電電費',	'up',	'2022-06-28 15:22:41',	'2022-06-28 15:22:41'),
(15,	'負債',	'up',	'2022-06-30 16:48:21',	'2022-06-30 16:48:21'),
(16,	'雜項費用',	'up',	'2022-07-01 15:41:19',	'2022-07-01 15:41:19'),
(17,	'會計費用',	'up',	'2022-09-13 16:39:13',	'2022-09-13 16:39:13'),
(18,	'廠商代做',	'up',	'2022-10-10 19:54:34',	'2022-10-10 19:54:34'),
(19,	'公關費',	'up',	'2022-12-26 21:55:55',	'2022-12-26 21:55:55'),
(20,	'銀行轉帳手續費',	'up',	'2022-12-26 22:03:47',	'2022-12-26 22:03:47');

DROP TABLE IF EXISTS `pay_data`;
CREATE TABLE `pay_data` (
  `id` bigint(20) unsigned NOT NULL AUTO_INCREMENT,
  `pay_id` varchar(255) COLLATE utf8mb4_unicode_ci NOT NULL,
  `user_id` int(11) NOT NULL,
  `pay_date` date NOT NULL,
  `price` varchar(255) COLLATE utf8mb4_unicode_ci NOT NULL,
  `comment` text COLLATE utf8mb4_unicode_ci DEFAULT NULL,
  `status` int(11) NOT NULL DEFAULT 1,
  `created_at` timestamp NULL DEFAULT NULL,
  `updated_at` timestamp NULL DEFAULT NULL,
  PRIMARY KEY (`id`)
) ENGINE=InnoDB DEFAULT CHARSET=utf8mb4 COLLATE=utf8mb4_unicode_ci;

INSERT INTO `pay_data` (`id`, `pay_id`, `user_id`, `pay_date`, `price`, `comment`, `status`, `created_at`, `updated_at`) VALUES
(3,	'1',	1,	'2022-06-10',	'56400',	'山5月薪資31200/湯5月薪資25200',	1,	'2022-06-22 17:03:28',	'2022-06-22 17:03:28'),
(4,	'9',	1,	'2022-06-01',	'3500',	'6/1退佣',	1,	'2022-06-23 01:33:37',	'2022-06-23 01:33:37'),
(5,	'9',	1,	'2022-06-05',	'600',	'6/5退佣',	1,	'2022-06-23 01:41:42',	'2022-06-23 01:41:42'),
(6,	'9',	1,	'2022-06-06',	'1000',	'6/6退佣',	1,	'2022-06-23 01:41:58',	'2022-06-23 01:41:58'),
(7,	'9',	1,	'2022-06-11',	'1000',	'6/6退佣',	1,	'2022-06-23 01:42:30',	'2022-06-23 01:42:30'),
(8,	'4',	1,	'2022-06-01',	'1000',	'AZY-1095油資',	1,	'2022-06-24 23:55:06',	'2022-06-24 23:55:06'),
(9,	'4',	1,	'2022-06-04',	'1000',	'AZY-1095油資',	1,	'2022-06-24 23:55:28',	'2022-06-24 23:55:28'),
(10,	'4',	1,	'2022-06-06',	'1000',	'AZY-1095油資',	1,	'2022-06-24 23:55:52',	'2022-06-24 23:55:52'),
(11,	'4',	1,	'2022-06-09',	'2088',	'AZY-1095保養',	1,	'2022-06-24 23:56:13',	'2022-06-24 23:56:13'),
(12,	'4',	1,	'2022-06-09',	'1000',	'AZY-1095油資',	1,	'2022-06-24 23:56:33',	'2022-06-24 23:56:33'),
(13,	'4',	1,	'2022-06-11',	'1000',	'AZY-1095油資',	1,	'2022-06-24 23:56:47',	'2022-06-24 23:56:47'),
(14,	'4',	1,	'2022-06-12',	'1000',	'AZY-1095油資',	1,	'2022-06-24 23:56:57',	'2022-06-24 23:56:57'),
(15,	'4',	1,	'2022-06-14',	'1000',	'AZY-1095油資',	1,	'2022-06-24 23:57:09',	'2022-06-24 23:57:09'),
(16,	'4',	1,	'2022-06-19',	'1000',	'AZY-1095油資',	1,	'2022-06-24 23:57:20',	'2022-06-24 23:57:20'),
(17,	'11',	1,	'2022-06-05',	'1080',	'凱蒂/莊涵雅,阿寶/林祖翌',	1,	'2022-06-24 23:58:11',	'2022-06-24 23:58:11'),
(18,	'11',	1,	'2022-06-08',	'400',	'肉圓/李佳真',	1,	'2022-06-24 23:58:27',	'2022-06-24 23:58:27'),
(19,	'11',	1,	'2022-06-19',	'680',	'豆豆/王姿穎 盆葬',	1,	'2022-06-24 23:58:43',	'2022-06-24 23:58:43'),
(20,	'11',	1,	'2022-06-21',	'1176',	'七里香*5/珍珠馬茶*3/茉莉花*3/扁柏*3/雪茄花*3',	1,	'2022-06-24 23:58:59',	'2022-06-24 23:58:59'),
(21,	'11',	1,	'2022-06-21',	'3653',	'盆栽/石子/培養土',	1,	'2022-06-24 23:59:11',	'2022-06-24 23:59:43'),
(22,	'12',	1,	'2022-06-20',	'8683',	'111年4月勞保保險費',	1,	'2022-06-25 00:00:29',	'2022-06-25 00:00:29'),
(23,	'12',	1,	'2022-06-20',	'3030',	'111年4月勞工退休金',	1,	'2022-06-25 00:00:42',	'2022-06-25 00:00:42'),
(24,	'12',	1,	'2022-06-20',	'5059',	'111年4月健保保險費',	1,	'2022-06-25 00:00:55',	'2022-06-25 00:00:55'),
(25,	'12',	1,	'2022-06-20',	'3429',	'111年2月健保保險費欠費',	1,	'2022-06-25 00:01:08',	'2022-06-25 00:01:08'),
(26,	'3',	1,	'2022-06-02',	'12000',	'苓雅辦公室6月租金+1個月押金',	1,	'2022-06-25 00:02:03',	'2022-06-25 00:02:03'),
(27,	'3',	1,	'2022-06-21',	'25000',	'小港園區6月租金',	1,	'2022-06-25 00:02:24',	'2022-06-25 00:02:24'),
(28,	'10',	1,	'2022-06-10',	'40000',	'委託補助案',	1,	'2022-06-25 00:02:43',	'2022-06-25 00:02:43'),
(29,	'6',	1,	'2022-06-03',	'10000',	'零用金申請',	1,	'2022-06-25 00:03:29',	'2022-06-25 00:03:29'),
(30,	'6',	1,	'2022-06-19',	'10000',	'零用金申請',	1,	'2022-06-25 00:03:41',	'2022-06-25 00:03:41'),
(31,	'8',	1,	'2022-06-02',	'905',	'0900102362/4-5月電話費',	1,	'2022-06-25 00:04:04',	'2022-06-25 00:04:04'),
(32,	'7',	1,	'2022-06-12',	'442',	'111/4/06-111/05/05電路月租費',	1,	'2022-06-25 00:04:23',	'2022-06-25 00:04:23'),
(33,	'2',	1,	'2022-06-17',	'31136',	'6月份廣告3萬+手續費450+6月主機費671+匯款手續15',	1,	'2022-06-25 00:04:45',	'2022-06-25 00:04:45'),
(34,	'5',	1,	'2022-06-01',	'1000',	'柴油*2',	1,	'2022-06-25 00:05:16',	'2022-06-25 00:05:16'),
(35,	'5',	1,	'2022-06-02',	'1000',	'柴油*2',	1,	'2022-06-25 00:05:30',	'2022-06-25 00:05:30'),
(36,	'5',	1,	'2022-06-04',	'1000',	'柴油*2',	1,	'2022-06-25 00:05:40',	'2022-06-25 00:05:40'),
(37,	'5',	1,	'2022-06-05',	'1010',	'柴油*2',	1,	'2022-06-25 00:06:08',	'2022-06-25 00:06:08'),
(38,	'5',	1,	'2022-06-07',	'1000',	'柴油*2',	1,	'2022-06-25 00:06:22',	'2022-06-25 00:06:22'),
(39,	'5',	1,	'2022-06-09',	'1000',	'柴油*2',	1,	'2022-06-25 00:06:37',	'2022-06-25 00:06:37'),
(40,	'5',	1,	'2022-06-14',	'2000',	'柴油*4',	1,	'2022-06-25 00:06:54',	'2022-06-25 00:06:54'),
(41,	'5',	1,	'2022-06-16',	'1000',	'柴油*2',	1,	'2022-06-25 00:07:06',	'2022-06-25 00:07:06'),
(42,	'4',	3,	'2022-06-22',	'1000',	'AZY-1095油資',	1,	'2022-06-25 13:48:36',	'2022-06-25 13:48:36'),
(43,	'5',	3,	'2022-06-22',	'1000',	'柴油*2',	1,	'2022-06-25 13:49:09',	'2022-06-25 13:49:09'),
(44,	'11',	3,	'2022-06-23',	'2820',	'草皮隔離版/白石頭*4/黑石頭*2/盆栽*4',	1,	'2022-06-25 13:50:37',	'2022-06-25 13:50:37'),
(45,	'5',	3,	'2022-06-23',	'1000',	'柴油*2',	1,	'2022-06-25 13:51:07',	'2022-06-25 13:51:07'),
(46,	'5',	3,	'2022-06-25',	'1000',	'柴油*2',	1,	'2022-06-25 13:51:26',	'2022-06-25 13:51:26'),
(47,	'11',	3,	'2022-06-20',	'500',	'山水盆栽',	1,	'2022-06-25 14:02:17',	'2022-06-25 14:02:17'),
(48,	'9',	3,	'2022-06-26',	'2000',	'6/26退傭\r\n(豪小子寵物)\r\n妹妹/陳姵雯 個別4000-',	1,	'2022-06-26 12:27:38',	'2022-06-26 12:27:38'),
(49,	'5',	3,	'2022-06-25',	'1000',	'柴油*2',	1,	'2022-06-26 12:28:11',	'2022-06-26 12:28:11'),
(50,	'4',	3,	'2022-06-26',	'1000',	'AZY-1095油資',	1,	'2022-06-26 17:21:51',	'2022-06-26 17:21:51'),
(51,	'13',	3,	'2022-06-27',	'2500',	'玉罐*1 (天堂玉石)',	1,	'2022-06-27 13:13:29',	'2022-06-27 13:13:29'),
(52,	'7',	3,	'2022-06-27',	'866',	'111/05/06-111/06/05電路月租費366\r\n電路接線設定費500',	1,	'2022-06-27 13:14:47',	'2022-06-27 13:14:47'),
(53,	'9',	3,	'2022-06-28',	'2000',	'6/28退佣 汪汪/翁順榮 （尚大）個4000-',	1,	'2022-06-27 22:01:18',	'2022-06-27 22:02:11'),
(54,	'4',	3,	'2022-06-27',	'7000',	'AZY-1095 E-tag費用儲值',	1,	'2022-06-28 15:23:36',	'2022-06-28 15:23:36'),
(55,	'14',	3,	'2022-06-28',	'1579',	'111/03/17-111/05/11 電費金額',	1,	'2022-06-28 15:24:39',	'2022-06-28 15:24:39'),
(56,	'13',	3,	'2022-06-28',	'100',	'腳腳/吳姵臻  IG壓克力板',	1,	'2022-06-28 15:25:34',	'2022-06-28 15:25:34'),
(57,	'6',	3,	'2022-06-29',	'10000',	'零用金申請',	1,	'2022-06-30 13:19:30',	'2022-06-30 13:19:30'),
(58,	'13',	3,	'2022-06-05',	'4256',	'造型骨灰罐*31 (掏寶)',	1,	'2022-06-30 13:20:17',	'2022-06-30 13:20:17'),
(59,	'13',	3,	'2022-06-07',	'5500',	'往生被*100',	1,	'2022-06-30 13:20:44',	'2022-06-30 13:20:44'),
(60,	'4',	3,	'2022-06-17',	'1000',	'AZY-1095油資',	1,	'2022-06-30 14:27:25',	'2022-06-30 14:27:25'),
(61,	'5',	3,	'2022-06-30',	'1000',	'柴油*2',	1,	'2022-06-30 14:36:19',	'2022-06-30 14:36:19'),
(62,	'15',	3,	'2022-06-30',	'40000',	'鐵皮負債 尚欠4萬',	1,	'2022-06-30 16:48:48',	'2022-06-30 16:48:48'),
(63,	'4',	3,	'2022-06-29',	'1000',	'AZY-1095油資',	1,	'2022-06-30 17:19:07',	'2022-06-30 17:19:07'),
(64,	'16',	3,	'2022-07-01',	'400',	'NO.664 冰存7天\r\n實際冰存3天 退費400\r\n麻糬/許先生',	1,	'2022-07-01 15:42:06',	'2022-07-01 15:42:06'),
(65,	'15',	3,	'2022-06-30',	'28800',	'白磚尾款(結清)',	1,	'2022-07-01 15:42:31',	'2022-07-01 15:42:31'),
(66,	'4',	3,	'2022-07-02',	'1000',	'3532-NT油資',	1,	'2022-07-02 18:46:42',	'2022-07-15 13:32:04'),
(67,	'2',	3,	'2022-07-02',	'10000',	'7月份廣告儲值',	1,	'2022-07-02 18:49:25',	'2022-07-24 12:49:37'),
(68,	'4',	3,	'2022-07-06',	'1020',	'AZY-1095油資',	1,	'2022-07-06 17:02:02',	'2022-07-06 17:02:02'),
(69,	'5',	3,	'2022-07-06',	'1000',	'柴油*2',	1,	'2022-07-06 17:02:23',	'2022-07-06 17:02:23'),
(70,	'4',	3,	'2022-07-03',	'1000',	'AZY-1095油資',	1,	'2022-07-06 17:02:58',	'2022-07-06 17:02:58'),
(71,	'9',	3,	'2022-07-05',	'1200',	'呆門/媽媽 退佣尚大AH',	1,	'2022-07-06 17:04:46',	'2022-07-06 17:04:46'),
(72,	'4',	3,	'2022-07-07',	'2000',	'貨車油資',	1,	'2022-07-08 13:43:20',	'2022-07-08 13:43:20'),
(73,	'2',	3,	'2022-07-07',	'10000',	'7月份廣告儲值',	1,	'2022-07-08 13:44:20',	'2022-07-24 12:49:21'),
(74,	'6',	3,	'2022-07-08',	'10000',	'零用金申請',	1,	'2022-07-11 13:08:53',	'2022-07-11 13:08:53'),
(75,	'5',	3,	'2022-07-11',	'1000',	'柴油*2',	1,	'2022-07-11 13:12:49',	'2022-07-11 13:12:49'),
(76,	'9',	3,	'2022-07-10',	'1350',	'退傭松鶴生命\r\n小密/吳士豪 個4000-',	1,	'2022-07-11 13:14:42',	'2022-07-11 13:14:42'),
(77,	'4',	3,	'2022-07-09',	'1000',	'AZY-1095',	1,	'2022-07-13 12:03:51',	'2022-07-13 12:03:51'),
(78,	'4',	3,	'2022-07-12',	'1000',	'AZY-1095油資',	1,	'2022-07-13 12:04:36',	'2022-07-15 13:31:45'),
(79,	'5',	3,	'2022-07-13',	'1000',	'柴油*2',	1,	'2022-07-15 13:31:10',	'2022-07-15 13:31:10'),
(80,	'5',	3,	'2022-07-14',	'1000',	'柴油*2',	1,	'2022-07-15 13:31:28',	'2022-07-15 13:31:28'),
(81,	'4',	3,	'2022-07-13',	'900',	'3532-NT油資',	1,	'2022-07-15 13:32:23',	'2022-07-15 13:32:23'),
(82,	'3',	3,	'2022-07-05',	'6000',	'苓雅辦公處7月租金',	1,	'2022-07-15 13:33:08',	'2022-07-15 13:33:08'),
(83,	'1',	3,	'2022-07-10',	'75750',	'湯淙閔薪資25250\r\n陳芋山薪資25250\r\n湯家承薪資25250',	1,	'2022-07-15 13:34:05',	'2022-07-15 13:34:05'),
(84,	'2',	3,	'2022-07-12',	'10000',	'7月份廣告費儲值',	1,	'2022-07-15 13:35:05',	'2022-07-24 12:49:03'),
(85,	'13',	3,	'2022-07-15',	'5220',	'地藏王普薩金40入\r\n九品蓮花12入\r\n財寶箱18入\r\n蓮花紙10入',	1,	'2022-07-15 17:33:17',	'2022-07-15 17:33:17'),
(86,	'13',	3,	'2022-07-16',	'2850',	'犬食物組合包*11(一盒贈送)',	1,	'2022-07-16 13:04:01',	'2022-07-16 13:04:01'),
(87,	'4',	3,	'2022-07-15',	'1000',	'AZY-1095油資',	1,	'2022-07-16 14:31:58',	'2022-07-16 14:31:58'),
(88,	'5',	3,	'2022-07-19',	'1000',	'柴油*2',	1,	'2022-07-20 13:51:46',	'2022-07-24 13:27:34'),
(89,	'4',	3,	'2022-07-19',	'812',	'3532-NT油資',	1,	'2022-07-20 16:59:40',	'2022-07-20 16:59:40'),
(90,	'4',	3,	'2022-07-18',	'300',	'貨車油資',	1,	'2022-07-20 17:00:07',	'2022-07-20 17:00:07'),
(91,	'11',	3,	'2022-07-22',	'650',	'白皮盆葬',	1,	'2022-07-22 15:26:53',	'2022-07-22 15:26:53'),
(92,	'4',	3,	'2022-07-19',	'1000',	'AZY-1095油資',	1,	'2022-07-22 15:59:39',	'2022-07-22 15:59:39'),
(93,	'2',	3,	'2022-07-23',	'20000',	'7月份廣告費用儲值',	1,	'2022-07-24 12:50:08',	'2022-07-24 12:50:08'),
(94,	'5',	3,	'2022-07-23',	'2000',	'柴油*4',	1,	'2022-07-24 12:50:34',	'2022-07-24 12:50:34'),
(95,	'4',	3,	'2022-07-22',	'1000',	'AZY-1095油資',	1,	'2022-07-24 12:51:27',	'2022-07-24 12:51:27'),
(96,	'4',	3,	'2022-07-23',	'962',	'3532-NT油資',	1,	'2022-07-24 12:52:24',	'2022-07-24 12:52:24'),
(97,	'3',	3,	'2022-07-20',	'25000',	'小港7月地租',	1,	'2022-07-24 19:10:11',	'2022-07-24 19:10:11'),
(98,	'16',	3,	'2022-07-24',	'2500',	'屋頂灑水器+安裝費',	1,	'2022-07-25 13:51:12',	'2022-07-25 13:51:12'),
(99,	'12',	3,	'2022-07-24',	'1521',	'2月份勞工退休金(補繳)',	1,	'2022-07-25 13:52:55',	'2022-07-25 13:52:55'),
(100,	'12',	3,	'2022-07-24',	'3429',	'5月份健保費用/被保險人:2人',	1,	'2022-07-25 13:54:04',	'2022-07-25 13:54:04'),
(101,	'12',	3,	'2022-07-25',	'6817',	'5月份勞保費用',	1,	'2022-07-25 16:44:13',	'2022-07-25 16:44:13'),
(102,	'12',	3,	'2022-07-25',	'1970',	'5月份勞工退休金',	1,	'2022-07-25 16:44:40',	'2022-07-25 16:44:57'),
(103,	'7',	3,	'2022-07-25',	'366',	'光世代電路月租費111/06/06-111/07/05',	1,	'2022-07-26 02:14:47',	'2022-07-26 02:14:47'),
(104,	'13',	3,	'2022-07-25',	'5000',	'員工制服*30 \r\n尾款8000(未付)',	1,	'2022-07-26 02:15:40',	'2022-07-26 02:15:40'),
(105,	'4',	3,	'2022-07-25',	'300',	'AZY-1095油資',	1,	'2022-07-26 02:16:26',	'2022-07-26 02:16:26'),
(106,	'5',	3,	'2022-07-26',	'1000',	'柴油*2',	1,	'2022-07-26 10:05:46',	'2022-07-26 10:05:46'),
(107,	'4',	3,	'2022-07-27',	'1000',	'AZY-1095油資',	1,	'2022-07-27 14:26:37',	'2022-07-27 14:26:37'),
(108,	'13',	3,	'2022-07-28',	'2010',	'蓮花塔*10/中元普渡旗*50/資財袋*100',	1,	'2022-07-29 10:53:47',	'2022-07-29 10:53:47'),
(109,	'5',	3,	'2022-07-30',	'2000',	'柴油*4',	1,	'2022-07-30 17:22:54',	'2022-07-31 17:07:35'),
(110,	'4',	3,	'2022-07-31',	'1000',	'AZY-1095油資',	1,	'2022-07-31 17:08:15',	'2022-07-31 17:08:15'),
(111,	'4',	3,	'2022-07-29',	'1000',	'AZY-1095油資',	1,	'2022-07-31 17:08:52',	'2022-07-31 17:08:52'),
(112,	'15',	3,	'2022-07-31',	'40000',	'鐵皮尾款40000(已結清)',	1,	'2022-07-31 17:11:01',	'2022-07-31 17:11:01'),
(113,	'5',	3,	'2022-07-24',	'1000',	'柴油*2',	1,	'2022-07-31 17:13:42',	'2022-07-31 17:13:42'),
(114,	'4',	3,	'2022-07-26',	'1000',	'AZY-1095油資',	1,	'2022-07-31 17:29:58',	'2022-07-31 17:29:58'),
(115,	'5',	3,	'2022-08-01',	'1000',	'柴油*2',	1,	'2022-08-01 14:31:33',	'2022-08-01 14:31:33'),
(116,	'13',	3,	'2022-07-31',	'850',	'7月份鑰匙圈月結',	1,	'2022-08-01 14:32:32',	'2022-08-01 14:32:32'),
(117,	'4',	3,	'2022-08-02',	'1000',	'AZY-1095油資',	1,	'2022-08-03 11:15:04',	'2022-08-03 11:15:04'),
(118,	'2',	3,	'2022-08-02',	'10000',	'8月份廣告費儲值',	1,	'2022-08-03 11:15:27',	'2022-08-03 11:15:27'),
(119,	'4',	3,	'2022-07-31',	'500',	'3532-NT油資',	1,	'2022-08-03 11:49:50',	'2022-08-03 11:49:50'),
(120,	'5',	3,	'2022-08-04',	'1000',	'柴油*2',	1,	'2022-08-05 09:46:16',	'2022-08-05 09:46:16'),
(121,	'6',	3,	'2022-08-05',	'10000',	'零用金申請',	1,	'2022-08-05 18:54:30',	'2022-08-05 18:54:30'),
(122,	'4',	3,	'2022-08-03',	'1045',	'3532-NT油資',	1,	'2022-08-05 19:02:18',	'2022-08-05 19:02:18'),
(123,	'4',	3,	'2022-08-05',	'1200',	'AZY-1095油資',	1,	'2022-08-05 19:54:37',	'2022-08-05 19:54:37'),
(124,	'5',	3,	'2022-08-07',	'1000',	'柴油*2',	1,	'2022-08-07 14:28:29',	'2022-08-07 14:28:29'),
(125,	'2',	3,	'2022-08-07',	'7500',	'8月份廣告費用儲值',	1,	'2022-08-07 16:51:02',	'2022-08-07 16:51:02'),
(126,	'9',	3,	'2022-08-08',	'1650',	'退佣天堂玉石\r\n馮勝卉/凱西 個別4000 後續4500',	1,	'2022-08-08 10:37:35',	'2022-08-08 10:37:35'),
(127,	'4',	3,	'2022-08-08',	'1000',	'AZY-1095油資',	1,	'2022-08-08 22:17:09',	'2022-08-08 22:17:09'),
(128,	'13',	3,	'2022-08-08',	'2640',	'九金九銀各兩件/壽金一件',	1,	'2022-08-08 22:18:23',	'2022-08-08 22:18:23'),
(129,	'12',	3,	'2022-08-05',	'6017',	'6月份勞保費用',	1,	'2022-08-09 22:29:18',	'2022-08-09 22:29:18'),
(130,	'1',	3,	'2022-08-05',	'1515',	'6月份勞工退休金',	1,	'2022-08-09 22:30:09',	'2022-08-09 22:30:09'),
(131,	'4',	3,	'2022-08-09',	'1000',	'貨車油資補助',	1,	'2022-08-10 13:05:24',	'2022-08-10 13:05:24'),
(132,	'5',	3,	'2022-08-10',	'1000',	'柴油*2',	1,	'2022-08-10 13:05:45',	'2022-08-10 13:05:45'),
(133,	'2',	1,	'2022-08-10',	'1194',	'7月份 594主機費\r\n7月份 600 海外手續費',	1,	'2022-08-11 10:50:17',	'2022-09-01 11:53:40'),
(134,	'4',	3,	'2022-08-11',	'300',	'AZY-1095油資',	1,	'2022-08-12 14:12:07',	'2022-08-12 14:12:07'),
(135,	'13',	3,	'2022-08-12',	'500',	'牌位卡*100',	1,	'2022-08-12 16:36:35',	'2022-08-12 16:36:35'),
(136,	'2',	3,	'2022-08-12',	'2500',	'8月份廣告儲值',	1,	'2022-08-14 21:17:36',	'2022-08-14 21:17:36'),
(137,	'2',	3,	'2022-08-14',	'10000',	'8月份廣告儲值',	1,	'2022-08-14 21:18:07',	'2022-08-14 21:18:07'),
(138,	'1',	3,	'2022-08-14',	'4200',	'中元普渡法會人事紅包',	1,	'2022-08-14 21:25:04',	'2022-08-14 21:25:04'),
(139,	'4',	3,	'2022-08-12',	'500',	'AZY-1095油資',	1,	'2022-08-14 22:06:54',	'2022-08-14 22:06:54'),
(140,	'5',	3,	'2022-08-13',	'1000',	'柴油*2',	1,	'2022-08-14 22:07:24',	'2022-08-14 22:07:24'),
(141,	'11',	3,	'2022-08-04',	'1180',	'七里香*5\r\n金吉*1\r\n灑津變葉木*2\r\n虎尾蘭*2\r\n草花*4',	1,	'2022-08-14 22:13:31',	'2022-08-14 22:13:31'),
(142,	'11',	3,	'2022-08-01',	'380',	'七里香*2\r\n珍珠瑪茶花*1\r\n矮牽牛*4',	1,	'2022-08-14 22:15:49',	'2022-08-14 22:15:49'),
(143,	'3',	3,	'2022-08-15',	'6000',	'苓雅區8月房租',	1,	'2022-08-15 12:34:37',	'2022-08-15 12:34:37'),
(144,	'1',	3,	'2022-08-10',	'121441',	'7月份薪資',	1,	'2022-08-15 12:42:15',	'2022-08-15 12:42:15'),
(145,	'8',	3,	'2022-08-15',	'1737',	'0900-102-362/6-8月電話費',	1,	'2022-08-16 12:10:30',	'2022-08-16 12:10:30'),
(146,	'6',	3,	'2022-08-16',	'10000',	'零用金申請',	1,	'2022-08-16 12:10:48',	'2022-08-16 12:10:48'),
(147,	'4',	3,	'2022-08-13',	'600',	'3532-NT油資',	1,	'2022-08-16 17:01:12',	'2022-08-16 17:01:12'),
(148,	'5',	3,	'2022-08-15',	'1500',	'柴油*3',	1,	'2022-08-16 17:01:39',	'2022-08-16 17:01:39'),
(149,	'4',	3,	'2022-08-16',	'1000',	'AZY-1095油資',	1,	'2022-08-16 17:02:02',	'2022-08-16 17:02:02'),
(150,	'4',	3,	'2022-08-15',	'750',	'AZY-1095 零件更換',	1,	'2022-08-16 17:02:45',	'2022-08-16 17:02:45'),
(151,	'9',	3,	'2022-08-16',	'2000',	'退傭鳳山聯強AH\r\n王銥辰/凱蒂 個別4000',	1,	'2022-08-16 17:06:44',	'2022-09-16 10:23:06'),
(152,	'2',	3,	'2022-08-18',	'5000',	'8月份廣告儲值',	1,	'2022-08-19 11:54:19',	'2022-08-19 11:54:19'),
(153,	'4',	3,	'2022-08-18',	'1000',	'AZY-1095油資',	1,	'2022-08-19 11:55:02',	'2022-08-19 11:55:02'),
(154,	'5',	3,	'2022-08-17',	'1000',	'柴油*2',	1,	'2022-08-19 11:55:30',	'2022-08-19 11:55:30'),
(155,	'4',	3,	'2022-08-14',	'500',	'AZY-1095油資',	1,	'2022-08-19 11:56:01',	'2022-08-19 11:56:01'),
(156,	'2',	3,	'2022-08-20',	'10000',	'8月份廣告儲值',	1,	'2022-08-20 11:23:05',	'2022-08-20 11:23:05'),
(157,	'11',	3,	'2022-08-19',	'4765',	'遮草蓆一綑$1900\r\n小風車*3 $105\r\n盆子*17 $1960\r\n培養土*2 $100\r\n彩色石$360\r\n紅繩$70',	1,	'2022-08-20 11:26:32',	'2022-08-20 11:26:32'),
(158,	'4',	4,	'2022-08-17',	'1000',	'3532-NT油資',	1,	'2022-08-20 18:56:28',	'2022-08-20 18:56:28'),
(159,	'4',	3,	'2022-08-20',	'1000',	'AZY-1095油資',	1,	'2022-08-21 11:09:22',	'2022-08-21 11:09:22'),
(160,	'5',	3,	'2022-08-22',	'1000',	'柴油*2',	1,	'2022-08-22 11:48:19',	'2022-08-22 11:48:19'),
(161,	'5',	3,	'2022-08-23',	'1000',	'柴油*2',	1,	'2022-08-23 20:26:48',	'2022-08-23 20:26:48'),
(162,	'4',	3,	'2022-08-23',	'1000',	'AZY-1095油資',	1,	'2022-08-23 20:27:13',	'2022-08-23 20:27:13'),
(163,	'3',	4,	'2022-08-23',	'25000',	'小港園區8月租金',	1,	'2022-08-23 20:41:37',	'2022-08-23 20:41:37'),
(164,	'4',	3,	'2022-08-24',	'1000',	'3532-NT油資',	1,	'2022-08-24 19:23:56',	'2022-08-24 19:23:56'),
(165,	'4',	3,	'2022-08-22',	'500',	'貨車油資',	1,	'2022-08-24 19:24:28',	'2022-08-24 19:24:28'),
(166,	'11',	3,	'2022-08-24',	'1140',	'盆栽*1/$240\r\n珍珠柏*2/$600\r\n鐵柏*1/$150\r\n草皮$150',	1,	'2022-08-24 19:26:15',	'2022-08-24 19:26:15'),
(167,	'12',	3,	'2022-08-05',	'3429',	'6月份健保費用',	1,	'2022-08-25 02:07:26',	'2022-08-25 02:07:26'),
(168,	'12',	3,	'2022-08-24',	'223',	'2月份健保滯納金',	1,	'2022-08-25 02:08:12',	'2022-08-25 02:08:12'),
(169,	'13',	3,	'2022-08-25',	'4100',	'蓮花紙1箱$800/法寶衣鞋一箱$1100/地藏王普薩金一箱$760/財寶箱一箱$1440',	1,	'2022-08-25 12:59:52',	'2022-08-25 12:59:52'),
(170,	'2',	3,	'2022-08-25',	'10000',	'8月份廣告儲值',	1,	'2022-08-25 13:12:57',	'2022-08-25 13:12:57'),
(171,	'4',	3,	'2022-08-25',	'1000',	'AZY-1095油資',	1,	'2022-08-26 09:50:33',	'2022-08-26 09:50:33'),
(172,	'12',	3,	'2022-08-05',	'1515',	'6月勞工退休金',	1,	'2022-08-26 09:52:28',	'2022-08-26 09:52:28'),
(173,	'14',	3,	'2022-08-24',	'101',	'111/06/10-111/08/08苓雅辦公室電費',	1,	'2022-08-26 09:53:56',	'2022-08-26 09:53:56'),
(174,	'7',	3,	'2022-08-28',	'366',	'111/07/06-111/08/05光世代電路月租費',	1,	'2022-08-28 18:27:24',	'2022-08-28 18:27:24'),
(175,	'5',	3,	'2022-08-28',	'2000',	'柴油*4',	1,	'2022-08-28 18:55:09',	'2022-08-28 18:55:09'),
(176,	'2',	3,	'2022-08-28',	'10000',	'8月份廣告儲值',	1,	'2022-08-28 20:51:30',	'2022-08-28 20:51:30'),
(177,	'4',	3,	'2022-08-28',	'1000',	'3532-NT油資',	1,	'2022-08-29 13:30:47',	'2022-08-29 13:30:47'),
(178,	'5',	3,	'2022-08-29',	'1000',	'柴油*2',	1,	'2022-08-29 13:31:02',	'2022-08-29 13:31:02'),
(179,	'4',	3,	'2022-08-27',	'1000',	'AZY-1095油資',	1,	'2022-08-29 13:31:45',	'2022-08-29 13:31:45'),
(180,	'11',	3,	'2022-08-29',	'230',	'草皮150\r\n石頭一公斤80',	1,	'2022-08-30 11:34:24',	'2022-08-30 11:34:24'),
(181,	'5',	3,	'2022-08-30',	'1000',	'柴油*2',	1,	'2022-08-30 18:50:55',	'2022-08-30 18:50:55'),
(182,	'13',	3,	'2022-08-30',	'8000',	'員工制服尾款8000結清',	1,	'2022-08-30 18:55:11',	'2022-08-30 18:55:11'),
(183,	'4',	3,	'2022-08-29',	'1000',	'AZY-1095油資',	1,	'2022-08-30 18:56:03',	'2022-08-30 18:56:03'),
(184,	'11',	3,	'2022-08-31',	'500',	'珍珠馬茶花*5',	1,	'2022-08-31 20:41:02',	'2022-08-31 20:41:02'),
(185,	'12',	3,	'2022-08-31',	'12169',	'7月份勞保費用/4人',	1,	'2022-08-31 20:41:41',	'2022-08-31 20:41:41'),
(186,	'12',	3,	'2022-08-31',	'5012',	'7月份勞工退休金/3人',	1,	'2022-08-31 20:42:13',	'2022-08-31 20:42:13'),
(187,	'4',	3,	'2022-09-01',	'1000',	'AZY-1095油資',	1,	'2022-09-02 14:53:31',	'2022-09-02 14:53:31'),
(188,	'5',	3,	'2022-09-02',	'1000',	'柴油*2',	1,	'2022-09-02 14:53:47',	'2022-09-02 14:53:47'),
(189,	'2',	3,	'2022-09-02',	'10000',	'9月份廣告儲值',	1,	'2022-09-02 15:08:25',	'2022-09-02 15:08:25'),
(190,	'13',	3,	'2022-08-28',	'220',	'壽金一綑',	1,	'2022-09-04 00:22:09',	'2022-09-04 00:22:09'),
(191,	'5',	3,	'2022-08-24',	'1000',	'柴油*2',	1,	'2022-09-04 00:22:54',	'2022-09-04 00:22:54'),
(192,	'4',	3,	'2022-09-02',	'1000',	'3532-NT油資',	1,	'2022-09-04 11:01:56',	'2022-09-04 11:01:56'),
(193,	'4',	3,	'2022-09-04',	'1000',	'3532-NT油資',	1,	'2022-09-04 19:29:07',	'2022-09-04 19:29:07'),
(194,	'5',	3,	'2022-08-24',	'1000',	'柴油*2',	1,	'2022-09-04 19:30:03',	'2022-09-04 19:30:03'),
(195,	'5',	3,	'2022-09-03',	'1000',	'柴油*2',	1,	'2022-09-04 19:30:32',	'2022-09-04 19:30:32'),
(196,	'11',	3,	'2022-09-04',	'1000',	'山水工坊-珍珠柏*4/草皮一盒/石頭2公斤',	1,	'2022-09-04 19:33:13',	'2022-09-04 19:33:13'),
(197,	'11',	3,	'2022-09-04',	'240',	'中都園藝-盆栽*1',	1,	'2022-09-04 19:33:35',	'2022-09-04 19:33:35'),
(198,	'2',	3,	'2022-09-04',	'1737',	'8月主機費687+8月廣告海外手續費1050',	1,	'2022-09-04 19:34:57',	'2022-09-04 19:34:57'),
(199,	'13',	3,	'2022-08-03',	'778',	'膠帶*20/手套5盒',	1,	'2022-09-04 21:12:25',	'2022-09-04 21:12:25'),
(200,	'5',	3,	'2022-09-04',	'1000',	'柴油*2',	1,	'2022-09-05 17:37:54',	'2022-09-05 17:37:54'),
(201,	'6',	3,	'2022-09-07',	'10000',	'零用金申請10000',	1,	'2022-09-07 15:53:54',	'2022-09-07 15:53:54'),
(202,	'2',	3,	'2022-09-07',	'10000',	'9月份廣告儲值',	1,	'2022-09-08 15:26:54',	'2022-09-08 15:26:54'),
(203,	'5',	3,	'2022-09-08',	'1000',	'柴油*2',	1,	'2022-09-08 22:19:14',	'2022-09-08 22:19:14'),
(204,	'4',	3,	'2022-09-06',	'1000',	'AZY-1095油資',	1,	'2022-09-08 22:20:05',	'2022-09-08 22:20:05'),
(205,	'5',	3,	'2022-09-08',	'1000',	'柴油*2(團化)',	1,	'2022-09-09 10:35:54',	'2022-09-09 10:35:54'),
(206,	'4',	3,	'2022-09-08',	'1000',	'3532-NT油資',	1,	'2022-09-09 17:20:19',	'2022-09-09 17:20:19'),
(207,	'5',	3,	'2022-09-09',	'1000',	'柴油*2',	1,	'2022-09-09 17:20:36',	'2022-09-09 17:20:36'),
(208,	'4',	3,	'2022-09-04',	'1000',	'AZY-1095油資',	1,	'2022-09-09 17:42:24',	'2022-09-09 17:42:24'),
(209,	'11',	3,	'2022-09-09',	'200',	'寶寶/黃建程盆葬植物',	1,	'2022-09-09 17:43:30',	'2022-09-09 17:43:30'),
(210,	'3',	3,	'2022-09-09',	'6015',	'苓雅辦公室9月租金+匯款手續費15',	1,	'2022-09-09 20:26:15',	'2022-09-09 20:26:15'),
(211,	'13',	3,	'2022-09-10',	'4275',	'犬食物組合包*10\r\n貓食物組合包*5',	1,	'2022-09-10 14:40:58',	'2022-09-10 14:40:58'),
(212,	'5',	3,	'2022-09-11',	'1000',	'柴油*2',	1,	'2022-09-11 21:32:34',	'2022-09-11 21:32:34'),
(213,	'2',	3,	'2022-09-11',	'10000',	'9月份廣告儲值',	1,	'2022-09-11 21:32:57',	'2022-09-11 21:32:57'),
(214,	'4',	3,	'2022-09-11',	'1000',	'AZY-1095油資',	1,	'2022-09-11 21:33:14',	'2022-09-11 21:33:14'),
(215,	'4',	3,	'2022-09-10',	'1000',	'AZY-1095油資',	1,	'2022-09-11 21:34:26',	'2022-09-11 21:34:26'),
(216,	'5',	3,	'2022-09-12',	'1000',	'柴油*2',	1,	'2022-09-13 12:52:53',	'2022-09-13 12:52:53'),
(217,	'17',	3,	'2022-09-13',	'3400',	'7-8月會計做帳費',	1,	'2022-09-13 16:39:47',	'2022-09-13 16:39:47'),
(218,	'13',	3,	'2022-09-12',	'2340',	'地藏王普薩金一箱$760\r\n小九品蓮花一箱$780\r\n彩色往生蓮花紙一箱$800',	1,	'2022-09-13 16:40:54',	'2022-09-13 16:40:54'),
(219,	'17',	3,	'2022-08-15',	'6400',	'6-7月會計費$3400\r\n股東變更登記費3000',	1,	'2022-09-13 17:18:31',	'2022-09-13 17:18:31'),
(220,	'4',	3,	'2022-09-14',	'1000',	'AZY-1095油資',	1,	'2022-09-14 21:20:53',	'2022-09-14 21:20:53'),
(221,	'5',	3,	'2022-09-14',	'1000',	'柴油*2',	1,	'2022-09-14 21:21:08',	'2022-09-14 21:21:08'),
(222,	'2',	3,	'2022-09-14',	'20000',	'9月份廣告儲值',	1,	'2022-09-14 23:04:33',	'2022-09-14 23:04:33'),
(223,	'1',	3,	'2022-09-10',	'129055',	'8月份薪資/5人',	1,	'2022-09-14 23:09:08',	'2022-09-14 23:09:08'),
(224,	'11',	3,	'2022-09-15',	'1000',	'黃枝花*10',	1,	'2022-09-15 18:10:54',	'2022-09-15 18:10:54'),
(225,	'13',	3,	'2022-09-15',	'2880',	'財寶箱*18',	1,	'2022-09-15 18:11:15',	'2022-09-15 18:11:15'),
(226,	'13',	3,	'2022-09-16',	'16015',	'矯井霖/乖乖 骨灰罈+三合一內裝+刻字照片\r\n廠商:天堂玉石',	1,	'2022-09-16 10:22:08',	'2022-09-16 10:22:08'),
(227,	'9',	3,	'2022-09-16',	'2000',	'退傭右昌禮儀社\r\n郭財邑/嘟嘟 個別4000',	1,	'2022-09-16 10:25:15',	'2022-09-16 10:25:15'),
(228,	'4',	3,	'2022-09-17',	'1000',	'AZY-1095油資',	1,	'2022-09-17 14:44:42',	'2022-09-17 14:44:42'),
(229,	'13',	3,	'2022-09-17',	'1800',	'基本款項鍊*24',	1,	'2022-09-18 13:23:32',	'2022-09-18 13:23:32'),
(230,	'11',	3,	'2022-09-18',	'200',	'山水盆栽草皮一份$150\r\n石頭半斤$50',	1,	'2022-09-18 13:49:17',	'2022-09-18 13:49:17'),
(231,	'11',	3,	'2022-09-18',	'1000',	'山水盆子*2',	1,	'2022-09-18 13:50:32',	'2022-09-18 13:50:32'),
(232,	'5',	3,	'2022-09-18',	'2000',	'柴油*4',	1,	'2022-09-18 18:22:38',	'2022-09-18 18:22:38'),
(233,	'4',	3,	'2022-09-15',	'300',	'貨車油資',	1,	'2022-09-18 19:50:01',	'2022-09-18 19:50:01'),
(234,	'4',	3,	'2022-09-17',	'300',	'貨車油資',	1,	'2022-09-18 19:50:18',	'2022-09-18 19:50:18'),
(235,	'4',	3,	'2022-09-18',	'1000',	'3532-NT油資',	1,	'2022-09-18 19:50:41',	'2022-09-18 19:50:41'),
(236,	'5',	3,	'2022-09-16',	'1000',	'柴油*2',	1,	'2022-09-18 21:03:07',	'2022-09-18 21:03:07'),
(237,	'14',	3,	'2022-09-19',	'4671',	'計費期間111年5月12日至111年7月11日',	1,	'2022-09-19 12:44:22',	'2022-09-19 12:44:22'),
(238,	'2',	3,	'2022-09-19',	'10000',	'MBA商會年費',	1,	'2022-09-19 20:13:38',	'2022-09-19 20:13:38'),
(239,	'2',	3,	'2022-09-19',	'3544',	'懷翔網站網址費（5年）',	1,	'2022-09-19 20:14:29',	'2022-09-19 20:14:29'),
(240,	'4',	3,	'2022-09-20',	'1000',	'AZY-1095油資',	1,	'2022-09-21 23:25:41',	'2022-09-21 23:25:41'),
(241,	'3',	3,	'2022-09-20',	'25015',	'9月份小港租金+匯款手續費15',	1,	'2022-09-23 15:45:52',	'2022-10-02 21:51:50'),
(242,	'5',	3,	'2022-09-22',	'1000',	'柴油*2',	1,	'2022-09-23 15:48:14',	'2022-09-23 15:48:14'),
(243,	'4',	3,	'2022-09-23',	'1000',	'3532-NT油資',	1,	'2022-09-23 15:50:32',	'2022-09-23 15:50:32'),
(244,	'5',	3,	'2022-09-19',	'1000',	'柴油*2',	1,	'2022-09-23 16:03:47',	'2022-09-23 16:03:47'),
(245,	'5',	3,	'2022-09-25',	'1000',	'柴油*2',	1,	'2022-09-25 12:30:09',	'2022-09-25 12:30:09'),
(246,	'5',	3,	'2022-09-24',	'1000',	'柴油*2',	1,	'2022-09-25 13:18:18',	'2022-09-25 13:18:18'),
(247,	'4',	3,	'2022-09-23',	'1000',	'AZY-1095油資',	1,	'2022-09-25 15:27:18',	'2022-09-25 15:27:18'),
(248,	'4',	3,	'2022-09-26',	'1000',	'AZY-1095油資',	1,	'2022-09-28 11:35:55',	'2022-09-28 11:35:55'),
(249,	'5',	3,	'2022-09-26',	'1000',	'柴油*2',	1,	'2022-09-28 11:36:11',	'2022-09-28 11:36:11'),
(250,	'5',	3,	'2022-09-27',	'1000',	'柴油*2',	1,	'2022-09-28 11:36:29',	'2022-09-28 11:36:29'),
(251,	'4',	3,	'2022-09-27',	'1000',	'3532-NT油資',	1,	'2022-09-28 11:36:49',	'2022-09-28 11:36:49'),
(252,	'13',	3,	'2022-09-18',	'11215',	'造型骨灰罐*29\r\n基本款項鍊*30\r\n(空運費用3150)\r\n(稅金365)',	1,	'2022-09-28 12:14:25',	'2022-10-02 21:49:55'),
(253,	'13',	3,	'2022-09-18',	'5650',	'往生被*100',	1,	'2022-09-28 12:14:58',	'2022-09-28 12:14:58'),
(254,	'5',	3,	'2022-09-24',	'1000',	'柴油*2',	1,	'2022-09-30 11:19:23',	'2022-09-30 11:19:23'),
(255,	'5',	3,	'2022-09-29',	'1000',	'柴油*2',	1,	'2022-09-30 11:19:39',	'2022-09-30 11:19:39'),
(256,	'13',	3,	'2022-09-25',	'295',	'玻璃紀念罐*50',	1,	'2022-09-30 11:22:24',	'2022-09-30 11:22:24'),
(257,	'4',	3,	'2022-09-30',	'1000',	'3532-NT油資',	1,	'2022-10-01 18:14:50',	'2022-10-01 18:14:50'),
(258,	'5',	3,	'2022-10-01',	'1000',	'柴油*2',	1,	'2022-10-01 18:15:27',	'2022-10-01 18:15:27'),
(259,	'4',	3,	'2022-09-30',	'1000',	'AZY-1095油資',	1,	'2022-10-01 18:15:54',	'2022-10-01 18:15:54'),
(260,	'2',	3,	'2022-10-02',	'1915',	'9月費主機費+廣告海外手續費',	1,	'2022-10-02 21:45:17',	'2022-10-02 21:45:17'),
(261,	'4',	3,	'2022-09-28',	'1000',	'AZY-1095油資',	1,	'2022-10-02 21:50:57',	'2022-10-02 21:50:57'),
(262,	'13',	3,	'2022-10-03',	'630',	'大悲咒蓮花*18',	1,	'2022-10-10 19:51:20',	'2022-10-10 19:51:20'),
(263,	'11',	3,	'2022-10-03',	'2000',	'大頁七里香*15/彩色葉*10',	1,	'2022-10-10 19:52:07',	'2022-10-10 19:52:07'),
(264,	'13',	3,	'2022-10-04',	'385',	'大悲咒蓮花*9+檀香一盒',	1,	'2022-10-10 19:52:44',	'2022-10-10 19:52:44'),
(265,	'5',	3,	'2022-10-04',	'1000',	'柴油*2',	1,	'2022-10-10 19:53:05',	'2022-10-10 19:53:05'),
(266,	'2',	3,	'2022-10-04',	'20000',	'10月份廣告儲值',	1,	'2022-10-10 19:53:35',	'2022-10-10 19:53:35'),
(267,	'18',	3,	'2022-10-05',	'80',	'娃娃杯墊(真愛攝影)',	1,	'2022-10-10 19:56:35',	'2022-10-10 19:56:35'),
(268,	'16',	3,	'2022-10-06',	'1000',	'加水車加水',	1,	'2022-10-10 19:57:06',	'2022-10-10 19:57:06'),
(269,	'11',	3,	'2022-10-06',	'560',	'盆子*2(中都園藝)',	1,	'2022-10-10 19:57:40',	'2022-10-10 19:57:40'),
(270,	'13',	3,	'2022-10-06',	'6000',	'財寶箱*18/九品蓮花*24/神明金*40/蓮花紙一箱',	1,	'2022-10-10 19:58:27',	'2022-10-10 19:58:27'),
(271,	'4',	3,	'2022-10-03',	'1000',	'AZY-1095油資',	1,	'2022-10-10 19:59:43',	'2022-10-10 19:59:43'),
(272,	'4',	3,	'2022-10-06',	'1000',	'AZY-1095油資',	1,	'2022-10-10 20:00:09',	'2022-10-10 20:00:09'),
(273,	'18',	3,	'2022-10-06',	'800',	'林和民/麻糬骨罐刻字(天堂玉石)',	1,	'2022-10-10 20:01:04',	'2022-10-10 20:01:04'),
(274,	'18',	3,	'2022-10-10',	'1600',	'陳聖文/陳BeBe骨罐刻字\r\n依岑/麥克骨罐刻字',	1,	'2022-10-10 20:02:33',	'2022-10-10 20:02:33'),
(275,	'18',	3,	'2022-10-06',	'550',	'小黑盆葬移植(山水工坊)',	1,	'2022-10-10 20:03:29',	'2022-10-10 20:03:29'),
(276,	'5',	3,	'2022-10-07',	'1000',	'柴油*2',	1,	'2022-10-10 20:04:14',	'2022-10-10 20:04:14'),
(277,	'16',	3,	'2022-10-08',	'2600',	'挖井空車費(紅包)',	1,	'2022-10-10 20:04:43',	'2022-10-10 20:04:43'),
(278,	'4',	3,	'2022-10-08',	'1000',	'AZY-1095油資',	1,	'2022-10-10 20:05:12',	'2022-10-10 20:05:12'),
(279,	'12',	3,	'2022-09-25',	'8140',	'7月健保費',	1,	'2022-10-10 20:05:52',	'2022-10-10 20:05:52'),
(280,	'12',	3,	'2022-10-08',	'10256',	'8月份健保費',	1,	'2022-10-10 20:07:19',	'2022-10-10 20:07:19'),
(281,	'12',	3,	'2022-10-08',	'16564',	'8月份勞保費',	1,	'2022-10-10 20:07:51',	'2022-10-10 20:07:51'),
(282,	'12',	3,	'2022-10-08',	'7643',	'8月份勞工退休金',	1,	'2022-10-10 20:09:22',	'2022-10-10 20:09:22'),
(283,	'12',	3,	'2022-10-08',	'1515',	'2月勞退滯納金(待複查)',	1,	'2022-10-10 20:10:00',	'2022-10-10 20:10:00'),
(284,	'5',	3,	'2022-10-09',	'1000',	'柴油*2(個別)',	1,	'2022-10-10 20:10:42',	'2022-10-10 20:10:42'),
(285,	'5',	3,	'2022-10-09',	'1000',	'柴油*2(團體)',	1,	'2022-10-10 20:11:04',	'2022-10-10 20:11:04'),
(286,	'5',	3,	'2022-10-10',	'1000',	'柴油*2',	1,	'2022-10-10 20:11:40',	'2022-10-10 20:11:40'),
(287,	'4',	3,	'2022-10-10',	'1000',	'AZY-1095',	1,	'2022-10-10 20:11:57',	'2022-10-10 20:11:57'),
(288,	'2',	3,	'2022-10-08',	'1500',	'7-9月系統主機費',	1,	'2022-10-10 20:12:38',	'2022-10-10 20:12:38'),
(289,	'1',	3,	'2022-10-10',	'117211',	'9月份薪資/5人',	1,	'2022-10-10 20:29:32',	'2022-10-10 20:29:32'),
(290,	'3',	3,	'2022-10-05',	'8000',	'苓雅辦公室10月租金',	1,	'2022-10-10 21:00:51',	'2022-10-10 21:02:04'),
(291,	'2',	3,	'2022-10-10',	'20000',	'10月份廣告儲值',	1,	'2022-10-10 22:13:17',	'2022-10-10 22:13:17'),
(292,	'2',	3,	'2022-10-08',	'2000',	'10月網站主機費+系統費',	1,	'2022-10-11 10:55:03',	'2022-10-11 10:55:03'),
(293,	'2',	3,	'2022-10-08',	'12000',	'懷翔系統建置費(加購報表管理)',	1,	'2022-10-11 10:56:00',	'2022-10-11 10:56:00'),
(294,	'2',	3,	'2022-10-08',	'9000',	'10月廣告代操費15%',	1,	'2022-10-11 10:56:27',	'2022-10-11 10:56:27'),
(295,	'5',	3,	'2022-10-11',	'1000',	'柴油*2',	1,	'2022-10-11 13:24:24',	'2022-10-11 13:24:24'),
(296,	'6',	3,	'2022-10-13',	'10000',	'零用金申請',	1,	'2022-10-13 21:39:58',	'2022-10-13 21:39:58'),
(297,	'13',	3,	'2022-10-12',	'1000',	'牌位卡*200',	1,	'2022-10-13 21:40:42',	'2022-10-13 21:40:42'),
(298,	'5',	3,	'2022-10-13',	'1000',	'柴油*2',	1,	'2022-10-13 21:41:47',	'2022-10-13 21:41:47'),
(299,	'4',	3,	'2022-10-14',	'1000',	'AZY-1095油資',	1,	'2022-10-15 17:08:44',	'2022-10-15 17:08:44'),
(300,	'5',	3,	'2022-10-14',	'1000',	'柴油*2',	1,	'2022-10-15 17:09:34',	'2022-10-15 17:09:34'),
(301,	'16',	3,	'2022-10-14',	'1000',	'加水車加油',	1,	'2022-10-15 17:10:11',	'2022-10-15 17:10:11'),
(302,	'5',	3,	'2022-10-15',	'1000',	'柴油*2',	1,	'2022-10-15 17:29:59',	'2022-10-15 17:29:59'),
(303,	'9',	3,	'2022-10-15',	'2000',	'退傭郭舒怡/潘小姐-橘子 個別4000',	1,	'2022-10-15 18:07:34',	'2022-10-15 18:07:34'),
(304,	'2',	3,	'2022-10-15',	'8000',	'補助案資料製作費',	1,	'2022-10-16 10:55:06',	'2022-10-16 10:55:06'),
(305,	'4',	3,	'2022-10-17',	'1000',	'AZY-1095油資',	1,	'2022-10-18 11:07:25',	'2022-10-18 11:07:25'),
(306,	'8',	3,	'2022-10-19',	'1123',	'0900-102-362電話費\r\n收費期間9/14-10/13',	1,	'2022-10-19 10:14:58',	'2022-10-19 10:14:58'),
(307,	'5',	3,	'2022-10-19',	'1000',	'柴油*2',	1,	'2022-10-19 10:38:15',	'2022-10-19 10:38:15'),
(308,	'4',	3,	'2022-10-19',	'1000',	'AZY-1095油資',	1,	'2022-10-20 11:59:50',	'2022-10-20 11:59:50'),
(309,	'5',	3,	'2022-10-20',	'1000',	'柴油*2',	1,	'2022-10-20 17:58:25',	'2022-10-20 17:58:25'),
(310,	'5',	3,	'2022-10-22',	'1000',	'柴油*2',	1,	'2022-10-22 20:34:51',	'2022-10-22 20:34:51'),
(311,	'4',	3,	'2022-10-22',	'1000',	'AZY-1095油資',	1,	'2022-10-22 20:35:25',	'2022-10-22 20:35:25'),
(312,	'2',	3,	'2022-10-22',	'10000',	'10月份廣告費儲值',	1,	'2022-10-23 11:46:46',	'2022-10-23 11:46:55'),
(313,	'11',	3,	'2022-10-23',	'1000',	'七里香*10',	1,	'2022-10-23 17:41:03',	'2022-10-23 17:41:03'),
(314,	'11',	3,	'2022-10-23',	'2220',	'盆栽*3/培養土*3/剪刀*1/樹酯狗狗',	1,	'2022-10-23 17:41:44',	'2022-10-23 17:41:44'),
(315,	'4',	3,	'2022-10-24',	'1000',	'AZY-1095油資',	1,	'2022-10-25 20:35:15',	'2022-10-25 20:35:15'),
(316,	'5',	3,	'2022-10-24',	'1000',	'柴油*2',	1,	'2022-10-25 20:35:44',	'2022-10-25 20:35:44'),
(317,	'5',	3,	'2022-10-25',	'1000',	'柴油*2',	1,	'2022-10-25 20:36:10',	'2022-10-25 20:36:10'),
(318,	'13',	3,	'2022-10-25',	'7140',	'神明金一箱/財寶箱2箱/法寶衣鞋1箱/九品蓮花1箱/蓮花紙2箱',	1,	'2022-10-25 21:58:36',	'2022-10-25 21:58:36'),
(319,	'3',	3,	'2022-10-25',	'25000',	'10月小港園區租金',	1,	'2022-10-25 23:02:48',	'2022-10-25 23:02:48'),
(320,	'5',	3,	'2022-10-25',	'1000',	'柴油*2(團化)',	1,	'2022-10-25 23:58:42',	'2022-10-25 23:58:42'),
(321,	'2',	3,	'2022-10-25',	'10000',	'10月份廣告儲值',	1,	'2022-10-26 00:01:12',	'2022-10-26 00:01:12'),
(322,	'2',	3,	'2022-10-26',	'600',	'廣告費儲值海外刷卡手續費',	1,	'2022-10-26 14:15:58',	'2022-10-26 14:15:58'),
(323,	'13',	3,	'2022-10-27',	'8000',	'臻愛玉罐*1(天堂玉石)',	1,	'2022-10-27 12:54:29',	'2022-10-27 12:54:29'),
(324,	'4',	3,	'2022-10-26',	'1000',	'AZY-1095油資',	1,	'2022-10-27 13:09:59',	'2022-10-27 13:09:59'),
(325,	'5',	3,	'2022-10-27',	'1000',	'柴油*2',	1,	'2022-10-27 13:10:12',	'2022-10-27 13:10:12'),
(326,	'5',	3,	'2022-10-29',	'1000',	'柴油*2',	1,	'2022-10-29 20:32:49',	'2022-10-29 20:32:49'),
(327,	'4',	3,	'2022-10-30',	'1000',	'AZY-1095油資',	1,	'2022-10-30 17:14:21',	'2022-10-30 17:14:21'),
(328,	'7',	3,	'2022-10-30',	'3600',	'111/10/27-112/10/26預繳網路連線費費用',	1,	'2022-10-30 17:19:21',	'2022-10-30 17:19:21'),
(329,	'2',	3,	'2022-11-01',	'10150',	'11月份廣告儲值+刷卡海外手續費150',	1,	'2022-11-02 13:24:44',	'2022-11-02 13:24:44'),
(330,	'5',	3,	'2022-11-02',	'4000',	'火化爐檯面換新訂金4000',	1,	'2022-11-02 13:25:13',	'2022-11-02 13:25:13'),
(331,	'4',	3,	'2022-11-02',	'1000',	'AZY-1095油資',	1,	'2022-11-02 13:25:29',	'2022-11-02 13:25:29'),
(332,	'13',	3,	'2022-11-02',	'660',	'資財袋*200',	1,	'2022-11-02 20:55:51',	'2022-11-02 20:55:51'),
(334,	'4',	3,	'2022-11-04',	'1000',	'AZY-1095油資',	1,	'2022-11-04 14:07:46',	'2022-11-04 14:26:46'),
(335,	'5',	3,	'2022-11-02',	'1000',	'柴油*2',	1,	'2022-11-04 14:08:21',	'2022-11-04 14:29:02'),
(336,	'5',	3,	'2022-11-04',	'1000',	'柴油*2',	1,	'2022-11-04 14:29:21',	'2022-11-04 14:29:21'),
(337,	'18',	3,	'2022-11-02',	'3960',	'8-10月鑰匙圈紀念品請款',	1,	'2022-11-04 14:41:16',	'2022-11-04 14:41:16'),
(338,	'4',	3,	'2022-11-06',	'1000',	'AZY-1095油資',	1,	'2022-11-06 17:57:19',	'2022-11-06 17:57:19'),
(339,	'5',	3,	'2022-11-04',	'10000',	'火化爐檯面換新訂金10000\r\n尾款尚欠14000',	1,	'2022-11-06 17:58:10',	'2022-11-06 17:58:10'),
(340,	'2',	3,	'2022-11-06',	'10150',	'11月份廣告費儲值+海外刷卡手續費150',	1,	'2022-11-06 18:27:06',	'2022-11-06 18:27:06'),
(341,	'2',	3,	'2022-11-06',	'11000',	'11月廣告代操費+網站系統維護費',	1,	'2022-11-06 18:27:34',	'2022-11-06 18:27:34'),
(342,	'4',	3,	'2022-11-08',	'1000',	'AZY-1095油資',	1,	'2022-11-08 20:04:09',	'2022-11-08 20:04:09'),
(343,	'5',	3,	'2022-11-07',	'1000',	'柴油*2',	1,	'2022-11-08 20:04:25',	'2022-11-08 20:04:25'),
(344,	'5',	3,	'2022-11-08',	'14000',	'火化爐檯面換新尾款(清)',	1,	'2022-11-08 20:05:22',	'2022-11-08 20:05:22'),
(345,	'2',	1,	'2022-09-22',	'30000',	'9月份廣告儲值',	1,	'2022-11-23 18:46:53',	'2022-11-23 18:46:53'),
(346,	'18',	1,	'2022-11-30',	'3900',	'吊飾',	1,	'2022-12-07 23:38:51',	'2022-12-12 00:43:45'),
(347,	'13',	1,	'2022-11-30',	'6000',	'金紙',	1,	'2022-12-07 23:39:22',	'2022-12-12 00:43:54'),
(348,	'17',	1,	'2022-11-30',	'6000',	'股東過戶',	1,	'2022-12-07 23:40:18',	'2022-12-12 00:44:01'),
(349,	'7',	1,	'2022-11-30',	'366',	NULL,	1,	'2022-12-07 23:40:38',	'2022-12-12 00:44:09'),
(350,	'7',	1,	'2022-11-30',	'3600',	NULL,	1,	'2022-12-07 23:40:58',	'2022-12-12 00:44:16'),
(351,	'5',	1,	'2022-11-30',	'1000',	NULL,	1,	'2022-12-07 23:41:10',	'2022-12-12 00:44:22'),
(352,	'15',	1,	'2022-11-30',	'2000',	'11/18 飼主寄放費用退款 2000',	1,	'2022-12-07 23:41:32',	'2022-12-12 00:44:32'),
(353,	'1',	1,	'2022-11-30',	'19137',	'10月加薪薪水 \r\n已先匯款8800+預支2000',	1,	'2022-12-07 23:41:58',	'2022-12-12 00:44:50'),
(354,	'12',	1,	'2022-11-30',	'70033',	'9月勞保16591\r\n9月勞退 7638\r\n9月健保 9638\r\n10月勞保17923\r\n10月勞退8396\r\n10月健保9847',	1,	'2022-12-07 23:43:59',	'2022-12-12 00:44:57'),
(355,	'3',	1,	'2022-11-30',	'33000',	'10月苓雅房租25000+10月小港房租8000',	1,	'2022-12-07 23:44:58',	'2022-12-12 00:44:43'),
(356,	'16',	1,	'2022-11-30',	'29400',	'辦公室木板裝潢',	1,	'2022-12-07 23:45:59',	'2022-12-12 00:45:05'),
(357,	'16',	1,	'2022-11-30',	'15000',	'SBIR計畫(頭款)',	1,	'2022-12-07 23:46:20',	'2022-12-12 00:45:12'),
(358,	'8',	1,	'2022-11-30',	'3189',	'手機費(0900)',	1,	'2022-12-07 23:47:03',	'2022-12-12 00:43:36'),
(359,	'9',	1,	'2022-12-11',	'1000',	'大體美容 退佣金',	1,	'2022-12-12 00:47:38',	'2022-12-12 00:47:38'),
(360,	'1',	1,	'2022-12-11',	'1000',	'舒怡支援 12/11 11:30(妮妮火化)',	1,	'2022-12-12 00:48:46',	'2022-12-12 00:48:46'),
(361,	'4',	1,	'2022-12-05',	'1000',	'AZX-1095',	1,	'2022-12-12 01:02:52',	'2022-12-12 01:02:52'),
(362,	'4',	1,	'2022-12-01',	'1000',	'AZX-1095',	1,	'2022-12-12 01:03:24',	'2022-12-12 01:03:24'),
(363,	'4',	1,	'2022-12-13',	'1000',	'AZY-1095',	1,	'2022-12-14 01:09:00',	'2022-12-14 01:09:00'),
(364,	'5',	1,	'2022-12-13',	'1000',	NULL,	1,	'2022-12-14 01:09:15',	'2022-12-14 01:09:15'),
(365,	'5',	1,	'2022-12-15',	'1000',	NULL,	1,	'2022-12-15 16:28:34',	'2022-12-15 16:28:34'),
(366,	'6',	1,	'2022-12-16',	'3000',	NULL,	1,	'2022-12-16 18:05:51',	'2022-12-16 18:05:51'),
(368,	'5',	1,	'2022-12-17',	'1000',	NULL,	1,	'2022-12-18 11:18:08',	'2022-12-18 11:18:08'),
(369,	'5',	1,	'2022-12-11',	'1000',	NULL,	1,	'2022-12-18 22:18:51',	'2022-12-18 22:18:51'),
(370,	'5',	1,	'2022-12-09',	'1000',	'團火',	1,	'2022-12-18 22:19:17',	'2022-12-18 22:20:07'),
(371,	'5',	1,	'2022-12-09',	'1011',	'團火',	1,	'2022-12-18 22:19:57',	'2022-12-18 22:19:57'),
(372,	'6',	1,	'2022-12-18',	'10000',	'湯淙閔',	1,	'2022-12-18 22:24:05',	'2022-12-18 22:24:05'),
(374,	'4',	1,	'2022-12-16',	'1000',	'4707-TG',	1,	'2022-12-18 22:35:03',	'2022-12-18 22:35:03'),
(375,	'4',	1,	'2022-12-19',	'1000',	'AZX-1095',	1,	'2022-12-20 12:43:28',	'2022-12-20 12:43:28'),
(377,	'3',	1,	'2022-12-20',	'25000',	'小港園區',	1,	'2022-12-20 16:45:36',	'2022-12-20 16:45:36'),
(378,	'4',	1,	'2022-12-21',	'1000',	'4707-TG',	1,	'2022-12-21 23:12:41',	'2022-12-21 23:12:41'),
(379,	'9',	1,	'2022-12-24',	'2500',	'大體美容1000+1500',	1,	'2022-12-24 16:27:00',	'2022-12-24 16:27:00'),
(380,	'1',	1,	'2022-12-24',	'2000',	'舒怡支援12/24、12/25',	1,	'2022-12-24 16:27:48',	'2022-12-24 16:27:48'),
(381,	'6',	1,	'2022-12-25',	'3000',	'淙閔',	1,	'2022-12-25 15:31:24',	'2022-12-25 15:31:24'),
(382,	'5',	1,	'2022-12-25',	'1500',	NULL,	1,	'2022-12-26 21:28:27',	'2022-12-26 21:28:27'),
(383,	'13',	1,	'2022-12-23',	'7430',	'中興金紙',	1,	'2022-12-26 21:34:01',	'2022-12-26 21:34:01'),
(384,	'5',	1,	'2022-12-26',	'1500',	NULL,	1,	'2022-12-26 21:39:07',	'2022-12-26 21:39:07'),
(386,	'16',	10,	'2022-12-14',	'1457',	'割草機(PChome)',	1,	'2022-12-26 21:46:03',	'2022-12-26 21:46:03'),
(387,	'16',	10,	'2022-12-21',	'2995',	'白板月曆、軟白板、打卡機(PCHome)',	1,	'2022-12-26 21:48:26',	'2022-12-26 21:48:26'),
(388,	'5',	1,	'2022-12-22',	'1000',	NULL,	1,	'2022-12-26 21:49:10',	'2022-12-26 21:49:10'),
(389,	'16',	10,	'2022-12-20',	'1215',	'太陽能燈(蝦皮)',	1,	'2022-12-26 21:51:18',	'2022-12-26 21:51:18'),
(390,	'16',	10,	'2022-12-15',	'420',	'申請公司卡憑證',	1,	'2022-12-26 21:55:13',	'2022-12-26 21:55:13'),
(391,	'16',	10,	'2022-12-24',	'2184',	'層架(蝦皮)',	1,	'2022-12-26 21:56:16',	'2022-12-26 21:56:16'),
(392,	'19',	10,	'2022-12-24',	'1898',	'兩箱百威(好市多)',	1,	'2022-12-26 21:57:00',	'2022-12-26 21:57:00'),
(393,	'20',	1,	'2022-12-26',	'15',	NULL,	1,	'2022-12-26 22:03:59',	'2022-12-26 22:03:59'),
(394,	'14',	1,	'2022-12-27',	'5946',	NULL,	1,	'2022-12-27 15:22:40',	'2022-12-27 15:22:40'),
(395,	'20',	1,	'2022-12-27',	'15',	NULL,	1,	'2022-12-27 15:22:50',	'2022-12-27 15:22:50'),
(396,	'9',	1,	'2022-12-27',	'1000',	'舒怡大體美容退佣',	1,	'2022-12-27 17:06:28',	'2022-12-27 17:06:28'),
(397,	'10',	1,	'2022-12-27',	'15000',	'SBIR代辦尾款',	1,	'2022-12-27 17:32:07',	'2022-12-27 17:32:07'),
(398,	'20',	1,	'2022-12-27',	'15',	NULL,	1,	'2022-12-27 17:32:17',	'2022-12-27 17:32:17'),
(399,	'3',	1,	'2022-12-28',	'8000',	'苓雅房租',	1,	'2022-12-28 11:35:24',	'2022-12-28 11:35:24'),
(400,	'12',	1,	'2022-12-28',	'15176',	'11月份勞健保 湯家承陳芋3陳加欣',	1,	'2022-12-28 17:41:05',	'2022-12-28 17:41:05'),
(401,	'20',	1,	'2022-12-28',	'15',	NULL,	1,	'2022-12-28 17:41:16',	'2022-12-28 17:41:16'),
(402,	'4',	1,	'2022-12-27',	'1000',	'4707-TG',	1,	'2022-12-28 21:01:38',	'2022-12-28 21:01:38'),
(403,	'11',	1,	'2022-12-30',	'3000',	'咕溜盆栽退款',	1,	'2022-12-30 13:43:22',	'2022-12-30 13:43:22'),
(404,	'20',	1,	'2022-12-30',	'15',	NULL,	1,	'2022-12-30 19:18:52',	'2022-12-30 19:18:52'),
(405,	'5',	1,	'2022-12-30',	'1000',	NULL,	1,	'2022-12-31 15:48:12',	'2022-12-31 15:48:12'),
(406,	'4',	1,	'2022-12-29',	'1000',	'AZY-1095',	1,	'2022-12-31 15:48:32',	'2022-12-31 15:48:32');

DROP TABLE IF EXISTS `personal_access_tokens`;
CREATE TABLE `personal_access_tokens` (
  `id` bigint(20) unsigned NOT NULL AUTO_INCREMENT,
  `tokenable_type` varchar(255) COLLATE utf8mb4_unicode_ci NOT NULL,
  `tokenable_id` bigint(20) unsigned NOT NULL,
  `name` varchar(255) COLLATE utf8mb4_unicode_ci NOT NULL,
  `token` varchar(64) COLLATE utf8mb4_unicode_ci NOT NULL,
  `abilities` text COLLATE utf8mb4_unicode_ci DEFAULT NULL,
  `last_used_at` timestamp NULL DEFAULT NULL,
  `created_at` timestamp NULL DEFAULT NULL,
  `updated_at` timestamp NULL DEFAULT NULL,
  PRIMARY KEY (`id`),
  UNIQUE KEY `personal_access_tokens_token_unique` (`token`),
  KEY `personal_access_tokens_tokenable_type_tokenable_id_index` (`tokenable_type`,`tokenable_id`)
) ENGINE=InnoDB DEFAULT CHARSET=utf8mb4 COLLATE=utf8mb4_unicode_ci;


DROP TABLE IF EXISTS `plan`;
CREATE TABLE `plan` (
  `id` bigint(20) unsigned NOT NULL AUTO_INCREMENT,
  `name` varchar(255) COLLATE utf8mb4_unicode_ci NOT NULL,
  `status` enum('up','down') COLLATE utf8mb4_unicode_ci NOT NULL DEFAULT 'up',
  `created_at` timestamp NULL DEFAULT NULL,
  `updated_at` timestamp NULL DEFAULT NULL,
  PRIMARY KEY (`id`)
) ENGINE=InnoDB DEFAULT CHARSET=utf8mb4 COLLATE=utf8mb4_unicode_ci;

INSERT INTO `plan` (`id`, `name`, `status`, `created_at`, `updated_at`) VALUES
(1,	'個人',	'up',	'2022-05-13 01:04:19',	'2022-05-13 02:35:22'),
(2,	'團體',	'up',	'2022-05-13 01:05:33',	'2022-05-13 01:05:33'),
(3,	'流浪動物',	'up',	'2022-05-13 01:05:42',	'2022-05-26 02:48:42'),
(4,	'苓雅辦公室',	'up',	'2022-05-26 02:50:07',	'2022-09-02 16:10:10'),
(5,	'小港園區',	'up',	'2022-09-02 16:09:40',	'2022-09-02 16:09:40');

DROP TABLE IF EXISTS `sale_after_prom`;
CREATE TABLE `sale_after_prom` (
  `id` bigint(20) unsigned NOT NULL AUTO_INCREMENT,
  `sale_id` varchar(255) COLLATE utf8mb4_unicode_ci NOT NULL,
  `after_prom_id` varchar(255) COLLATE utf8mb4_unicode_ci DEFAULT NULL,
  `after_prom_total` varchar(255) COLLATE utf8mb4_unicode_ci DEFAULT NULL,
  `created_at` timestamp NULL DEFAULT NULL,
  `updated_at` timestamp NULL DEFAULT NULL,
  PRIMARY KEY (`id`)
) ENGINE=InnoDB DEFAULT CHARSET=utf8mb4 COLLATE=utf8mb4_unicode_ci;

INSERT INTO `sale_after_prom` (`id`, `sale_id`, `after_prom_id`, `after_prom_total`, `created_at`, `updated_at`) VALUES
(1,	'1',	NULL,	NULL,	'2022-06-15 17:54:23',	'2022-06-15 17:54:23'),
(4,	'3',	NULL,	NULL,	'2022-06-17 22:46:43',	'2022-06-17 22:46:43'),
(5,	'4',	NULL,	NULL,	'2022-06-17 22:50:42',	'2022-06-17 22:50:42'),
(6,	'5',	NULL,	NULL,	'2022-06-17 22:52:50',	'2022-06-17 22:52:50'),
(7,	'6',	NULL,	NULL,	'2022-06-17 22:54:28',	'2022-06-17 22:54:28'),
(8,	'7',	NULL,	NULL,	'2022-06-17 22:56:25',	'2022-06-17 22:56:25'),
(9,	'8',	NULL,	NULL,	'2022-06-17 22:58:54',	'2022-06-17 22:58:54'),
(10,	'9',	NULL,	NULL,	'2022-06-17 23:00:05',	'2022-06-17 23:00:05'),
(11,	'10',	NULL,	NULL,	'2022-06-17 23:01:08',	'2022-06-17 23:01:08'),
(12,	'11',	NULL,	NULL,	'2022-06-17 23:02:19',	'2022-06-17 23:02:19'),
(13,	'12',	NULL,	NULL,	'2022-06-17 23:05:32',	'2022-06-17 23:05:32'),
(14,	'13',	NULL,	NULL,	'2022-06-17 23:06:32',	'2022-06-17 23:06:32'),
(15,	'14',	NULL,	NULL,	'2022-06-17 23:09:42',	'2022-06-17 23:09:42'),
(16,	'15',	NULL,	NULL,	'2022-06-17 23:11:47',	'2022-06-17 23:11:47'),
(19,	'17',	'3',	'1000',	'2022-06-17 23:17:53',	'2022-06-17 23:17:53'),
(22,	'19',	NULL,	NULL,	'2022-06-17 23:21:09',	'2022-06-17 23:21:09'),
(25,	'22',	'3',	NULL,	'2022-06-18 00:55:25',	'2022-06-18 00:55:25'),
(26,	'23',	NULL,	NULL,	'2022-06-18 01:04:23',	'2022-06-18 01:04:23'),
(28,	'24',	'3',	'1000',	'2022-06-18 01:06:42',	'2022-06-18 01:06:42'),
(29,	'25',	NULL,	NULL,	'2022-06-18 01:08:32',	'2022-06-18 01:08:32'),
(30,	'26',	NULL,	NULL,	'2022-06-18 01:09:36',	'2022-06-18 01:09:36'),
(31,	'27',	NULL,	NULL,	'2022-06-18 01:11:58',	'2022-06-18 01:11:58'),
(32,	'28',	NULL,	NULL,	'2022-06-18 01:13:06',	'2022-06-18 01:13:06'),
(34,	'30',	'3',	'1000',	'2022-06-18 01:17:23',	'2022-06-18 01:17:23'),
(35,	'31',	NULL,	NULL,	'2022-06-18 01:18:51',	'2022-06-18 01:18:51'),
(36,	'32',	NULL,	NULL,	'2022-06-18 01:20:52',	'2022-06-18 01:20:52'),
(37,	'33',	NULL,	NULL,	'2022-06-18 01:22:14',	'2022-06-18 01:22:14'),
(38,	'34',	NULL,	NULL,	'2022-06-18 01:25:34',	'2022-06-18 01:25:34'),
(39,	'35',	NULL,	NULL,	'2022-06-18 01:32:27',	'2022-06-18 01:32:27'),
(40,	'36',	NULL,	NULL,	'2022-06-18 01:33:21',	'2022-06-18 01:33:21'),
(41,	'37',	NULL,	NULL,	'2022-06-18 01:35:47',	'2022-06-18 01:35:47'),
(42,	'38',	NULL,	NULL,	'2022-06-18 01:37:52',	'2022-06-18 01:37:52'),
(43,	'39',	NULL,	NULL,	'2022-06-18 01:41:58',	'2022-06-18 01:41:58'),
(45,	'41',	'3',	'1000',	'2022-06-18 01:44:04',	'2022-06-18 01:44:04'),
(46,	'42',	NULL,	NULL,	'2022-06-18 01:44:59',	'2022-06-18 01:44:59'),
(47,	'18',	NULL,	NULL,	'2022-06-18 01:52:42',	'2022-06-18 01:52:42'),
(48,	'43',	NULL,	NULL,	'2022-06-18 01:54:24',	'2022-06-18 01:54:24'),
(49,	'44',	NULL,	NULL,	'2022-06-18 01:55:29',	'2022-06-18 01:55:29'),
(50,	'45',	NULL,	NULL,	'2022-06-18 01:56:07',	'2022-06-18 01:56:07'),
(51,	'46',	NULL,	NULL,	'2022-06-18 01:57:02',	'2022-06-18 01:57:02'),
(52,	'47',	NULL,	NULL,	'2022-06-18 01:58:02',	'2022-06-18 01:58:02'),
(53,	'48',	NULL,	NULL,	'2022-06-18 01:58:46',	'2022-06-18 01:58:46'),
(55,	'50',	NULL,	NULL,	'2022-06-18 02:00:15',	'2022-06-18 02:00:15'),
(56,	'49',	NULL,	NULL,	'2022-06-18 02:00:23',	'2022-06-18 02:00:23'),
(57,	'51',	NULL,	NULL,	'2022-06-18 02:01:21',	'2022-06-18 02:01:21'),
(58,	'52',	NULL,	NULL,	'2022-06-18 02:02:22',	'2022-06-18 02:02:22'),
(59,	'53',	NULL,	NULL,	'2022-06-18 02:03:26',	'2022-06-18 02:03:26'),
(60,	'54',	NULL,	NULL,	'2022-06-18 02:05:29',	'2022-06-18 02:05:29'),
(61,	'55',	NULL,	NULL,	'2022-06-18 02:06:30',	'2022-06-18 02:06:30'),
(62,	'56',	NULL,	NULL,	'2022-06-18 02:07:11',	'2022-06-18 02:07:11'),
(63,	'57',	NULL,	NULL,	'2022-06-18 02:08:06',	'2022-06-18 02:08:06'),
(66,	'60',	'3',	'1000',	'2022-06-18 18:06:11',	'2022-06-18 18:06:11'),
(67,	'61',	NULL,	NULL,	'2022-06-18 18:26:13',	'2022-06-18 18:26:13'),
(69,	'29',	'2',	'3500',	'2022-06-18 18:32:32',	'2022-06-18 18:32:32'),
(70,	'40',	NULL,	NULL,	'2022-06-18 18:38:38',	'2022-06-18 18:38:38'),
(71,	'62',	NULL,	NULL,	'2022-06-18 18:50:59',	'2022-06-18 18:50:59'),
(72,	'63',	NULL,	NULL,	'2022-06-18 19:06:49',	'2022-06-18 19:06:49'),
(73,	'64',	'5',	'500',	'2022-06-19 19:12:14',	'2022-06-19 19:12:14'),
(74,	'65',	'3',	'1000',	'2022-06-19 19:13:21',	'2022-06-19 19:13:21'),
(75,	'66',	'4',	'2400',	'2022-06-19 19:14:40',	'2022-06-19 19:14:40'),
(76,	'67',	NULL,	NULL,	'2022-06-19 19:26:46',	'2022-06-19 19:26:46'),
(77,	'68',	NULL,	NULL,	'2022-06-21 00:05:10',	'2022-06-21 00:05:10'),
(78,	'69',	NULL,	NULL,	'2022-06-21 00:10:03',	'2022-06-21 00:10:03'),
(79,	'70',	NULL,	NULL,	'2022-06-21 00:15:44',	'2022-06-21 00:15:44'),
(80,	'71',	NULL,	NULL,	'2022-06-21 00:17:26',	'2022-06-21 00:17:26'),
(81,	'72',	NULL,	NULL,	'2022-06-21 00:19:37',	'2022-06-21 00:19:37'),
(82,	'73',	NULL,	NULL,	'2022-06-21 18:50:13',	'2022-06-21 18:50:13'),
(83,	'74',	NULL,	NULL,	'2022-06-21 18:51:39',	'2022-06-21 18:51:39'),
(87,	'76',	NULL,	NULL,	'2022-06-23 16:45:40',	'2022-06-23 16:45:40'),
(88,	'77',	NULL,	NULL,	'2022-06-23 16:46:48',	'2022-06-23 16:46:48'),
(89,	'78',	'2',	'2000',	'2022-06-23 16:50:37',	'2022-06-23 16:50:37'),
(90,	'79',	NULL,	NULL,	'2022-06-23 16:52:35',	'2022-06-23 16:52:35'),
(91,	'79',	NULL,	NULL,	'2022-06-24 13:52:56',	'2022-06-24 13:52:56'),
(92,	'81',	NULL,	NULL,	'2022-06-24 15:09:26',	'2022-06-24 15:09:26'),
(93,	'81',	NULL,	NULL,	'2022-06-24 17:13:16',	'2022-06-24 17:13:16'),
(95,	'83',	NULL,	NULL,	'2022-06-25 15:03:20',	'2022-06-25 15:03:20'),
(96,	'83',	NULL,	NULL,	'2022-06-25 15:04:00',	'2022-06-25 15:04:00'),
(97,	'83',	NULL,	NULL,	'2022-06-25 15:04:48',	'2022-06-25 15:04:48'),
(98,	'83',	NULL,	NULL,	'2022-06-26 12:09:20',	'2022-06-26 12:09:20'),
(105,	'88',	'4',	'1200',	'2022-06-26 12:22:18',	'2022-06-26 12:22:18'),
(106,	'88',	'4',	'600',	'2022-06-26 12:22:18',	'2022-06-26 12:22:18'),
(107,	'87',	'3',	'1000',	'2022-06-26 12:23:49',	'2022-06-26 12:23:49'),
(108,	'87',	'3',	'1000',	'2022-06-26 16:37:39',	'2022-06-26 16:37:39'),
(109,	'89',	'3',	'1000',	'2022-06-26 16:38:05',	'2022-06-26 16:38:05'),
(110,	'87',	NULL,	NULL,	'2022-06-26 18:31:47',	'2022-06-26 18:31:47'),
(111,	'91',	'2',	'2000',	'2022-06-27 13:11:45',	'2022-06-27 13:11:45'),
(112,	'91',	'3',	'1000',	'2022-06-27 13:11:45',	'2022-06-27 13:11:45'),
(113,	'91',	NULL,	NULL,	'2022-06-27 14:18:29',	'2022-06-27 14:18:29'),
(114,	'91',	NULL,	NULL,	'2022-06-27 21:57:39',	'2022-06-27 21:57:39'),
(115,	'91',	NULL,	NULL,	'2022-06-27 21:58:55',	'2022-06-27 21:58:55'),
(134,	'105',	'3',	'1000',	'2022-06-28 15:18:11',	'2022-06-28 15:18:11'),
(135,	'105',	'2',	'2000',	'2022-06-28 15:18:11',	'2022-06-28 15:18:11'),
(136,	'106',	NULL,	NULL,	'2022-06-28 15:19:12',	'2022-06-28 15:19:12'),
(137,	'107',	NULL,	NULL,	'2022-06-28 15:21:09',	'2022-06-28 15:21:09'),
(138,	'108',	NULL,	NULL,	'2022-06-29 15:51:57',	'2022-06-29 15:51:57'),
(139,	'109',	NULL,	NULL,	'2022-06-29 15:52:34',	'2022-06-29 15:52:34'),
(140,	'110',	NULL,	NULL,	'2022-06-29 15:53:25',	'2022-06-29 15:53:25'),
(141,	'111',	NULL,	NULL,	'2022-06-30 14:43:11',	'2022-06-30 14:43:11'),
(142,	'112',	'2',	'2000',	'2022-06-30 17:09:13',	'2022-06-30 17:09:13'),
(143,	'113',	NULL,	NULL,	'2022-06-30 17:10:40',	'2022-06-30 17:10:40'),
(148,	'115',	'3',	'1000',	'2022-07-01 15:40:24',	'2022-07-01 15:40:24'),
(149,	'115',	'4',	'2400',	'2022-07-01 15:40:24',	'2022-07-01 15:40:24'),
(150,	'116',	'7',	'2500',	'2022-07-01 16:01:47',	'2022-07-01 16:01:47'),
(151,	'117',	NULL,	NULL,	'2022-07-01 16:31:02',	'2022-07-01 16:31:02'),
(152,	'118',	'3',	'1000',	'2022-07-02 18:44:00',	'2022-07-02 18:44:00'),
(153,	'119',	'2',	'3500',	'2022-07-02 18:45:48',	'2022-07-02 18:45:48'),
(154,	'120',	NULL,	NULL,	'2022-07-04 22:45:37',	'2022-07-04 22:45:37'),
(155,	'121',	NULL,	NULL,	'2022-07-04 22:47:29',	'2022-07-04 22:47:29'),
(156,	'122',	NULL,	NULL,	'2022-07-04 22:48:12',	'2022-07-04 22:48:12'),
(157,	'123',	'2',	NULL,	'2022-07-04 22:49:01',	'2022-07-04 22:49:01'),
(159,	'125',	NULL,	NULL,	'2022-07-05 21:15:08',	'2022-07-05 21:15:08'),
(161,	'127',	'2',	'3500',	'2022-07-06 17:07:50',	'2022-07-06 17:07:50'),
(162,	'127',	'4',	'1200',	'2022-07-06 17:07:50',	'2022-07-06 17:07:50'),
(163,	'128',	'3',	'1000',	'2022-07-07 12:27:12',	'2022-07-07 12:27:12'),
(164,	'128',	'2',	'2000',	'2022-07-07 12:27:12',	'2022-07-07 12:27:12'),
(166,	'129',	NULL,	NULL,	'2022-07-07 13:12:00',	'2022-07-07 13:12:00'),
(167,	'130',	NULL,	NULL,	'2022-07-08 13:41:46',	'2022-07-08 13:41:46'),
(168,	'131',	NULL,	NULL,	'2022-07-08 13:42:22',	'2022-07-08 13:42:22'),
(169,	'132',	NULL,	NULL,	'2022-07-08 13:43:00',	'2022-07-08 13:43:00'),
(170,	'133',	NULL,	NULL,	'2022-07-11 12:49:10',	'2022-07-11 12:49:10'),
(171,	'134',	NULL,	NULL,	'2022-07-11 12:50:05',	'2022-07-11 12:50:05'),
(172,	'135',	'3',	'1000',	'2022-07-11 12:51:17',	'2022-07-11 12:51:17'),
(173,	'135',	'4',	'1200',	'2022-07-11 12:51:17',	'2022-07-11 12:51:17'),
(174,	'136',	NULL,	NULL,	'2022-07-11 12:52:07',	'2022-07-11 12:52:07'),
(175,	'137',	'6',	'500',	'2022-07-11 12:52:55',	'2022-07-11 12:52:55'),
(176,	'124',	NULL,	NULL,	'2022-07-11 12:57:54',	'2022-07-11 12:57:54'),
(177,	'138',	'4',	'1200',	'2022-07-11 12:59:54',	'2022-07-11 12:59:54'),
(178,	'126',	'4',	'1200',	'2022-07-11 13:04:14',	'2022-07-11 13:04:14'),
(180,	'140',	'6',	'500',	'2022-07-15 13:10:40',	'2022-07-15 13:10:40'),
(181,	'141',	NULL,	NULL,	'2022-07-15 13:12:46',	'2022-07-15 13:12:46'),
(182,	'142',	'2',	'2000',	'2022-07-15 13:14:06',	'2022-07-15 13:14:06'),
(183,	'143',	'6',	'500',	'2022-07-15 13:15:44',	'2022-07-15 13:15:44'),
(184,	'144',	NULL,	NULL,	'2022-07-15 13:17:39',	'2022-07-15 13:17:39'),
(185,	'145',	NULL,	NULL,	'2022-07-15 13:21:32',	'2022-07-15 13:21:32'),
(186,	'146',	NULL,	NULL,	'2022-07-15 13:22:46',	'2022-07-15 13:22:46'),
(187,	'147',	'3',	'1000',	'2022-07-15 13:37:45',	'2022-07-15 13:37:45'),
(189,	'149',	NULL,	NULL,	'2022-07-15 18:25:43',	'2022-07-15 18:25:43'),
(191,	'151',	NULL,	NULL,	'2022-07-16 13:10:21',	'2022-07-16 13:10:21'),
(192,	'152',	NULL,	NULL,	'2022-07-16 13:44:05',	'2022-07-16 13:44:05'),
(194,	'154',	NULL,	NULL,	'2022-07-17 13:00:30',	'2022-07-17 13:00:30'),
(195,	'155',	NULL,	NULL,	'2022-07-18 11:34:01',	'2022-07-18 11:34:01'),
(196,	'156',	NULL,	NULL,	'2022-07-18 11:37:13',	'2022-07-18 11:37:13'),
(197,	'157',	'6',	'500',	'2022-07-18 11:38:02',	'2022-07-18 11:38:02'),
(199,	'159',	NULL,	NULL,	'2022-07-18 15:03:04',	'2022-07-18 15:03:04'),
(200,	'160',	NULL,	NULL,	'2022-07-18 15:43:43',	'2022-07-18 15:43:43'),
(201,	'161',	NULL,	NULL,	'2022-07-20 14:23:35',	'2022-07-20 14:23:35'),
(202,	'162',	NULL,	NULL,	'2022-07-20 14:25:53',	'2022-07-20 14:25:53'),
(204,	'164',	NULL,	NULL,	'2022-07-20 14:33:30',	'2022-07-20 14:33:30'),
(205,	'165',	NULL,	NULL,	'2022-07-20 14:37:08',	'2022-07-20 14:37:08'),
(206,	'166',	NULL,	NULL,	'2022-07-20 18:07:54',	'2022-07-20 18:07:54'),
(207,	'167',	NULL,	NULL,	'2022-07-21 18:02:35',	'2022-07-21 18:02:35'),
(210,	'168',	'8',	'1000',	'2022-07-22 10:18:20',	'2022-07-22 10:18:20'),
(211,	'114',	'2',	'2000',	'2022-07-22 10:21:44',	'2022-07-22 10:21:44'),
(212,	'114',	'4',	'1200',	'2022-07-22 10:21:44',	'2022-07-22 10:21:44'),
(213,	'114',	'6',	'500',	'2022-07-22 10:21:44',	'2022-07-22 10:21:44'),
(214,	'114',	'8',	'1000',	'2022-07-22 10:21:44',	'2022-07-22 10:21:44'),
(215,	'139',	'4',	'1200',	'2022-07-22 10:22:17',	'2022-07-22 10:22:17'),
(216,	'139',	'8',	'1000',	'2022-07-22 10:22:17',	'2022-07-22 10:22:17'),
(217,	'148',	'6',	'500',	'2022-07-22 10:22:29',	'2022-07-22 10:22:29'),
(218,	'148',	'8',	'1000',	'2022-07-22 10:22:29',	'2022-07-22 10:22:29'),
(219,	'150',	'3',	'1000',	'2022-07-22 10:22:40',	'2022-07-22 10:22:40'),
(220,	'150',	'8',	'1000',	'2022-07-22 10:22:40',	'2022-07-22 10:22:40'),
(221,	'163',	'8',	'1000',	'2022-07-22 10:24:03',	'2022-07-22 10:24:03'),
(222,	'158',	'8',	'1000',	'2022-07-22 10:24:11',	'2022-07-22 10:24:11'),
(223,	'169',	NULL,	NULL,	'2022-07-22 10:27:29',	'2022-07-22 10:27:29'),
(224,	'170',	NULL,	NULL,	'2022-07-22 13:14:27',	'2022-07-22 13:14:27'),
(225,	'171',	'8',	'1000',	'2022-07-24 13:07:44',	'2022-07-24 13:07:44'),
(226,	'172',	'3',	'1000',	'2022-07-24 13:09:41',	'2022-07-24 13:09:41'),
(227,	'173',	NULL,	NULL,	'2022-07-24 13:12:00',	'2022-07-24 13:12:00'),
(228,	'174',	NULL,	NULL,	'2022-07-24 13:12:59',	'2022-07-24 13:12:59'),
(229,	'175',	NULL,	NULL,	'2022-07-24 13:15:52',	'2022-07-24 13:15:52'),
(230,	'176',	NULL,	NULL,	'2022-07-24 13:17:44',	'2022-07-24 13:17:44'),
(231,	'177',	'2',	'2000',	'2022-07-24 13:19:42',	'2022-07-24 13:19:42'),
(232,	'178',	'2',	'2000',	'2022-07-24 13:22:29',	'2022-07-24 13:22:29'),
(233,	'178',	'8',	'1000',	'2022-07-24 13:22:29',	'2022-07-24 13:22:29'),
(243,	'179',	'8',	'1000',	'2022-07-25 14:42:09',	'2022-07-25 14:42:09'),
(244,	'179',	'2',	'2500',	'2022-07-25 14:42:09',	'2022-07-25 14:42:09'),
(245,	'181',	NULL,	NULL,	'2022-07-25 15:27:48',	'2022-07-25 15:27:48'),
(247,	'182',	'2',	'3000',	'2022-07-25 15:31:28',	'2022-07-25 15:31:28'),
(248,	'183',	NULL,	NULL,	'2022-07-26 02:20:26',	'2022-07-26 02:20:26'),
(249,	'184',	NULL,	NULL,	'2022-07-26 02:21:20',	'2022-07-26 02:21:20'),
(250,	'185',	'6',	NULL,	'2022-07-26 02:22:19',	'2022-07-26 02:22:19'),
(251,	'186',	NULL,	NULL,	'2022-07-26 10:09:56',	'2022-07-26 10:09:56'),
(252,	'180',	'8',	'1000',	'2022-07-26 18:51:02',	'2022-07-26 18:51:02'),
(253,	'187',	NULL,	NULL,	'2022-07-29 10:53:04',	'2022-07-29 10:53:04'),
(254,	'188',	NULL,	NULL,	'2022-07-29 10:55:57',	'2022-07-29 10:55:57'),
(255,	'189',	NULL,	NULL,	'2022-07-29 10:57:40',	'2022-07-29 10:57:40'),
(256,	'190',	NULL,	NULL,	'2022-07-29 10:59:27',	'2022-07-29 10:59:27'),
(257,	'191',	'4',	'1200',	'2022-07-29 11:00:31',	'2022-07-29 11:00:31'),
(258,	'192',	NULL,	NULL,	'2022-07-31 16:44:21',	'2022-07-31 16:44:21'),
(259,	'193',	NULL,	NULL,	'2022-07-31 16:45:27',	'2022-07-31 16:45:27'),
(260,	'194',	NULL,	NULL,	'2022-07-31 16:46:16',	'2022-07-31 16:46:16'),
(261,	'195',	'4',	'1200',	'2022-07-31 16:51:44',	'2022-07-31 16:51:44'),
(262,	'195',	'8',	'1000',	'2022-07-31 16:51:44',	'2022-07-31 16:51:44'),
(263,	'196',	NULL,	NULL,	'2022-07-31 16:53:17',	'2022-07-31 16:53:17'),
(265,	'198',	'8',	'1000',	'2022-07-31 16:58:07',	'2022-07-31 16:58:07'),
(266,	'199',	'8',	'1000',	'2022-07-31 17:00:13',	'2022-07-31 17:00:13'),
(267,	'199',	'6',	'500',	'2022-07-31 17:00:13',	'2022-07-31 17:00:13'),
(268,	'200',	'8',	'1000',	'2022-07-31 17:01:00',	'2022-07-31 17:01:00'),
(269,	'201',	'8',	'1000',	'2022-07-31 17:19:14',	'2022-07-31 17:19:14'),
(270,	'202',	NULL,	NULL,	'2022-08-01 14:26:03',	'2022-08-01 14:26:03'),
(271,	'203',	'2',	'2500',	'2022-08-01 14:27:39',	'2022-08-01 14:27:39'),
(272,	'203',	'6',	'500',	'2022-08-01 14:27:39',	'2022-08-01 14:27:39'),
(273,	'204',	'8',	'1000',	'2022-08-01 14:29:01',	'2022-08-01 14:29:01'),
(274,	'205',	NULL,	NULL,	'2022-08-01 16:41:06',	'2022-08-01 16:41:06'),
(275,	'206',	'8',	'1000',	'2022-08-03 11:18:11',	'2022-08-03 11:18:11'),
(276,	'207',	'6',	'500',	'2022-08-03 11:19:27',	'2022-08-03 11:19:27'),
(277,	'207',	'2',	'2500',	'2022-08-03 11:19:27',	'2022-08-03 11:19:27'),
(278,	'208',	'8',	'1000',	'2022-08-03 11:20:58',	'2022-08-03 11:20:58'),
(279,	'208',	'6',	'500',	'2022-08-03 11:20:58',	'2022-08-03 11:20:58'),
(280,	'208',	'5',	'500',	'2022-08-03 11:20:58',	'2022-08-03 11:20:58'),
(281,	'209',	'6',	'500',	'2022-08-03 11:22:16',	'2022-08-03 11:22:16'),
(282,	'210',	'3',	'1000',	'2022-08-03 17:44:43',	'2022-08-03 17:44:43'),
(283,	'210',	'4',	'800',	'2022-08-03 17:44:43',	'2022-08-03 17:44:43'),
(284,	'211',	NULL,	NULL,	'2022-08-03 17:45:48',	'2022-08-03 17:45:48'),
(285,	'212',	'3',	'1000',	'2022-08-05 09:48:02',	'2022-08-05 09:48:02'),
(286,	'213',	'3',	'1000',	'2022-08-05 09:49:23',	'2022-08-05 09:49:23'),
(287,	'213',	'8',	'1000',	'2022-08-05 09:49:23',	'2022-08-05 09:49:23'),
(288,	'214',	NULL,	NULL,	'2022-08-05 09:51:26',	'2022-08-05 09:51:26'),
(289,	'215',	'3',	'1000',	'2022-08-05 18:52:41',	'2022-08-05 18:52:41'),
(290,	'216',	'2',	'3500',	'2022-08-05 18:53:47',	'2022-08-05 18:53:47'),
(291,	'217',	NULL,	NULL,	'2022-08-05 20:01:27',	'2022-08-05 20:01:27'),
(292,	'218',	NULL,	NULL,	'2022-08-05 20:02:00',	'2022-08-05 20:02:00'),
(293,	'219',	'8',	'1000',	'2022-08-07 14:30:37',	'2022-08-07 14:30:37'),
(294,	'220',	NULL,	NULL,	'2022-08-07 14:31:28',	'2022-08-07 14:31:28'),
(295,	'197',	NULL,	NULL,	'2022-08-07 17:50:24',	'2022-08-07 17:50:24'),
(297,	'222',	'8',	'1000',	'2022-08-08 10:25:23',	'2022-08-08 10:25:23'),
(298,	'223',	NULL,	NULL,	'2022-08-08 10:26:02',	'2022-08-08 10:26:02'),
(299,	'224',	NULL,	NULL,	'2022-08-08 10:27:36',	'2022-08-08 10:27:36'),
(300,	'225',	'6',	'500',	'2022-08-08 10:29:45',	'2022-08-08 10:29:45'),
(301,	'226',	NULL,	NULL,	'2022-08-08 10:31:10',	'2022-08-08 10:31:10'),
(302,	'227',	'8',	'1000',	'2022-08-08 10:33:07',	'2022-08-08 10:33:07'),
(304,	'221',	NULL,	NULL,	'2022-08-08 10:34:33',	'2022-08-08 10:34:33'),
(305,	'228',	NULL,	NULL,	'2022-08-09 10:50:42',	'2022-08-09 10:50:42'),
(306,	'229',	NULL,	NULL,	'2022-08-09 10:52:06',	'2022-08-09 10:52:06'),
(307,	'230',	'8',	'1000',	'2022-08-09 12:12:00',	'2022-08-09 12:12:00'),
(308,	'231',	NULL,	NULL,	'2022-08-10 18:01:38',	'2022-08-10 18:01:38'),
(309,	'232',	NULL,	NULL,	'2022-08-10 18:03:02',	'2022-08-10 18:03:02'),
(310,	'233',	NULL,	NULL,	'2022-08-10 18:04:31',	'2022-08-10 18:04:31'),
(311,	'234',	'3',	'1000',	'2022-08-10 18:06:07',	'2022-08-10 18:06:07'),
(312,	'235',	NULL,	NULL,	'2022-08-10 18:07:23',	'2022-08-10 18:07:23'),
(313,	'236',	NULL,	NULL,	'2022-08-10 18:09:10',	'2022-08-10 18:09:10'),
(314,	'237',	NULL,	NULL,	'2022-08-11 10:52:37',	'2022-08-11 10:52:37'),
(315,	'238',	'8',	'1000',	'2022-08-12 14:27:10',	'2022-08-12 14:27:10'),
(316,	'238',	'2',	'2000',	'2022-08-12 14:27:10',	'2022-08-12 14:27:10'),
(317,	'239',	NULL,	NULL,	'2022-08-14 11:39:40',	'2022-08-14 11:39:40'),
(318,	'240',	NULL,	NULL,	'2022-08-14 21:39:25',	'2022-08-14 21:39:25'),
(319,	'241',	NULL,	NULL,	'2022-08-14 21:40:31',	'2022-08-14 21:40:31'),
(320,	'242',	'8',	'1000',	'2022-08-14 21:41:21',	'2022-08-14 21:41:21'),
(321,	'243',	'8',	'1000',	'2022-08-14 21:43:47',	'2022-08-14 21:43:47'),
(322,	'244',	'8',	'1000',	'2022-08-14 21:45:56',	'2022-08-14 21:45:56'),
(323,	'245',	'3',	'1000',	'2022-08-14 21:47:24',	'2022-08-14 21:47:24'),
(324,	'245',	'8',	'1000',	'2022-08-14 21:47:24',	'2022-08-14 21:47:24'),
(325,	'246',	'4',	'1200',	'2022-08-14 21:50:25',	'2022-08-14 21:50:25'),
(326,	'246',	'2',	'2000',	'2022-08-14 21:50:25',	'2022-08-14 21:50:25'),
(327,	'246',	'8',	'1000',	'2022-08-14 21:50:25',	'2022-08-14 21:50:25'),
(328,	'247',	NULL,	NULL,	'2022-08-14 21:51:19',	'2022-08-14 21:51:19'),
(330,	'249',	NULL,	NULL,	'2022-08-14 21:54:37',	'2022-08-14 21:54:37'),
(331,	'250',	'8',	'1000',	'2022-08-14 21:55:16',	'2022-08-14 21:55:16'),
(334,	'251',	NULL,	NULL,	'2022-08-14 22:00:46',	'2022-08-14 22:00:46'),
(335,	'252',	NULL,	NULL,	'2022-08-14 22:01:55',	'2022-08-14 22:01:55'),
(336,	'253',	NULL,	NULL,	'2022-08-14 22:03:03',	'2022-08-14 22:03:03'),
(338,	'248',	'8',	'2000',	'2022-08-14 23:57:03',	'2022-08-14 23:57:03'),
(339,	'254',	NULL,	NULL,	'2022-08-15 12:37:01',	'2022-08-15 12:37:01'),
(340,	'255',	'2',	'2000',	'2022-08-15 12:39:46',	'2022-08-15 12:39:46'),
(341,	'255',	'6',	'500',	'2022-08-15 12:39:46',	'2022-08-15 12:39:46'),
(342,	'256',	NULL,	NULL,	'2022-08-16 12:14:36',	'2022-08-16 12:14:36'),
(343,	'257',	NULL,	NULL,	'2022-08-16 17:04:22',	'2022-08-16 17:04:22'),
(344,	'258',	NULL,	NULL,	'2022-08-16 17:05:55',	'2022-08-16 17:05:55'),
(345,	'259',	NULL,	NULL,	'2022-08-17 10:18:54',	'2022-08-17 10:18:54'),
(346,	'260',	NULL,	NULL,	'2022-08-17 10:19:58',	'2022-08-17 10:19:58'),
(347,	'261',	NULL,	NULL,	'2022-08-19 11:49:32',	'2022-08-19 11:49:32'),
(348,	'262',	NULL,	NULL,	'2022-08-19 11:52:42',	'2022-08-19 11:52:42'),
(349,	'263',	NULL,	NULL,	'2022-08-19 11:53:42',	'2022-08-19 11:53:42'),
(350,	'264',	'3',	'1000',	'2022-08-20 11:17:18',	'2022-08-20 11:17:18'),
(351,	'264',	'4',	'1200',	'2022-08-20 11:17:18',	'2022-08-20 11:17:18'),
(352,	'265',	NULL,	NULL,	'2022-08-20 11:19:01',	'2022-08-20 11:19:01'),
(353,	'266',	'6',	'500',	'2022-08-20 11:20:48',	'2022-08-20 11:20:48'),
(354,	'267',	'6',	'500',	'2022-08-20 11:22:10',	'2022-08-20 11:22:10'),
(355,	'268',	'2',	'2000',	'2022-08-20 18:21:48',	'2022-08-20 18:21:48'),
(356,	'269',	NULL,	NULL,	'2022-08-20 18:29:19',	'2022-08-20 18:29:19'),
(357,	'270',	NULL,	NULL,	'2022-08-20 18:30:56',	'2022-08-20 18:30:56'),
(358,	'270',	NULL,	NULL,	'2022-08-20 18:30:56',	'2022-08-20 18:30:56'),
(359,	'271',	NULL,	NULL,	'2022-08-20 18:33:16',	'2022-08-20 18:33:16'),
(360,	'272',	'3',	'1000',	'2022-08-20 18:36:29',	'2022-08-20 18:36:29'),
(361,	'272',	'2',	'3500',	'2022-08-20 18:36:29',	'2022-08-20 18:36:29'),
(362,	'272',	NULL,	NULL,	'2022-08-20 18:36:29',	'2022-08-20 18:36:29'),
(363,	'273',	NULL,	NULL,	'2022-08-20 18:39:40',	'2022-08-20 18:39:40'),
(364,	'274',	'6',	'500',	'2022-08-21 18:08:06',	'2022-08-21 18:08:06'),
(365,	'275',	NULL,	NULL,	'2022-08-21 18:14:29',	'2022-08-21 18:14:29'),
(366,	'276',	NULL,	NULL,	'2022-08-22 17:07:14',	'2022-08-22 17:07:14'),
(367,	'277',	NULL,	NULL,	'2022-08-22 17:25:39',	'2022-08-22 17:25:39'),
(368,	'278',	NULL,	NULL,	'2022-08-22 17:27:03',	'2022-08-22 17:27:03'),
(369,	'279',	'6',	'500',	'2022-08-22 17:28:14',	'2022-08-22 17:28:14'),
(370,	'279',	'2',	'2000',	'2022-08-22 17:28:14',	'2022-08-22 17:28:14'),
(371,	'280',	NULL,	NULL,	'2022-08-22 17:29:39',	'2022-08-22 17:29:39'),
(372,	'281',	'2',	'2500',	'2022-08-22 17:32:25',	'2022-08-22 17:32:25'),
(373,	'281',	'1',	'4000',	'2022-08-22 17:32:25',	'2022-08-22 17:32:25'),
(376,	'283',	'3',	'1000',	'2022-08-23 20:34:55',	'2022-08-23 20:34:55'),
(377,	'284',	'3',	'1000',	'2022-08-23 20:37:27',	'2022-08-23 20:37:27'),
(378,	'285',	'3',	'1000',	'2022-08-23 20:39:32',	'2022-08-23 20:39:32'),
(379,	'285',	'5',	'1000',	'2022-08-23 20:39:32',	'2022-08-23 20:39:32'),
(381,	'287',	'2',	'2000',	'2022-08-24 19:32:35',	'2022-08-24 19:32:35'),
(382,	'286',	NULL,	NULL,	'2022-08-24 19:33:13',	'2022-08-24 19:33:13'),
(383,	'288',	'3',	'1000',	'2022-08-24 19:35:38',	'2022-08-24 19:35:38'),
(384,	'289',	'3',	'1000',	'2022-08-24 19:41:51',	'2022-08-24 19:41:51'),
(385,	'290',	NULL,	NULL,	'2022-08-24 19:43:56',	'2022-08-24 19:43:56'),
(386,	'291',	NULL,	NULL,	'2022-08-24 19:44:57',	'2022-08-24 19:44:57'),
(387,	'292',	'3',	'1000',	'2022-08-24 19:48:19',	'2022-08-24 19:48:19'),
(388,	'293',	NULL,	NULL,	'2022-08-26 09:56:30',	'2022-08-26 09:56:30'),
(389,	'294',	'2',	'2500',	'2022-08-26 09:59:33',	'2022-08-26 09:59:33'),
(391,	'295',	'6',	'500',	'2022-08-27 12:09:33',	'2022-08-27 12:09:33'),
(392,	'296',	'3',	'1000',	'2022-08-28 18:41:47',	'2022-08-28 18:41:47'),
(393,	'297',	'2',	'2500',	'2022-08-28 18:45:05',	'2022-08-28 18:45:05'),
(394,	'298',	NULL,	NULL,	'2022-08-28 18:47:17',	'2022-08-28 18:47:17'),
(395,	'299',	NULL,	NULL,	'2022-08-28 18:49:02',	'2022-08-28 18:49:02'),
(396,	'300',	'3',	'1000',	'2022-08-28 19:56:58',	'2022-08-28 19:56:58'),
(397,	'300',	'2',	'2500',	'2022-08-28 19:56:58',	'2022-08-28 19:56:58'),
(398,	'300',	'1',	'4000',	'2022-08-28 19:56:58',	'2022-08-28 19:56:58'),
(399,	'301',	NULL,	NULL,	'2022-08-28 19:58:09',	'2022-08-28 19:58:09'),
(400,	'302',	'7',	'2500',	'2022-08-29 12:55:21',	'2022-08-29 12:55:21'),
(401,	'303',	NULL,	NULL,	'2022-08-30 12:20:27',	'2022-08-30 12:20:27'),
(402,	'304',	'2',	'2000',	'2022-08-30 19:34:58',	'2022-08-30 19:34:58'),
(403,	'304',	'7',	'2500',	'2022-08-30 19:34:58',	'2022-08-30 19:34:58'),
(404,	'305',	NULL,	NULL,	'2022-08-30 19:36:26',	'2022-08-30 19:36:26'),
(405,	'306',	NULL,	NULL,	'2022-08-30 19:38:33',	'2022-08-30 19:38:33'),
(406,	'307',	NULL,	NULL,	'2022-08-30 19:39:59',	'2022-08-30 19:39:59'),
(407,	'308',	NULL,	NULL,	'2022-08-30 19:42:29',	'2022-08-30 19:42:29'),
(408,	'309',	NULL,	NULL,	'2022-08-30 19:44:16',	'2022-08-30 19:44:16'),
(409,	'310',	'3',	'1000',	'2022-08-30 19:45:16',	'2022-08-30 19:45:16'),
(410,	'311',	'2',	'3500',	'2022-08-30 19:47:11',	'2022-08-30 19:47:11'),
(411,	'311',	'1',	'8000',	'2022-08-30 19:47:11',	'2022-08-30 19:47:11'),
(412,	'311',	'7',	'2500',	'2022-08-30 19:47:11',	'2022-08-30 19:47:11'),
(413,	'311',	'4',	'3600',	'2022-08-30 19:47:11',	'2022-08-30 19:47:11'),
(414,	'312',	NULL,	NULL,	'2022-08-31 00:17:54',	'2022-08-31 00:17:54'),
(416,	'314',	'3',	'1000',	'2022-08-31 20:43:47',	'2022-08-31 20:43:47'),
(417,	'314',	'2',	'2500',	'2022-08-31 20:43:47',	'2022-08-31 20:43:47'),
(418,	'313',	NULL,	NULL,	'2022-08-31 20:44:03',	'2022-08-31 20:44:03'),
(419,	'315',	NULL,	NULL,	'2022-08-31 20:46:28',	'2022-08-31 20:46:28'),
(420,	'316',	NULL,	NULL,	'2022-09-02 12:39:48',	'2022-09-02 12:39:48'),
(421,	'317',	NULL,	NULL,	'2022-09-02 12:43:46',	'2022-09-02 12:43:46'),
(422,	'318',	'2',	'2500',	'2022-09-02 15:28:51',	'2022-09-02 15:28:51'),
(423,	'319',	'3',	'1000',	'2022-09-02 15:29:59',	'2022-09-02 15:29:59'),
(424,	'320',	'3',	'1000',	'2022-09-02 15:32:06',	'2022-09-02 15:32:06'),
(426,	'321',	NULL,	NULL,	'2022-09-04 10:41:40',	'2022-09-04 10:41:40'),
(427,	'322',	'4',	'2800',	'2022-09-04 10:42:52',	'2022-09-04 10:42:52'),
(428,	'323',	'3',	'1000',	'2022-09-04 10:47:34',	'2022-09-04 10:47:34'),
(429,	'323',	'6',	'500',	'2022-09-04 10:47:34',	'2022-09-04 10:47:34'),
(430,	'324',	NULL,	NULL,	'2022-09-04 10:50:01',	'2022-09-04 10:50:01'),
(432,	'325',	NULL,	NULL,	'2022-09-04 10:54:19',	'2022-09-04 10:54:19'),
(433,	'326',	NULL,	NULL,	'2022-09-04 10:55:46',	'2022-09-04 10:55:46'),
(434,	'327',	NULL,	NULL,	'2022-09-04 10:59:10',	'2022-09-04 10:59:10'),
(435,	'328',	NULL,	NULL,	'2022-09-04 19:42:27',	'2022-09-04 19:42:27'),
(438,	'331',	NULL,	NULL,	'2022-09-04 19:47:36',	'2022-09-04 19:47:36'),
(439,	'332',	NULL,	NULL,	'2022-09-04 19:49:58',	'2022-09-04 19:49:58'),
(440,	'333',	NULL,	NULL,	'2022-09-04 19:51:18',	'2022-09-04 19:51:18'),
(441,	'334',	NULL,	NULL,	'2022-09-05 17:53:13',	'2022-09-05 17:53:13'),
(442,	'335',	NULL,	NULL,	'2022-09-05 17:54:06',	'2022-09-05 17:54:06'),
(443,	'336',	NULL,	NULL,	'2022-09-05 17:55:15',	'2022-09-05 17:55:15'),
(444,	'337',	'2',	'2500',	'2022-09-05 17:59:29',	'2022-09-05 17:59:29'),
(445,	'338',	NULL,	NULL,	'2022-09-05 18:00:34',	'2022-09-05 18:00:34'),
(446,	'339',	'3',	'1000',	'2022-09-05 18:06:46',	'2022-09-05 18:06:46'),
(447,	'340',	'4',	'1200',	'2022-09-05 18:09:59',	'2022-09-05 18:09:59'),
(448,	'341',	'3',	'1000',	'2022-09-07 15:56:48',	'2022-09-07 15:56:48'),
(449,	'341',	'4',	'3600',	'2022-09-07 15:56:48',	'2022-09-07 15:56:48'),
(450,	'342',	NULL,	NULL,	'2022-09-07 15:58:07',	'2022-09-07 15:58:07'),
(451,	'343',	'6',	'500',	'2022-09-07 16:00:07',	'2022-09-07 16:00:07'),
(452,	'343',	'2',	'2500',	'2022-09-07 16:00:07',	'2022-09-07 16:00:07'),
(453,	'344',	NULL,	NULL,	'2022-09-09 17:23:37',	'2022-09-09 17:23:37'),
(454,	'345',	NULL,	NULL,	'2022-09-09 17:25:06',	'2022-09-09 17:25:06'),
(455,	'346',	NULL,	NULL,	'2022-09-09 17:26:23',	'2022-09-09 17:26:23'),
(456,	'347',	'3',	'1000',	'2022-09-09 17:28:33',	'2022-09-09 17:28:33'),
(457,	'348',	'7',	'2500',	'2022-09-09 17:30:05',	'2022-09-09 17:30:05'),
(459,	'350',	'2',	'2000',	'2022-09-09 17:33:21',	'2022-09-09 17:33:21'),
(460,	'350',	'3',	'1000',	'2022-09-09 17:33:21',	'2022-09-09 17:33:21'),
(461,	'351',	'3',	'1000',	'2022-09-09 17:34:50',	'2022-09-09 17:34:50'),
(462,	'351',	'2',	'2500',	'2022-09-09 17:34:50',	'2022-09-09 17:34:50'),
(463,	'351',	'6',	'500',	'2022-09-09 17:34:50',	'2022-09-09 17:34:50'),
(464,	'352',	'2',	'2000',	'2022-09-09 17:36:45',	'2022-09-09 17:36:45'),
(465,	'353',	NULL,	NULL,	'2022-09-09 17:38:29',	'2022-09-09 17:38:29'),
(466,	'354',	NULL,	NULL,	'2022-09-09 17:40:31',	'2022-09-09 17:40:31'),
(467,	'355',	'2',	'2000',	'2022-09-10 14:43:35',	'2022-09-10 14:43:35'),
(468,	'355',	'1',	'4000',	'2022-09-10 14:43:35',	'2022-09-10 14:43:35'),
(469,	'356',	NULL,	NULL,	'2022-09-10 14:44:26',	'2022-09-10 14:44:26'),
(470,	'357',	'3',	'1000',	'2022-09-10 14:46:03',	'2022-09-10 14:46:03'),
(471,	'357',	'2',	'2500',	'2022-09-10 14:46:03',	'2022-09-10 14:46:03'),
(472,	'358',	'3',	'1000',	'2022-09-11 21:19:51',	'2022-09-11 21:19:51'),
(473,	'359',	NULL,	NULL,	'2022-09-11 21:22:09',	'2022-09-11 21:22:09'),
(474,	'360',	'6',	'500',	'2022-09-11 21:23:27',	'2022-09-11 21:23:27'),
(475,	'361',	NULL,	NULL,	'2022-09-11 21:25:16',	'2022-09-11 21:25:16'),
(476,	'362',	NULL,	NULL,	'2022-09-11 21:27:09',	'2022-09-11 21:27:09'),
(477,	'363',	NULL,	NULL,	'2022-09-11 21:28:28',	'2022-09-11 21:28:28'),
(478,	'364',	NULL,	NULL,	'2022-09-11 21:29:53',	'2022-09-11 21:29:53'),
(479,	'365',	NULL,	NULL,	'2022-09-11 21:31:32',	'2022-09-11 21:31:32'),
(480,	'366',	'3',	'1000',	'2022-09-13 16:44:14',	'2022-09-13 16:44:14'),
(481,	'367',	NULL,	NULL,	'2022-09-13 16:45:32',	'2022-09-13 16:45:32'),
(483,	'368',	'4',	'500',	'2022-09-14 21:38:55',	'2022-09-14 21:38:55'),
(484,	'369',	NULL,	NULL,	'2022-09-14 21:39:38',	'2022-09-14 21:39:38'),
(485,	'370',	'3',	'1000',	'2022-09-14 21:42:02',	'2022-09-14 21:42:02'),
(486,	'371',	NULL,	NULL,	'2022-09-14 21:46:45',	'2022-09-14 21:46:45'),
(487,	'372',	NULL,	NULL,	'2022-09-14 21:51:45',	'2022-09-14 21:51:45'),
(488,	'373',	NULL,	NULL,	'2022-09-14 21:54:49',	'2022-09-14 21:54:49'),
(490,	'349',	NULL,	NULL,	'2022-09-15 18:18:02',	'2022-09-15 18:18:02'),
(491,	'374',	NULL,	NULL,	'2022-09-15 18:19:12',	'2022-09-15 18:19:12'),
(493,	'375',	NULL,	NULL,	'2022-09-15 18:27:14',	'2022-09-15 18:27:14'),
(494,	'376',	NULL,	NULL,	'2022-09-15 18:28:44',	'2022-09-15 18:28:44'),
(495,	'377',	'3',	'1000',	'2022-09-15 18:29:57',	'2022-09-15 18:29:57'),
(496,	'377',	'8',	'500',	'2022-09-15 18:29:57',	'2022-09-15 18:29:57'),
(497,	'378',	NULL,	NULL,	'2022-09-15 18:32:59',	'2022-09-15 18:32:59'),
(498,	'379',	NULL,	NULL,	'2022-09-16 10:35:50',	'2022-09-16 10:35:50'),
(499,	'380',	NULL,	NULL,	'2022-09-17 14:45:50',	'2022-09-17 14:45:50'),
(500,	'381',	NULL,	NULL,	'2022-09-17 14:50:21',	'2022-09-17 14:50:21'),
(501,	'382',	'3',	'1000',	'2022-09-17 14:51:59',	'2022-09-17 14:51:59'),
(502,	'383',	NULL,	NULL,	'2022-09-17 19:35:36',	'2022-09-17 19:35:36'),
(503,	'384',	NULL,	NULL,	'2022-09-17 19:37:34',	'2022-09-17 19:37:34'),
(504,	'385',	'2',	'2000',	'2022-09-17 19:39:09',	'2022-09-17 19:39:09'),
(505,	'385',	'1',	'8500',	'2022-09-17 19:39:09',	'2022-09-17 19:39:09'),
(506,	'386',	'4',	'1200',	'2022-09-18 19:52:14',	'2022-09-18 19:52:14'),
(507,	'387',	'4',	'300',	'2022-09-18 19:54:03',	'2022-09-18 19:54:03'),
(508,	'388',	'4',	'100',	'2022-09-18 19:58:07',	'2022-09-18 19:58:07'),
(509,	'389',	NULL,	NULL,	'2022-09-18 20:00:17',	'2022-09-18 20:00:17'),
(510,	'390',	'5',	'500',	'2022-09-18 20:01:43',	'2022-09-18 20:01:43'),
(511,	'391',	'3',	'1000',	'2022-09-18 20:02:44',	'2022-09-18 20:02:44'),
(512,	'392',	'2',	'2500',	'2022-09-18 20:04:10',	'2022-09-18 20:04:10'),
(513,	'393',	'3',	'1000',	'2022-09-19 22:53:54',	'2022-09-19 22:53:54'),
(514,	'394',	NULL,	NULL,	'2022-09-20 13:52:37',	'2022-09-20 13:52:37'),
(516,	'396',	NULL,	NULL,	'2022-09-21 16:16:26',	'2022-09-21 16:16:26'),
(517,	'397',	NULL,	NULL,	'2022-09-21 16:18:26',	'2022-09-21 16:18:26'),
(518,	'398',	'2',	'2500',	'2022-09-21 16:19:59',	'2022-09-21 16:19:59'),
(519,	'399',	'2',	'2000',	'2022-09-21 16:22:02',	'2022-09-21 16:22:02'),
(520,	'400',	NULL,	NULL,	'2022-09-21 16:23:27',	'2022-09-21 16:23:27'),
(521,	'401',	NULL,	NULL,	'2022-09-21 16:24:41',	'2022-09-21 16:24:41'),
(522,	'402',	'3',	'1000',	'2022-09-21 16:26:52',	'2022-09-21 16:26:52'),
(523,	'403',	'4',	'800',	'2022-09-21 16:33:49',	'2022-09-21 16:33:49'),
(524,	'403',	'8',	'500',	'2022-09-21 16:33:49',	'2022-09-21 16:33:49'),
(525,	'404',	'3',	'1000',	'2022-09-21 23:34:42',	'2022-09-21 23:34:42'),
(526,	'405',	NULL,	NULL,	'2022-09-21 23:36:16',	'2022-09-21 23:36:16'),
(527,	'406',	'2',	'2000',	'2022-09-22 14:38:06',	'2022-09-22 14:38:06'),
(528,	'407',	'2',	'2000',	'2022-09-23 15:31:16',	'2022-09-23 15:31:16'),
(529,	'407',	'3',	'1000',	'2022-09-23 15:31:16',	'2022-09-23 15:31:16'),
(530,	'408',	NULL,	NULL,	'2022-09-23 15:35:21',	'2022-09-23 15:35:21'),
(531,	'409',	'3',	'1000',	'2022-09-23 15:37:54',	'2022-09-23 15:37:54'),
(532,	'410',	NULL,	NULL,	'2022-09-23 15:39:21',	'2022-09-23 15:39:21'),
(534,	'412',	NULL,	NULL,	'2022-09-23 15:42:54',	'2022-09-23 15:42:54'),
(535,	'413',	'8',	'500',	'2022-09-23 15:43:51',	'2022-09-23 15:43:51'),
(536,	'411',	'2',	'2000',	'2022-09-23 15:44:31',	'2022-09-23 15:44:31'),
(537,	'414',	'6',	'500',	'2022-09-25 12:34:23',	'2022-09-25 12:34:23'),
(538,	'415',	'2',	'2000',	'2022-09-25 12:36:30',	'2022-09-25 12:36:30'),
(539,	'416',	NULL,	NULL,	'2022-09-25 12:38:04',	'2022-09-25 12:38:04'),
(540,	'417',	'1',	'4000',	'2022-09-25 12:41:21',	'2022-09-25 12:41:21'),
(541,	'417',	'2',	'2000',	'2022-09-25 12:41:21',	'2022-09-25 12:41:21'),
(542,	'418',	NULL,	NULL,	'2022-09-25 12:46:07',	'2022-09-25 12:46:07'),
(543,	'419',	'5',	'500',	'2022-09-25 12:48:52',	'2022-09-25 12:48:52'),
(544,	'419',	'3',	'1000',	'2022-09-25 12:48:52',	'2022-09-25 12:48:52'),
(545,	'420',	'8',	'500',	'2022-09-25 12:51:27',	'2022-09-25 12:51:27'),
(546,	'420',	'3',	'1000',	'2022-09-25 12:51:27',	'2022-09-25 12:51:27'),
(547,	'420',	'2',	'2500',	'2022-09-25 12:51:27',	'2022-09-25 12:51:27'),
(548,	'420',	'4',	'200',	'2022-09-25 12:51:27',	'2022-09-25 12:51:27'),
(549,	'421',	'8',	'500',	'2022-09-25 12:53:59',	'2022-09-25 12:53:59'),
(550,	'422',	'2',	'2500',	'2022-09-25 15:23:42',	'2022-09-25 15:23:42'),
(551,	'422',	'4',	'200',	'2022-09-25 15:23:42',	'2022-09-25 15:23:42'),
(552,	'423',	'8',	'500',	'2022-09-25 15:25:10',	'2022-09-25 15:25:10'),
(553,	'423',	'4',	'100',	'2022-09-25 15:25:10',	'2022-09-25 15:25:10'),
(554,	'424',	NULL,	NULL,	'2022-09-28 11:40:10',	'2022-09-28 11:40:10'),
(555,	'425',	NULL,	NULL,	'2022-09-28 11:45:09',	'2022-09-28 11:45:09'),
(556,	'426',	NULL,	NULL,	'2022-09-28 11:46:17',	'2022-09-28 11:46:17'),
(557,	'427',	'3',	'1000',	'2022-09-28 11:48:25',	'2022-09-28 11:48:25'),
(558,	'427',	'8',	'500',	'2022-09-28 11:48:25',	'2022-09-28 11:48:25'),
(559,	'428',	NULL,	NULL,	'2022-09-28 11:50:21',	'2022-09-28 11:50:21'),
(560,	'429',	'3',	'1000',	'2022-09-28 11:55:06',	'2022-09-28 11:55:06'),
(561,	'430',	NULL,	NULL,	'2022-09-28 12:00:04',	'2022-09-28 12:00:04'),
(563,	'432',	NULL,	NULL,	'2022-09-28 12:08:36',	'2022-09-28 12:08:36'),
(564,	'433',	NULL,	NULL,	'2022-09-28 12:10:21',	'2022-09-28 12:10:21'),
(565,	'431',	NULL,	NULL,	'2022-09-28 12:51:40',	'2022-09-28 12:51:40'),
(566,	'434',	'3',	'1000',	'2022-10-01 18:18:36',	'2022-10-01 18:18:36'),
(567,	'435',	NULL,	NULL,	'2022-10-01 18:20:15',	'2022-10-01 18:20:15'),
(568,	'436',	'4',	'1000',	'2022-10-01 18:22:20',	'2022-10-01 18:22:20'),
(569,	'437',	NULL,	NULL,	'2022-10-01 18:23:47',	'2022-10-01 18:23:47'),
(571,	'439',	'8',	'500',	'2022-10-01 18:27:40',	'2022-10-01 18:27:40'),
(572,	'440',	'3',	'1000',	'2022-10-01 18:29:17',	'2022-10-01 18:29:17'),
(573,	'440',	'4',	'100',	'2022-10-01 18:29:17',	'2022-10-01 18:29:17'),
(574,	'440',	'1',	'4000',	'2022-10-01 18:29:17',	'2022-10-01 18:29:17'),
(575,	'441',	NULL,	NULL,	'2022-10-01 18:30:38',	'2022-10-01 18:30:38'),
(576,	'442',	NULL,	NULL,	'2022-10-01 18:32:42',	'2022-10-01 18:32:42'),
(577,	'443',	NULL,	NULL,	'2022-10-01 18:34:11',	'2022-10-01 18:34:11'),
(578,	'444',	NULL,	NULL,	'2022-10-01 18:34:42',	'2022-10-01 18:34:42'),
(579,	'445',	NULL,	NULL,	'2022-10-01 18:36:29',	'2022-10-01 18:36:29'),
(580,	'446',	'8',	'500',	'2022-10-01 18:39:04',	'2022-10-01 18:39:04'),
(581,	'447',	'2',	'2000',	'2022-10-01 18:40:39',	'2022-10-01 18:40:39'),
(582,	'447',	'1',	'4000',	'2022-10-01 18:40:39',	'2022-10-01 18:40:39'),
(583,	'448',	'8',	'1000',	'2022-10-01 18:53:12',	'2022-10-01 18:53:12'),
(584,	'448',	'7',	'2500',	'2022-10-01 18:53:12',	'2022-10-01 18:53:12'),
(585,	'449',	'5',	'300',	'2022-10-02 21:07:12',	'2022-10-02 21:07:12'),
(586,	'450',	NULL,	NULL,	'2022-10-02 21:09:51',	'2022-10-02 21:09:51'),
(587,	'451',	NULL,	NULL,	'2022-10-02 21:11:57',	'2022-10-02 21:11:57'),
(588,	'452',	NULL,	NULL,	'2022-10-02 21:13:36',	'2022-10-02 21:13:36'),
(589,	'453',	'9',	'1500',	'2022-10-02 21:16:07',	'2022-10-02 21:16:07'),
(590,	'454',	'10',	'1000',	'2022-10-02 21:18:39',	'2022-10-02 21:18:39'),
(591,	'455',	'6',	'500',	'2022-10-02 21:19:50',	'2022-10-02 21:19:50'),
(592,	'455',	'3',	'1000',	'2022-10-02 21:19:50',	'2022-10-02 21:19:50'),
(593,	'456',	NULL,	NULL,	'2022-10-02 21:22:08',	'2022-10-02 21:22:08'),
(594,	'457',	'6',	'500',	'2022-10-02 21:24:55',	'2022-10-02 21:24:55'),
(595,	'458',	NULL,	NULL,	'2022-10-02 21:26:02',	'2022-10-02 21:26:02'),
(596,	'438',	NULL,	NULL,	'2022-10-09 15:29:34',	'2022-10-09 15:29:34'),
(597,	'459',	NULL,	NULL,	'2022-10-09 15:32:34',	'2022-10-09 15:32:34'),
(598,	'460',	'11',	'1800',	'2022-10-09 15:39:40',	'2022-10-09 15:39:40'),
(599,	'460',	'1',	'9000',	'2022-10-09 15:39:40',	'2022-10-09 15:39:40'),
(600,	'461',	'3',	'1000',	'2022-10-09 15:40:31',	'2022-10-09 15:40:31'),
(601,	'462',	NULL,	NULL,	'2022-10-09 15:42:12',	'2022-10-09 15:42:12'),
(602,	'463',	'8',	'500',	'2022-10-09 15:43:47',	'2022-10-09 15:43:47'),
(617,	'464',	'3',	'1000',	'2022-10-09 15:50:11',	'2022-10-09 15:50:11'),
(618,	'464',	'1',	'4000',	'2022-10-09 15:50:11',	'2022-10-09 15:50:11'),
(619,	'464',	'2',	'2000',	'2022-10-09 15:50:11',	'2022-10-09 15:50:11'),
(620,	'464',	'7',	'2500',	'2022-10-09 15:50:11',	'2022-10-09 15:50:11'),
(621,	'464',	'6',	'500',	'2022-10-09 15:50:11',	'2022-10-09 15:50:11'),
(622,	'464',	'8',	'500',	'2022-10-09 15:50:11',	'2022-10-09 15:50:11'),
(623,	'464',	'4',	'200',	'2022-10-09 15:50:11',	'2022-10-09 15:50:11'),
(624,	'465',	NULL,	NULL,	'2022-10-09 15:51:36',	'2022-10-09 15:51:36'),
(625,	'466',	NULL,	NULL,	'2022-10-09 15:52:15',	'2022-10-09 15:52:15'),
(626,	'467',	NULL,	NULL,	'2022-10-09 15:53:57',	'2022-10-09 15:53:57'),
(627,	'468',	NULL,	NULL,	'2022-10-09 15:55:41',	'2022-10-09 15:55:41'),
(628,	'469',	NULL,	NULL,	'2022-10-09 15:57:18',	'2022-10-09 15:57:18'),
(629,	'470',	'11',	'1800',	'2022-10-09 16:00:33',	'2022-10-09 16:00:33'),
(630,	'471',	NULL,	NULL,	'2022-10-09 16:02:18',	'2022-10-09 16:02:18'),
(631,	'472',	'3',	'1000',	'2022-10-09 16:05:26',	'2022-10-09 16:05:26'),
(632,	'473',	NULL,	NULL,	'2022-10-09 16:06:30',	'2022-10-09 16:06:30'),
(633,	'474',	'3',	'1000',	'2022-10-09 16:08:00',	'2022-10-09 16:08:00'),
(634,	'474',	'6',	'500',	'2022-10-09 16:08:00',	'2022-10-09 16:08:00'),
(635,	'475',	NULL,	NULL,	'2022-10-09 16:09:19',	'2022-10-09 16:09:19'),
(636,	'476',	'3',	'0',	'2022-10-09 16:10:53',	'2022-10-09 16:10:53'),
(637,	'477',	'6',	'500',	'2022-10-09 16:13:02',	'2022-10-09 16:13:02'),
(638,	'477',	'5',	'500',	'2022-10-09 16:13:02',	'2022-10-09 16:13:02'),
(639,	'478',	'8',	'500',	'2022-10-09 16:14:13',	'2022-10-09 16:14:13'),
(640,	'479',	NULL,	NULL,	'2022-10-09 16:17:21',	'2022-10-09 16:17:21'),
(641,	'480',	NULL,	NULL,	'2022-10-09 16:18:47',	'2022-10-09 16:18:47'),
(642,	'481',	NULL,	NULL,	'2022-10-10 20:37:42',	'2022-10-10 20:37:42'),
(643,	'482',	NULL,	NULL,	'2022-10-10 20:39:53',	'2022-10-10 20:39:53'),
(644,	'483',	NULL,	NULL,	'2022-10-10 20:40:33',	'2022-10-10 20:40:33'),
(645,	'484',	'3',	'1000',	'2022-10-10 20:41:24',	'2022-10-10 20:41:24'),
(646,	'485',	NULL,	NULL,	'2022-10-10 20:42:34',	'2022-10-10 20:42:34'),
(647,	'486',	NULL,	NULL,	'2022-10-10 20:43:43',	'2022-10-10 20:43:43'),
(648,	'487',	NULL,	NULL,	'2022-10-10 20:45:20',	'2022-10-10 20:45:20'),
(649,	'488',	NULL,	NULL,	'2022-10-10 20:49:08',	'2022-10-10 20:49:08'),
(651,	'490',	'8',	'500',	'2022-10-10 20:51:13',	'2022-10-10 20:51:13'),
(652,	'489',	'3',	'1000',	'2022-10-10 20:51:37',	'2022-10-10 20:51:37'),
(653,	'491',	NULL,	NULL,	'2022-10-10 20:54:58',	'2022-10-10 20:54:58'),
(654,	'492',	NULL,	NULL,	'2022-10-10 20:56:07',	'2022-10-10 20:56:07'),
(655,	'493',	'9',	'1500',	'2022-10-11 19:49:00',	'2022-10-11 19:49:00'),
(656,	'493',	'8',	'500',	'2022-10-11 19:49:00',	'2022-10-11 19:49:00'),
(657,	'494',	NULL,	NULL,	'2022-10-11 19:49:58',	'2022-10-11 19:49:58'),
(658,	'495',	'4',	'100',	'2022-10-11 19:51:34',	'2022-10-11 19:51:34'),
(659,	'495',	'3',	'1000',	'2022-10-11 19:51:34',	'2022-10-11 19:51:34'),
(660,	'496',	'4',	'3600',	'2022-10-11 19:52:19',	'2022-10-11 19:52:19'),
(661,	'497',	NULL,	NULL,	'2022-10-11 19:53:01',	'2022-10-11 19:53:01'),
(662,	'498',	NULL,	NULL,	'2022-10-11 19:53:44',	'2022-10-11 19:53:44'),
(663,	'499',	'2',	'2000',	'2022-10-13 21:44:18',	'2022-10-13 21:44:18'),
(664,	'500',	NULL,	NULL,	'2022-10-13 21:45:10',	'2022-10-13 21:45:10'),
(665,	'501',	'11',	'1000',	'2022-10-13 21:46:30',	'2022-10-13 21:46:30'),
(666,	'502',	NULL,	NULL,	'2022-10-13 21:50:40',	'2022-10-13 21:50:40'),
(667,	'503',	'8',	'500',	'2022-10-13 21:52:43',	'2022-10-13 21:52:43'),
(668,	'503',	'4',	'100',	'2022-10-13 21:52:43',	'2022-10-13 21:52:43'),
(669,	'504',	NULL,	NULL,	'2022-10-13 21:54:27',	'2022-10-13 21:54:27'),
(670,	'505',	NULL,	NULL,	'2022-10-13 21:56:02',	'2022-10-13 21:56:02'),
(671,	'506',	NULL,	NULL,	'2022-10-13 21:58:09',	'2022-10-13 21:58:09'),
(672,	'507',	NULL,	NULL,	'2022-10-14 18:08:17',	'2022-10-14 18:08:17'),
(673,	'508',	NULL,	NULL,	'2022-10-14 18:09:37',	'2022-10-14 18:09:37'),
(674,	'509',	'3',	'1000',	'2022-10-15 17:13:02',	'2022-10-15 17:13:02'),
(675,	'509',	'8',	'500',	'2022-10-15 17:13:02',	'2022-10-15 17:13:02'),
(676,	'510',	'3',	'1000',	'2022-10-15 17:17:22',	'2022-10-15 17:17:22'),
(677,	'510',	'8',	'500',	'2022-10-15 17:17:22',	'2022-10-15 17:17:22'),
(678,	'511',	NULL,	NULL,	'2022-10-15 17:19:21',	'2022-10-15 17:19:21'),
(679,	'512',	NULL,	NULL,	'2022-10-15 17:22:02',	'2022-10-15 17:22:02'),
(680,	'513',	NULL,	NULL,	'2022-10-15 17:23:44',	'2022-10-15 17:23:44'),
(681,	'514',	'3',	'1000',	'2022-10-15 17:28:45',	'2022-10-15 17:28:45'),
(682,	'515',	NULL,	NULL,	'2022-10-15 17:31:56',	'2022-10-15 17:31:56'),
(683,	'516',	'4',	'100',	'2022-10-15 17:34:33',	'2022-10-15 17:34:33'),
(684,	'517',	NULL,	NULL,	'2022-10-15 17:38:16',	'2022-10-15 17:38:16'),
(685,	'518',	'3',	'1000',	'2022-10-15 17:41:04',	'2022-10-15 17:41:04'),
(686,	'519',	NULL,	NULL,	'2022-10-15 17:43:43',	'2022-10-15 17:43:43'),
(687,	'520',	NULL,	NULL,	'2022-10-15 17:44:37',	'2022-10-15 17:44:37'),
(688,	'521',	'8',	'500',	'2022-10-17 10:54:04',	'2022-10-17 10:54:04'),
(689,	'522',	NULL,	NULL,	'2022-10-17 10:56:10',	'2022-10-17 10:56:10'),
(690,	'523',	NULL,	NULL,	'2022-10-17 10:58:04',	'2022-10-17 10:58:04'),
(691,	'524',	'3',	'1000',	'2022-10-17 10:59:03',	'2022-10-17 10:59:03'),
(692,	'525',	NULL,	NULL,	'2022-10-18 11:04:31',	'2022-10-18 11:04:31'),
(693,	'526',	'3',	'1000',	'2022-10-18 11:06:05',	'2022-10-18 11:06:05'),
(694,	'527',	NULL,	NULL,	'2022-10-18 11:06:44',	'2022-10-18 11:06:44'),
(695,	'528',	NULL,	NULL,	'2022-10-19 10:16:24',	'2022-10-19 10:16:24'),
(697,	'529',	NULL,	NULL,	'2022-10-19 10:18:08',	'2022-10-19 10:18:08'),
(698,	'530',	NULL,	NULL,	'2022-10-19 10:20:14',	'2022-10-19 10:20:14'),
(699,	'531',	NULL,	NULL,	'2022-10-20 12:02:08',	'2022-10-20 12:02:08'),
(700,	'532',	NULL,	NULL,	'2022-10-20 12:03:49',	'2022-10-20 12:03:49'),
(701,	'533',	NULL,	NULL,	'2022-10-20 12:06:26',	'2022-10-20 12:06:26'),
(702,	'534',	NULL,	NULL,	'2022-10-20 12:07:39',	'2022-10-20 12:07:39'),
(703,	'535',	NULL,	NULL,	'2022-10-21 20:21:44',	'2022-10-21 20:21:44'),
(704,	'536',	'2',	'2500',	'2022-10-21 20:23:49',	'2022-10-21 20:23:49'),
(705,	'537',	NULL,	NULL,	'2022-10-21 20:24:51',	'2022-10-21 20:24:51'),
(706,	'538',	'8',	'500',	'2022-10-21 20:26:00',	'2022-10-21 20:26:00'),
(707,	'539',	'8',	'500',	'2022-10-21 20:27:19',	'2022-10-21 20:27:19'),
(708,	'540',	'11',	'1000',	'2022-10-21 20:42:34',	'2022-10-21 20:42:34'),
(709,	'541',	'3',	'1000',	'2022-10-21 20:43:42',	'2022-10-21 20:43:42'),
(710,	'541',	'7',	'2500',	'2022-10-21 20:43:42',	'2022-10-21 20:43:42'),
(711,	'542',	NULL,	NULL,	'2022-10-21 20:44:40',	'2022-10-21 20:44:40'),
(712,	'543',	'8',	'500',	'2022-10-22 20:38:02',	'2022-10-22 20:38:02'),
(713,	'543',	'4',	'100',	'2022-10-22 20:38:02',	'2022-10-22 20:38:02'),
(714,	'544',	NULL,	NULL,	'2022-10-23 11:28:12',	'2022-10-23 11:28:12'),
(715,	'545',	'2',	'2000',	'2022-10-23 11:29:44',	'2022-10-23 11:29:44'),
(716,	'546',	NULL,	NULL,	'2022-10-23 11:32:00',	'2022-10-23 11:32:00'),
(717,	'547',	'2',	'2000',	'2022-10-23 11:33:27',	'2022-10-23 11:33:27'),
(718,	'548',	NULL,	NULL,	'2022-10-23 11:34:06',	'2022-10-23 11:34:06'),
(719,	'549',	NULL,	NULL,	'2022-10-23 17:30:59',	'2022-10-23 17:30:59'),
(720,	'550',	NULL,	NULL,	'2022-10-23 17:32:14',	'2022-10-23 17:32:14'),
(721,	'551',	'8',	'500',	'2022-10-23 17:35:26',	'2022-10-23 17:35:26'),
(722,	'552',	'6',	'500',	'2022-10-23 17:36:39',	'2022-10-23 17:36:39'),
(723,	'552',	'2',	'2000',	'2022-10-23 17:36:39',	'2022-10-23 17:36:39'),
(724,	'553',	NULL,	NULL,	'2022-10-23 17:38:24',	'2022-10-23 17:38:24'),
(725,	'554',	'1',	'4000',	'2022-10-23 17:39:53',	'2022-10-23 17:39:53'),
(726,	'554',	'2',	'2000',	'2022-10-23 17:39:53',	'2022-10-23 17:39:53'),
(727,	'555',	NULL,	NULL,	'2022-10-25 22:07:18',	'2022-10-25 22:07:18'),
(728,	'556',	NULL,	NULL,	'2022-10-25 22:09:49',	'2022-10-25 22:09:49'),
(729,	'557',	'8',	'500',	'2022-10-25 22:11:16',	'2022-10-25 22:11:16'),
(730,	'558',	'5',	'600',	'2022-10-25 22:48:06',	'2022-10-25 22:48:06'),
(731,	'559',	NULL,	NULL,	'2022-10-25 22:48:51',	'2022-10-25 22:48:51'),
(732,	'560',	NULL,	NULL,	'2022-10-25 22:50:29',	'2022-10-25 22:50:29'),
(733,	'561',	'3',	'1000',	'2022-10-25 22:52:47',	'2022-10-25 22:52:47'),
(734,	'562',	NULL,	NULL,	'2022-10-25 22:55:11',	'2022-10-25 22:55:11'),
(735,	'563',	NULL,	NULL,	'2022-10-25 22:56:40',	'2022-10-25 22:56:40'),
(736,	'564',	'2',	'2000',	'2022-10-25 22:58:31',	'2022-10-25 22:58:31'),
(737,	'565',	NULL,	NULL,	'2022-10-25 22:59:39',	'2022-10-25 22:59:39'),
(738,	'566',	NULL,	NULL,	'2022-10-25 23:01:34',	'2022-10-25 23:01:34'),
(739,	'567',	NULL,	NULL,	'2022-10-27 13:03:35',	'2022-10-27 13:03:35'),
(740,	'568',	NULL,	NULL,	'2022-10-27 13:04:37',	'2022-10-27 13:04:37'),
(741,	'569',	NULL,	NULL,	'2022-10-27 13:05:38',	'2022-10-27 13:05:38'),
(742,	'570',	NULL,	NULL,	'2022-10-27 13:06:44',	'2022-10-27 13:06:44'),
(743,	'571',	'3',	'1000',	'2022-10-27 13:08:52',	'2022-10-27 13:08:52'),
(744,	'571',	'4',	'100',	'2022-10-27 13:08:52',	'2022-10-27 13:08:52'),
(745,	'572',	'8',	'500',	'2022-10-27 16:32:31',	'2022-10-27 16:32:31'),
(746,	'573',	'3',	'1000',	'2022-10-27 16:33:34',	'2022-10-27 16:33:34'),
(747,	'574',	NULL,	NULL,	'2022-10-27 16:35:02',	'2022-10-27 16:35:02'),
(749,	'575',	NULL,	NULL,	'2022-10-29 20:32:28',	'2022-10-29 20:32:28'),
(750,	'576',	'3',	'1000',	'2022-10-29 20:34:44',	'2022-10-29 20:34:44'),
(752,	'577',	'8',	'500',	'2022-10-29 20:36:07',	'2022-10-29 20:36:07'),
(753,	'578',	NULL,	NULL,	'2022-10-29 20:37:37',	'2022-10-29 20:37:37'),
(754,	'579',	'6',	'500',	'2022-10-29 20:38:23',	'2022-10-29 20:38:23'),
(755,	'580',	NULL,	NULL,	'2022-10-29 20:40:14',	'2022-10-29 20:40:14'),
(756,	'581',	NULL,	NULL,	'2022-10-30 17:11:38',	'2022-10-30 17:11:38'),
(757,	'582',	NULL,	NULL,	'2022-10-30 17:12:30',	'2022-10-30 17:12:30'),
(758,	'583',	NULL,	NULL,	'2022-10-30 17:13:48',	'2022-10-30 17:13:48'),
(759,	'584',	NULL,	NULL,	'2022-11-02 13:14:46',	'2022-11-02 13:14:46'),
(760,	'585',	NULL,	NULL,	'2022-11-02 13:17:03',	'2022-11-02 13:17:03'),
(761,	'586',	NULL,	NULL,	'2022-11-02 13:18:25',	'2022-11-02 13:18:25'),
(762,	'587',	NULL,	NULL,	'2022-11-02 13:20:15',	'2022-11-02 13:20:15'),
(763,	'588',	NULL,	NULL,	'2022-11-02 13:23:01',	'2022-11-02 13:23:01'),
(764,	'589',	NULL,	NULL,	'2022-11-02 13:23:41',	'2022-11-02 13:23:41'),
(765,	'590',	'8',	'500',	'2022-11-02 13:27:11',	'2022-11-02 13:27:11'),
(766,	'591',	'3',	'1000',	'2022-11-02 13:28:10',	'2022-11-02 13:28:10'),
(767,	'592',	'6',	'500',	'2022-11-04 14:10:30',	'2022-11-04 14:10:30'),
(768,	'593',	NULL,	NULL,	'2022-11-04 14:11:54',	'2022-11-04 14:11:54'),
(769,	'594',	NULL,	NULL,	'2022-11-04 14:12:21',	'2022-11-04 14:12:21'),
(770,	'595',	'8',	'500',	'2022-11-04 14:14:32',	'2022-11-04 14:14:32'),
(771,	'596',	NULL,	NULL,	'2022-11-04 14:19:08',	'2022-11-04 14:19:08'),
(772,	'597',	NULL,	NULL,	'2022-11-04 14:21:07',	'2022-11-04 14:21:07'),
(773,	'598',	NULL,	NULL,	'2022-11-04 14:22:14',	'2022-11-04 14:22:14'),
(775,	'600',	NULL,	NULL,	'2022-11-04 14:24:59',	'2022-11-04 14:24:59'),
(776,	'599',	NULL,	NULL,	'2022-11-04 14:25:49',	'2022-11-04 14:25:49'),
(777,	'601',	'2',	'2000',	'2022-11-06 17:46:21',	'2022-11-06 17:46:21'),
(778,	'601',	'8',	'500',	'2022-11-06 17:46:21',	'2022-11-06 17:46:21'),
(780,	'602',	NULL,	NULL,	'2022-11-06 17:48:35',	'2022-11-06 17:48:35'),
(783,	'604',	NULL,	NULL,	'2022-11-06 17:53:28',	'2022-11-06 17:53:28'),
(784,	'603',	NULL,	NULL,	'2022-11-06 17:53:41',	'2022-11-06 17:53:41'),
(785,	'605',	NULL,	NULL,	'2022-11-06 17:55:08',	'2022-11-06 17:55:08'),
(786,	'606',	'6',	'500',	'2022-11-06 17:56:02',	'2022-11-06 17:56:02'),
(787,	'607',	'4',	'100',	'2022-11-06 18:03:52',	'2022-11-06 18:03:52'),
(788,	'608',	NULL,	NULL,	'2022-11-06 18:04:56',	'2022-11-06 18:04:56'),
(789,	'609',	'8',	'500',	'2022-11-06 18:07:51',	'2022-11-06 18:07:51'),
(790,	'609',	'2',	'2500',	'2022-11-06 18:07:51',	'2022-11-06 18:07:51'),
(791,	'610',	'4',	'100',	'2022-11-06 18:09:49',	'2022-11-06 18:09:49'),
(792,	'610',	'8',	'500',	'2022-11-06 18:09:49',	'2022-11-06 18:09:49'),
(793,	'611',	NULL,	NULL,	'2022-11-06 18:11:19',	'2022-11-06 18:11:19'),
(794,	'612',	NULL,	NULL,	'2022-11-06 18:13:52',	'2022-11-06 18:13:52'),
(795,	'613',	NULL,	NULL,	'2022-11-06 18:17:38',	'2022-11-06 18:17:38'),
(796,	'614',	'8',	'1000',	'2022-11-06 18:19:50',	'2022-11-06 18:19:50'),
(797,	'615',	NULL,	NULL,	'2022-11-06 18:23:17',	'2022-11-06 18:23:17'),
(798,	'616',	'3',	'1000',	'2022-11-06 18:24:59',	'2022-11-06 18:24:59'),
(799,	'617',	'3',	'1000',	'2022-11-08 20:06:38',	'2022-11-08 20:06:38'),
(800,	'618',	NULL,	NULL,	'2022-11-08 20:09:15',	'2022-11-08 20:09:15'),
(801,	'619',	'3',	'1000',	'2022-11-08 20:10:24',	'2022-11-08 20:10:24'),
(802,	'620',	NULL,	NULL,	'2022-11-08 20:19:50',	'2022-11-08 20:19:50'),
(803,	'621',	NULL,	NULL,	'2022-11-08 20:21:29',	'2022-11-08 20:21:29'),
(805,	'623',	NULL,	NULL,	'2022-11-08 20:23:51',	'2022-11-08 20:23:51'),
(806,	'622',	NULL,	NULL,	'2022-11-08 20:24:05',	'2022-11-08 20:24:05'),
(808,	'625',	NULL,	NULL,	'2022-12-04 22:16:08',	'2022-12-04 22:16:08'),
(810,	'626',	'7',	'2500',	'2022-12-04 22:18:39',	'2022-12-04 22:18:39'),
(811,	'627',	'7',	'5000',	'2022-12-04 22:30:04',	'2022-12-04 22:30:04'),
(812,	'628',	NULL,	NULL,	'2022-12-04 22:31:21',	'2022-12-04 22:31:21'),
(815,	'630',	NULL,	NULL,	'2022-12-07 23:26:52',	'2022-12-07 23:26:52'),
(816,	'629',	NULL,	NULL,	'2022-12-07 23:26:59',	'2022-12-07 23:26:59'),
(817,	'631',	NULL,	NULL,	'2022-12-07 23:29:00',	'2022-12-07 23:29:00'),
(818,	'632',	NULL,	NULL,	'2022-12-07 23:30:33',	'2022-12-07 23:30:33'),
(819,	'633',	NULL,	NULL,	'2022-12-07 23:33:06',	'2022-12-07 23:33:06'),
(820,	'634',	NULL,	NULL,	'2022-12-07 23:37:28',	'2022-12-07 23:37:28'),
(821,	'635',	'6',	'500',	'2022-12-08 14:44:19',	'2022-12-08 14:44:19'),
(822,	'624',	NULL,	NULL,	'2022-12-08 14:49:13',	'2022-12-08 14:49:13'),
(824,	'637',	NULL,	NULL,	'2022-12-10 17:50:02',	'2022-12-10 17:50:02'),
(825,	'638',	NULL,	NULL,	'2022-12-10 18:26:45',	'2022-12-10 18:26:45'),
(826,	'639',	'8',	NULL,	'2022-12-10 18:40:32',	'2022-12-10 18:40:32'),
(827,	'640',	NULL,	NULL,	'2022-12-11 01:06:00',	'2022-12-11 01:06:00'),
(828,	'641',	'2',	'2000',	'2022-12-12 00:42:29',	'2022-12-12 00:42:29'),
(829,	'642',	NULL,	NULL,	'2022-12-12 16:11:04',	'2022-12-12 16:11:04'),
(830,	'643',	NULL,	NULL,	'2022-12-12 16:15:02',	'2022-12-12 16:15:02'),
(832,	'644',	'3',	'1000',	'2022-12-13 14:42:54',	'2022-12-13 14:42:54'),
(833,	'645',	NULL,	NULL,	'2022-12-13 14:47:28',	'2022-12-13 14:47:28'),
(834,	'646',	NULL,	NULL,	'2022-12-13 14:51:13',	'2022-12-13 14:51:13'),
(844,	'648',	'1',	'4000',	'2022-12-14 15:43:30',	'2022-12-14 15:43:30'),
(845,	'648',	'2',	'3000',	'2022-12-14 15:43:30',	'2022-12-14 15:43:30'),
(846,	'648',	'3',	'1000',	'2022-12-14 15:43:30',	'2022-12-14 15:43:30'),
(848,	'649',	'6',	'500',	'2022-12-15 14:49:54',	'2022-12-15 14:49:54'),
(852,	'650',	NULL,	NULL,	'2022-12-15 14:59:55',	'2022-12-15 14:59:55'),
(865,	'662',	'8',	'1000',	'2022-12-15 16:15:10',	'2022-12-15 16:15:10'),
(867,	'651',	'6',	'500',	'2022-12-15 16:23:22',	'2022-12-15 16:23:22'),
(868,	'636',	'3',	'1000',	'2022-12-16 17:59:58',	'2022-12-16 17:59:58'),
(875,	'647',	'3',	'1000',	'2022-12-16 18:01:49',	'2022-12-16 18:01:49'),
(876,	'647',	'1',	'4000',	'2022-12-16 18:01:49',	'2022-12-16 18:01:49'),
(877,	'647',	'2',	'2000',	'2022-12-16 18:01:49',	'2022-12-16 18:01:49'),
(878,	'663',	'4',	'1200',	'2022-12-16 18:04:03',	'2022-12-16 18:04:03'),
(879,	'664',	NULL,	NULL,	'2022-12-17 10:50:54',	'2022-12-17 10:50:54'),
(880,	'665',	NULL,	NULL,	'2022-12-17 17:56:15',	'2022-12-17 17:56:15'),
(881,	'666',	NULL,	NULL,	'2022-12-20 12:36:26',	'2022-12-20 12:36:26'),
(882,	'667',	NULL,	NULL,	'2022-12-20 12:37:07',	'2022-12-20 12:37:07'),
(883,	'668',	NULL,	NULL,	'2022-12-20 12:37:53',	'2022-12-20 12:37:53'),
(884,	'669',	NULL,	NULL,	'2022-12-20 12:38:33',	'2022-12-20 12:38:33'),
(885,	'670',	NULL,	NULL,	'2022-12-20 12:39:43',	'2022-12-20 12:39:43'),
(886,	'671',	NULL,	NULL,	'2022-12-20 13:38:21',	'2022-12-20 13:38:21'),
(887,	'672',	NULL,	NULL,	'2022-12-20 13:43:34',	'2022-12-20 13:43:34'),
(888,	'673',	NULL,	NULL,	'2022-12-20 13:47:18',	'2022-12-20 13:47:18'),
(889,	'674',	NULL,	NULL,	'2022-12-21 18:04:52',	'2022-12-21 18:04:52'),
(890,	'675',	NULL,	NULL,	'2022-12-21 18:09:19',	'2022-12-21 18:09:19'),
(891,	'676',	'7',	'2500',	'2022-12-21 23:11:15',	'2022-12-21 23:11:15'),
(892,	'677',	'3',	'1000',	'2022-12-22 16:33:05',	'2022-12-22 16:33:05'),
(893,	'677',	'4',	'1200',	'2022-12-22 16:33:05',	'2022-12-22 16:33:05'),
(894,	'678',	NULL,	NULL,	'2022-12-22 16:33:48',	'2022-12-22 16:33:48'),
(895,	'679',	'3',	'1000',	'2022-12-22 16:35:19',	'2022-12-22 16:35:19'),
(897,	'680',	NULL,	NULL,	'2022-12-22 23:45:57',	'2022-12-22 23:45:57'),
(898,	'681',	NULL,	NULL,	'2022-12-22 23:47:02',	'2022-12-22 23:47:02'),
(899,	'682',	NULL,	NULL,	'2022-12-22 23:47:44',	'2022-12-22 23:47:44'),
(900,	'683',	NULL,	NULL,	'2022-12-23 21:43:25',	'2022-12-23 21:43:25'),
(901,	'684',	NULL,	NULL,	'2022-12-23 21:47:49',	'2022-12-23 21:47:49'),
(902,	'685',	NULL,	NULL,	'2022-12-24 16:30:27',	'2022-12-24 16:30:27'),
(903,	'686',	'10',	'1000',	'2022-12-24 16:38:57',	'2022-12-24 16:38:57'),
(904,	'687',	NULL,	NULL,	'2022-12-24 16:41:50',	'2022-12-24 16:41:50'),
(905,	'688',	NULL,	NULL,	'2022-12-26 14:37:18',	'2022-12-26 14:37:18'),
(906,	'689',	'3',	'1000',	'2022-12-26 14:39:07',	'2022-12-26 14:39:07'),
(907,	'690',	'3',	'1000',	'2022-12-26 14:40:49',	'2022-12-26 14:40:49'),
(908,	'691',	NULL,	NULL,	'2022-12-26 14:41:35',	'2022-12-26 14:41:35'),
(909,	'692',	NULL,	NULL,	'2022-12-26 14:43:57',	'2022-12-26 14:43:57'),
(910,	'693',	NULL,	NULL,	'2022-12-26 21:38:07',	'2022-12-26 21:38:07'),
(911,	'694',	NULL,	NULL,	'2022-12-26 21:38:45',	'2022-12-26 21:38:45'),
(912,	'695',	NULL,	NULL,	'2022-12-27 16:52:46',	'2022-12-27 16:52:46'),
(913,	'696',	'3',	'1000',	'2022-12-27 16:57:42',	'2022-12-27 16:57:42'),
(914,	'697',	'2',	'2000',	'2022-12-27 17:03:45',	'2022-12-27 17:03:45'),
(915,	'697',	'4',	'1200',	'2022-12-27 17:03:45',	'2022-12-27 17:03:45'),
(916,	'698',	NULL,	NULL,	'2022-12-27 17:08:21',	'2022-12-27 17:08:21'),
(917,	'699',	'5',	'500',	'2022-12-28 14:52:06',	'2022-12-28 14:52:06'),
(918,	'700',	NULL,	NULL,	'2022-12-28 20:03:52',	'2022-12-28 20:03:52'),
(919,	'701',	NULL,	NULL,	'2022-12-28 20:06:37',	'2022-12-28 20:06:37'),
(920,	'702',	'4',	'1200',	'2022-12-29 20:21:29',	'2022-12-29 20:21:29'),
(921,	'703',	'6',	'500',	'2022-12-30 02:12:38',	'2022-12-30 02:12:38'),
(922,	'704',	NULL,	NULL,	'2022-12-30 19:08:02',	'2022-12-30 19:08:02'),
(923,	'705',	NULL,	NULL,	'2022-12-31 15:50:52',	'2022-12-31 15:50:52');

DROP TABLE IF EXISTS `sale_data`;
CREATE TABLE `sale_data` (
  `id` bigint(20) unsigned NOT NULL AUTO_INCREMENT,
  `sale_on` varchar(255) COLLATE utf8mb4_unicode_ci DEFAULT NULL COMMENT '單號',
  `user_id` varchar(255) COLLATE utf8mb4_unicode_ci NOT NULL COMMENT 'Key單人員',
  `sale_date` date DEFAULT NULL,
  `customer_id` varchar(255) COLLATE utf8mb4_unicode_ci DEFAULT NULL,
  `pet_name` varchar(255) COLLATE utf8mb4_unicode_ci DEFAULT NULL,
  `kg` varchar(5) COLLATE utf8mb4_unicode_ci DEFAULT NULL,
  `type` varchar(255) COLLATE utf8mb4_unicode_ci DEFAULT NULL COMMENT '案件來源''I''=>''網路'',''H''=>''醫院'',''F''=>''朋友'',''O''=>''老客戶'',''禮儀社''=>''B''',
  `plan_id` varchar(255) COLLATE utf8mb4_unicode_ci DEFAULT NULL COMMENT '方案選擇',
  `plan_price` varchar(255) COLLATE utf8mb4_unicode_ci DEFAULT NULL COMMENT '方案價格',
  `before_prom_id` varchar(255) COLLATE utf8mb4_unicode_ci DEFAULT NULL COMMENT '後續處理A方案',
  `before_prom_price` varchar(255) COLLATE utf8mb4_unicode_ci DEFAULT NULL COMMENT '後續處理A價格',
  `pay_id` varchar(255) COLLATE utf8mb4_unicode_ci DEFAULT NULL COMMENT '付款方式''A''=>''現金'',''B''=>''匯款'',''C''=>''訂金'',''D''=>''尾款''',
  `pay_price` varchar(255) COLLATE utf8mb4_unicode_ci DEFAULT NULL COMMENT '支付多少',
  `total` varchar(255) COLLATE utf8mb4_unicode_ci DEFAULT NULL,
  `comm` text COLLATE utf8mb4_unicode_ci DEFAULT NULL,
  `status` int(11) NOT NULL DEFAULT 1 COMMENT '''1''=>業務看,''2''=>送出編輯,''3''=>送出對帳,''9''=>結案',
  `created_at` timestamp NULL DEFAULT NULL,
  `updated_at` timestamp NULL DEFAULT NULL,
  PRIMARY KEY (`id`)
) ENGINE=InnoDB DEFAULT CHARSET=utf8mb4 COLLATE=utf8mb4_unicode_ci;

INSERT INTO `sale_data` (`id`, `sale_on`, `user_id`, `sale_date`, `customer_id`, `pet_name`, `kg`, `type`, `plan_id`, `plan_price`, `before_prom_id`, `before_prom_price`, `pay_id`, `pay_price`, `total`, `comm`, `status`, `created_at`, `updated_at`) VALUES
(1,	'NO.221',	'1',	'2022-06-01',	'3',	'阿寶',	'12',	'I',	'1',	'4500',	NULL,	NULL,	'C',	'2000',	'4500',	'夜間加成500',	9,	'2022-06-15 17:54:23',	'2022-06-15 18:03:06'),
(3,	'NO.222',	'1',	'2022-06-01',	'4',	'胖虎',	'26',	'I',	'2',	'3000',	NULL,	NULL,	'A',	'5000',	'5000',	NULL,	9,	'2022-06-17 22:46:43',	'2022-06-17 23:02:29'),
(4,	'NO.223',	'1',	'2022-06-01',	'5',	'錢錢',	'12',	'H',	'2',	'2000',	NULL,	NULL,	'A',	'2300',	'2300',	NULL,	9,	'2022-06-17 22:50:42',	'2022-06-17 23:02:35'),
(5,	'NO.225',	'1',	'2022-06-01',	'1',	'犬',	'20',	'H',	'2',	'700',	NULL,	NULL,	'A',	'700',	'700',	'已退佣',	9,	'2022-06-17 22:52:50',	'2022-06-17 23:02:41'),
(6,	'NO.226',	'1',	'2022-06-01',	'6',	'鄭窩窩',	'7',	'I',	'1',	'4000',	NULL,	NULL,	'C',	'3000',	'4000',	NULL,	9,	'2022-06-17 22:54:28',	'2022-06-17 23:02:47'),
(7,	'NO.089',	'1',	'2022-06-01',	'7',	'懷翔眾寵靈',	'0',	NULL,	'1',	NULL,	NULL,	NULL,	'A',	'1600',	'0',	'端午節活動x2',	9,	'2022-06-17 22:56:25',	'2022-06-17 23:02:52'),
(8,	'NO.497',	'1',	'2022-06-02',	'8',	'貝果',	'12',	'I',	'1',	'4500',	'1',	NULL,	'A',	'4600',	'4600',	NULL,	9,	'2022-06-17 22:58:54',	'2022-06-17 23:02:56'),
(9,	'NO.498',	'1',	'2022-06-03',	'9',	'凱蒂',	'3',	'I',	'1',	'4000',	NULL,	NULL,	'C',	'2000',	'4000',	NULL,	9,	'2022-06-17 23:00:05',	'2022-06-17 23:03:01'),
(10,	'NO.499',	'1',	'2022-06-03',	'10',	'肉圓',	'10',	'F',	NULL,	'4000',	NULL,	NULL,	'C',	'5000',	'4000',	NULL,	9,	'2022-06-17 23:01:08',	'2022-06-17 23:03:05'),
(11,	'NO.500',	'1',	'2022-06-03',	'11',	'紅豆',	'3',	'I',	'2',	'1500',	NULL,	NULL,	'A',	'1500',	'1500',	NULL,	9,	'2022-06-17 23:02:19',	'2022-06-17 23:03:09'),
(12,	'NO.228',	'1',	'2022-06-03',	'12',	'圓圓',	'15',	'I',	'1',	'4500',	NULL,	NULL,	'C',	'1000',	'4500',	NULL,	9,	'2022-06-17 23:05:32',	'2022-06-18 00:50:23'),
(13,	'NO.601',	'1',	'2022-06-04',	'13',	'大虎',	'3',	'I',	'2',	'1500',	NULL,	NULL,	'A',	'2000',	'1500',	'夜間加成+500',	9,	'2022-06-17 23:06:32',	'2022-06-18 00:50:28'),
(14,	'NO.229',	'1',	'2022-06-04',	'14',	'浪貓',	'1',	NULL,	'3',	'1200',	NULL,	NULL,	'A',	'1200',	'1200',	NULL,	9,	'2022-06-17 23:09:42',	'2022-06-18 00:50:32'),
(15,	'NO.230',	'1',	'2022-06-04',	'6',	'鄭窩窩',	'7',	'I',	'1',	NULL,	'1',	'9500',	'D',	'9500',	'9500',	NULL,	9,	'2022-06-17 23:11:47',	'2022-06-18 00:50:37'),
(17,	'NO.231',	'1',	'2022-06-05',	'39',	'必魯',	'3',	'I',	'1',	NULL,	NULL,	NULL,	'D',	'4600',	'2600',	NULL,	9,	'2022-06-17 23:17:38',	'2022-06-18 00:50:42'),
(18,	'NO.232',	'1',	'2022-06-05',	'3',	'阿寶',	'12',	'I',	'1',	NULL,	'1',	'5800',	'D',	'9800',	'0',	'後續:盆葬4000/骨灰罐1800\r\n夜間加成500',	9,	'2022-06-17 23:19:25',	'2022-06-18 01:52:48'),
(19,	'NO.233',	'1',	'2022-06-05',	'15',	'歐巴馬',	'13',	'I',	'2',	'2000',	NULL,	NULL,	'A',	'2000',	'2000',	NULL,	9,	'2022-06-17 23:21:09',	'2022-06-18 00:50:50'),
(22,	'NO.234',	'1',	'2022-06-05',	'16',	'小乖',	'3',	'I',	'1',	NULL,	NULL,	NULL,	'D',	'700',	'1700',	'研磨/犬食物組合/寶衣鞋/蓮花*9',	9,	'2022-06-18 00:55:25',	'2022-06-18 01:22:55'),
(23,	'NO.235',	'1',	'2022-06-05',	'17',	'無',	'15',	'I',	'3',	'1000',	NULL,	NULL,	'A',	'2000',	'2000',	NULL,	9,	'2022-06-18 01:04:23',	'2022-06-18 01:23:01'),
(24,	'NO.602',	'1',	'2022-06-05',	'18',	'兔子',	'1.7',	'I',	'1',	'4000',	'1',	'500',	'A',	'5500',	'5500',	'環保罐',	9,	'2022-06-18 01:06:03',	'2022-06-18 01:23:06'),
(25,	'NO.603',	'1',	'2022-06-05',	'19',	'浪貓',	'3',	'I',	'1',	'4000',	NULL,	NULL,	'B',	'4000',	'4000',	NULL,	9,	'2022-06-18 01:08:32',	'2022-06-18 01:23:11'),
(26,	'NO.604',	'1',	'2022-06-06',	'20',	'小愛',	'17',	'O',	'2',	'2000',	NULL,	NULL,	'A',	'2000',	'2000',	NULL,	9,	'2022-06-18 01:09:36',	'2022-06-18 01:23:18'),
(27,	'NO.605',	'1',	'2022-06-06',	'21',	'小喵',	'2',	'I',	'2',	'1500',	NULL,	NULL,	'A',	'2000',	'2000',	NULL,	9,	'2022-06-18 01:11:58',	'2022-06-18 01:23:14'),
(28,	'NO.606',	'1',	'2022-06-06',	'22',	'馬吉',	'1.9',	'F',	'2',	'1500',	NULL,	NULL,	'A',	'1500',	'1500',	NULL,	9,	'2022-06-18 01:13:06',	'2022-06-18 01:23:21'),
(29,	'NO.651',	'1',	'2022-06-06',	'10',	'肉圓',	'10',	'F',	'1',	'4000',	'3',	'5000',	'D',	'11900',	'4000',	'小九品/福箱/財寶箱/法寶衣鞋/神明金/紙房子$2600/精油SPA3500',	9,	'2022-06-18 01:15:47',	'2022-06-18 23:47:47'),
(30,	'NO.652',	'1',	'2022-06-06',	'12',	'圓圓',	'12',	'I',	'1',	NULL,	'1',	'500',	'D',	'4600',	'1600',	'研磨/環保罐/神明金/優待500',	9,	'2022-06-18 01:17:23',	'2022-06-18 01:23:30'),
(31,	'NO.653',	'1',	'2022-06-07',	'9',	'凱蒂',	'6',	'I',	'1',	NULL,	NULL,	NULL,	'D',	'6200',	'200',	NULL,	9,	'2022-06-18 01:18:51',	'2022-06-18 01:23:33'),
(32,	'NO.607',	'1',	'2022-06-07',	'23',	'美女',	'2',	'I',	'2',	NULL,	NULL,	NULL,	'A',	'1500',	'0',	NULL,	9,	'2022-06-18 01:20:52',	'2022-06-18 01:23:39'),
(33,	'NO.090',	'1',	'2022-06-07',	'24',	'Lala',	'1',	'I',	'2',	'1200',	NULL,	NULL,	'A',	'1200',	'1200',	NULL,	9,	'2022-06-18 01:22:14',	'2022-06-18 01:23:43'),
(34,	'NO.607',	'1',	'2022-06-07',	'25',	'流浪',	'1',	'I',	'3',	'1000',	NULL,	NULL,	'A',	'1000',	'1000',	NULL,	9,	'2022-06-18 01:25:34',	'2022-06-18 01:49:19'),
(35,	'NO.608',	'1',	'2022-06-08',	'26',	'Leo',	'9',	NULL,	'1',	'4000',	NULL,	NULL,	'C',	'1000',	'4000',	NULL,	9,	'2022-06-18 01:32:27',	'2022-06-18 01:49:52'),
(36,	'NO.609',	'1',	'2022-06-08',	'27',	'饅頭',	'18',	'F',	'1',	'4500',	NULL,	NULL,	'C',	'2000',	'4500',	NULL,	9,	'2022-06-18 01:33:21',	'2022-06-18 01:50:01'),
(37,	'NO.610',	'1',	'2022-06-10',	'40',	'浪貓',	'1',	NULL,	'3',	'800',	NULL,	NULL,	'A',	'800',	'800',	'愛媽價',	9,	'2022-06-18 01:35:47',	'2022-06-18 01:50:05'),
(38,	'NO.611',	'1',	'2022-06-10',	'41',	'犬',	'2',	'I',	'2',	'1500',	NULL,	NULL,	'A',	'1800',	'1800',	NULL,	9,	'2022-06-18 01:37:52',	'2022-06-18 01:50:08'),
(39,	'NO.612',	'1',	'2022-06-10',	'42',	'布丁',	'15',	'I',	'2',	'2000',	NULL,	NULL,	'A',	'2000',	'2000',	NULL,	9,	'2022-06-18 01:41:58',	'2022-06-18 01:50:12'),
(40,	'NO.654',	'1',	'2022-06-11',	'43',	'妮妮',	'2',	NULL,	'1',	'3500',	NULL,	NULL,	'A',	'3500',	'4000',	'愛媽價火化3500',	9,	'2022-06-18 01:42:54',	'2022-06-18 23:47:34'),
(41,	'NO.655',	'1',	'2022-06-11',	'27',	'饅頭',	'15',	'I',	'1',	NULL,	'1',	NULL,	'D',	'4200',	'1700',	'研磨/財寶箱/蓮花*1',	9,	'2022-06-18 01:44:04',	'2022-06-18 01:50:19'),
(42,	'NO.613',	'1',	'2022-06-11',	'1',	'貓',	'2',	'H',	'2',	NULL,	NULL,	NULL,	'A',	'500',	'0',	'已扣佣',	9,	'2022-06-18 01:44:59',	'2022-06-18 01:49:40'),
(43,	'NO.614',	'1',	'2022-06-12',	'28',	'貓咪',	'1',	'I',	'2',	'1200',	NULL,	NULL,	'A',	'1500',	'1500',	NULL,	9,	'2022-06-18 01:54:24',	'2022-06-18 02:09:51'),
(44,	'NO.615',	'1',	'2022-06-12',	'29',	'Q醬',	'2',	'I',	'1',	'4000',	NULL,	NULL,	'C',	'2000',	'4000',	NULL,	9,	'2022-06-18 01:55:29',	'2022-06-18 02:09:57'),
(45,	'NO.616',	'1',	'2022-06-12',	'30',	'浪貓*2',	NULL,	'I',	'3',	NULL,	NULL,	NULL,	'A',	'2000',	'0',	NULL,	9,	'2022-06-18 01:56:07',	'2022-06-18 02:10:02'),
(46,	'NO.656',	'1',	'2022-06-12',	'31',	'小六',	'1',	'I',	'1',	'3500',	'2',	NULL,	'A',	'6500',	'3500',	NULL,	9,	'2022-06-18 01:57:02',	'2022-06-18 02:10:06'),
(47,	'NO.236',	'1',	'2022-06-12',	'32',	'大雄',	'1',	NULL,	'2',	'1200',	NULL,	NULL,	'A',	'1900',	'1900',	'財寶箱/神明金',	9,	'2022-06-18 01:58:02',	'2022-06-18 02:10:11'),
(48,	'NO.237',	'1',	'2022-06-12',	'33',	'刺蝟',	'1',	'I',	'2',	'1200',	NULL,	NULL,	'A',	'1200',	'1200',	NULL,	9,	'2022-06-18 01:58:46',	'2022-06-18 02:10:16'),
(49,	'NO.238',	'1',	'2022-06-12',	'34',	'浪貓',	'1',	'O',	'3',	'1000',	NULL,	NULL,	'A',	'1300',	'2000',	NULL,	9,	'2022-06-18 01:59:24',	'2022-06-18 02:10:19'),
(50,	'NO.239',	'1',	'2022-06-13',	'35',	'犬',	'17',	'I',	'2',	'2000',	NULL,	NULL,	'A',	'2000',	'2000',	NULL,	9,	'2022-06-18 02:00:15',	'2022-06-18 02:10:23'),
(51,	'NO.617',	'1',	'2022-06-13',	'36',	'金桔',	'2',	'I',	'1',	'4000',	'2',	'3000',	'A',	'7000',	'7000',	NULL,	9,	'2022-06-18 02:01:21',	'2022-06-18 02:10:27'),
(52,	'NO.618',	'1',	'2022-06-14',	'37',	'宋啾啾',	'1',	'I',	'1',	'3500',	'1',	'1200',	'A',	'5000',	'5000',	'造型骨灰罐1200/小九品',	9,	'2022-06-18 02:02:22',	'2022-06-18 02:10:32'),
(53,	'NO.619',	'1',	'2022-06-14',	'38',	'浪鳥',	'1',	'I',	'3',	'1000',	NULL,	NULL,	'A',	'1000',	'1000',	'金紙300(優待)',	9,	'2022-06-18 02:03:26',	'2022-06-18 02:10:36'),
(54,	'NO.620',	'1',	'2022-06-14',	'44',	'多多',	'2',	'I',	'1',	'4000',	NULL,	NULL,	'C',	'3000',	'4000',	NULL,	9,	'2022-06-18 02:05:29',	'2022-06-18 02:10:40'),
(55,	'NO.621',	'1',	'2022-06-14',	'45',	'多多',	'2',	'I',	'2',	'1500',	NULL,	NULL,	'A',	'1500',	'1500',	NULL,	9,	'2022-06-18 02:06:30',	'2022-06-18 02:10:44'),
(56,	'NO.622',	'1',	'2022-06-15',	'46',	'浪鳥',	'1',	'I',	'3',	'1000',	NULL,	NULL,	'A',	'1000',	'1000',	NULL,	9,	'2022-06-18 02:07:11',	'2022-06-18 02:10:48'),
(57,	'NO.623',	'1',	'2022-06-16',	'47',	'浪貓',	'3',	'I',	'2',	'2000',	NULL,	NULL,	'A',	'2000',	'2000',	NULL,	9,	'2022-06-18 02:08:06',	'2022-06-18 02:10:51'),
(60,	'NO.624',	'3',	'2022-06-17',	'44',	'多多',	'2',	'I',	'1',	'4000',	'1',	'500',	'D',	'2800',	'5800',	NULL,	9,	'2022-06-18 18:06:11',	'2022-06-18 18:06:27'),
(61,	'NO.658',	'3',	'2022-06-10',	'26',	'LEO',	'3',	'I',	'1',	'4000',	'1',	'0',	'D',	'2500',	'4000',	'優待500',	9,	'2022-06-18 18:26:13',	'2022-06-18 18:26:32'),
(62,	'NO.625',	'3',	'2022-06-18',	'48',	'阿肥',	'12',	'I',	'3',	'1000',	NULL,	NULL,	'A',	'3600',	'3600',	NULL,	9,	'2022-06-18 18:50:59',	'2022-06-18 18:51:16'),
(63,	'NO.626',	'3',	'2022-06-18',	'49',	'浪犬',	'0',	'I',	'3',	'1000',	NULL,	NULL,	'B',	'2000',	'1500',	'無接獲/車馬費1500',	9,	'2022-06-18 19:06:49',	'2022-06-18 19:07:10'),
(64,	'NO.627',	'3',	'2022-06-19',	'50',	'Lucky',	'3',	'I',	'2',	'1500',	NULL,	NULL,	'A',	'2300',	'2300',	NULL,	9,	'2022-06-19 19:12:14',	'2022-06-19 19:15:03'),
(65,	'NO.628',	'3',	'2022-06-19',	'51',	'巧克力',	'5',	'F',	'1',	'4000',	'2',	'3000',	'A',	'9000',	'9000',	NULL,	9,	'2022-06-19 19:13:21',	'2022-06-19 19:14:59'),
(66,	'NO.629',	'3',	'2022-06-19',	'52',	'豆豆',	'4',	'I',	'1',	'4000',	'3',	'4000',	'A',	'11400',	'11400',	'基本款項鍊*2',	9,	'2022-06-19 19:14:40',	'2022-06-19 19:14:54'),
(67,	'NO.630',	'3',	'2022-06-19',	'53',	'浪貓',	'2',	'I',	'3',	'1000',	NULL,	NULL,	'A',	'1000',	'1000',	NULL,	9,	'2022-06-19 19:26:46',	'2022-06-19 19:26:53'),
(68,	'NO.631',	'3',	'2022-06-20',	'54',	'小肉球',	'1',	'F',	'2',	'1200',	NULL,	NULL,	'C',	'1000',	'1200',	NULL,	9,	'2022-06-21 00:05:10',	'2022-06-21 00:20:15'),
(69,	'NO.632',	'3',	'2022-06-20',	'55',	'犬',	'2',	'H',	'2',	'500',	NULL,	NULL,	'A',	'700',	'700',	NULL,	9,	'2022-06-21 00:10:03',	'2022-06-21 00:20:28'),
(70,	'NO.633',	'3',	'2022-06-20',	'56',	'圓圓',	'2',	NULL,	NULL,	NULL,	NULL,	NULL,	'A',	'100',	'100',	NULL,	9,	'2022-06-21 00:15:44',	'2022-06-21 00:20:35'),
(71,	'NO.634',	'3',	'2022-06-20',	'57',	'變色龍',	'1',	'I',	'2',	'1200',	NULL,	NULL,	'A',	'2200',	'2200',	NULL,	9,	'2022-06-21 00:17:26',	'2022-06-21 00:20:43'),
(72,	'No.635',	'3',	'2022-06-20',	'58',	'浪犬',	'10',	'B',	'3',	'1000',	NULL,	NULL,	'A',	'2200',	'2200',	'正心生命介紹',	9,	'2022-06-21 00:19:37',	'2022-06-21 00:20:49'),
(73,	'NO.636',	'3',	'2022-06-21',	'59',	'Aki',	'13',	'I',	'1',	'4500',	'3',	'4000',	'C',	'5000',	'4500',	NULL,	9,	'2022-06-21 18:50:13',	'2022-06-21 18:51:49'),
(74,	'NO.637',	'3',	'2022-06-21',	'60',	'黑熊',	'22',	'I',	'2',	'3000',	NULL,	NULL,	'A',	'3000',	'3000',	NULL,	9,	'2022-06-21 18:51:39',	'2022-06-21 18:51:53'),
(76,	'NO.659',	'3',	'2022-06-22',	'61',	'浪貓',	'2',	'I',	'3',	'1000',	NULL,	NULL,	'A',	'1000',	'1000',	NULL,	9,	'2022-06-23 16:45:40',	'2022-06-23 16:50:51'),
(77,	'NO.660',	'3',	'2022-06-22',	'59',	'Aki',	'13',	'I',	'1',	'4500',	'3',	'4000',	'D',	'5100',	'10100',	NULL,	9,	'2022-06-23 16:46:48',	'2022-06-23 16:50:56'),
(78,	'NO.661',	'3',	'2022-06-22',	'29',	'Q醬',	'3',	'I',	'1',	'4000',	'2',	'3000',	'D',	'7600',	'9600',	NULL,	9,	'2022-06-23 16:50:37',	'2022-06-23 16:51:00'),
(79,	'NO.638',	'3',	'2022-06-23',	'63',	'白白',	'1',	'O',	'1',	'3000',	NULL,	NULL,	'C',	'2000',	'3000',	NULL,	9,	'2022-06-23 16:52:35',	'2022-06-23 16:52:39'),
(80,	'NO.639',	'3',	'2022-06-23',	'64',	'腳腳',	'1',	'I',	'1',	'3500',	NULL,	NULL,	'C',	'1000',	'3000',	NULL,	9,	'2022-06-24 13:52:56',	'2022-06-24 13:53:01'),
(81,	'NO.640',	'3',	'2022-06-24',	'61',	'浪犬*2',	'5',	'O',	'3',	'2000',	NULL,	NULL,	'A',	'2000',	'2000',	NULL,	9,	'2022-06-24 15:09:26',	'2022-06-24 15:09:31'),
(82,	'NO.240',	'3',	'2022-06-24',	'65',	'小白',	'17',	'I',	'1',	'4500',	NULL,	NULL,	'C',	'0',	'2000',	'已收未付',	9,	'2022-06-24 17:13:16',	'2022-06-24 17:13:22'),
(83,	'NO.241',	'3',	'2022-06-25',	'66',	'妹妹',	'1.7',	'H',	'1',	'4000',	NULL,	NULL,	'C',	'1000',	'4000',	'豪小子寵物介紹',	9,	'2022-06-25 15:02:21',	'2022-06-25 15:05:09'),
(84,	'NO.242',	'3',	'2022-06-25',	'67',	'白糖粿',	'5',	'I',	'1',	'4000',	NULL,	NULL,	'C',	'1000',	'4000',	NULL,	9,	'2022-06-25 15:04:00',	'2022-06-25 15:05:15'),
(85,	'NO.243',	'3',	'2022-06-25',	'54',	'小肉球',	'1',	'F',	'2',	'1200',	NULL,	NULL,	'D',	'200',	'4000',	NULL,	9,	'2022-06-25 15:04:48',	'2022-06-25 15:05:20'),
(86,	'NO.641',	'3',	'2022-06-25',	'68',	'烏妮',	'3',	'I',	'1',	'4000',	NULL,	NULL,	'C',	'1000',	'4000',	NULL,	9,	'2022-06-26 12:09:20',	'2022-06-26 12:19:26'),
(87,	'NO.244',	'3',	'2022-06-26',	'66',	'妹妹',	'1.7',	'H',	'1',	'4000',	'1',	'0',	'D',	'5600',	'5600',	'中元法會報名$1000\r\n豪小子寵物介紹',	9,	'2022-06-26 12:17:09',	'2022-06-26 12:23:54'),
(88,	'NO.245',	'3',	'2022-06-26',	'64',	'腳腳',	'1',	'I',	'1',	'3500',	'1',	'1200',	'D',	'8000',	'5600',	'基本款項鍊/IG壓克力板/聽經49天$1000',	9,	'2022-06-26 12:19:17',	'2022-06-26 12:22:35'),
(89,	'NO.246',	'3',	'2022-06-26',	'65',	'小白',	'17',	'I',	'1',	'4500',	'1',	'500',	'A',	'6300',	'6900',	NULL,	9,	'2022-06-26 16:37:39',	'2022-06-26 16:38:14'),
(90,	'NO.247',	'3',	'2022-06-26',	'69',	'黑仔',	'1',	'I',	'2',	'1100',	NULL,	NULL,	'A',	'1100',	'6000',	'優待100',	9,	'2022-06-26 18:31:47',	'2022-06-26 18:31:54'),
(91,	'NO.642',	'3',	'2022-06-27',	'70',	'熊熊',	'3.6',	'I',	'1',	'4000',	NULL,	NULL,	'C',	'7000',	'7000',	NULL,	9,	'2022-06-27 13:11:45',	'2022-06-27 13:11:54'),
(92,	'NO.248',	'3',	'2022-06-27',	'67',	'白',	'5.2',	'I',	'1',	'4000',	'2',	'3000',	'D',	'6000',	'7700',	'優待700',	9,	'2022-06-27 14:18:29',	'2022-06-27 14:18:47'),
(93,	'NO.643',	'3',	'2022-06-27',	'71',	'汪汪',	'3',	'H',	'1',	'4000',	'2',	'3000',	'A',	'7600',	'7000',	'尚大醫院介紹',	9,	'2022-06-27 21:57:39',	'2022-06-27 22:00:03'),
(94,	'NO.644',	'3',	'2022-06-27',	'2',	'犬',	'5',	'O',	'3',	'700',	NULL,	NULL,	'A',	'700',	'7000',	NULL,	9,	'2022-06-27 21:58:55',	'2022-06-27 22:00:13'),
(105,	'NO.249',	'3',	'2022-06-28',	'70',	'熊熊',	'3',	'I',	'1',	'4000',	'1',	'1800',	'D',	'3700',	'10700',	NULL,	9,	'2022-06-28 15:18:11',	'2022-06-28 15:21:25'),
(106,	'NO.250',	'3',	'2022-06-28',	'72',	'奶糖',	'5',	'I',	'2',	'1500',	NULL,	NULL,	'A',	'2700',	'10700',	NULL,	9,	'2022-06-28 15:19:12',	'2022-06-28 15:21:29'),
(107,	'NO.662',	'3',	'2022-06-28',	'73',	'麻糬',	'3',	'I',	NULL,	NULL,	NULL,	NULL,	'A',	'700',	'10700',	'冰存7天',	9,	'2022-06-28 15:21:09',	'2022-06-28 15:21:35'),
(108,	'NO.645',	'3',	'2022-06-29',	'74',	'LUCKY',	'3',	'I',	'1',	'4000',	NULL,	NULL,	'C',	'4500',	'4000',	NULL,	9,	'2022-06-29 15:51:57',	'2022-06-29 15:53:36'),
(109,	'NO.646',	'3',	'2022-06-29',	'75',	'浪貓',	'3',	'I',	'3',	'1000',	NULL,	NULL,	'A',	'1000',	'4000',	NULL,	9,	'2022-06-29 15:52:34',	'2022-06-29 15:53:41'),
(110,	'NO.663',	'3',	'2022-06-29',	'2',	'犬',	'16',	'O',	'3',	'700',	NULL,	NULL,	'A',	'700',	'4000',	NULL,	9,	'2022-06-29 15:53:25',	'2022-06-29 15:53:47'),
(111,	'NO.647',	'3',	'2022-06-29',	'76',	'腸腸',	'3',	'I',	'1',	'4000',	NULL,	NULL,	'C',	'4000',	'4000',	NULL,	9,	'2022-06-30 14:43:11',	'2022-06-30 14:43:26'),
(112,	'NO.648',	'3',	'2022-06-30',	'68',	'烏妮',	'3',	'I',	'1',	'4000',	'1',	'0',	'D',	'5100',	'6100',	'不磨/自備罐',	9,	'2022-06-30 17:09:13',	'2022-06-30 17:10:49'),
(113,	'NO.649',	'3',	'2022-06-30',	'77',	'黑仔',	'25',	'O',	'2',	'3500',	NULL,	NULL,	'A',	'5500',	'6100',	NULL,	9,	'2022-06-30 17:10:40',	'2022-06-30 17:10:54'),
(114,	'NO.650',	'3',	'2022-07-01',	'74',	'Lucky',	'5',	'I',	'1',	'4000',	'3',	'4000',	'D',	'10000',	'700',	'優待100$',	9,	'2022-07-01 12:47:00',	'2022-07-22 10:22:08'),
(115,	'NO.665',	'3',	'2022-07-01',	'63',	'白白',	'1.5',	'O',	'1',	'3000',	'1',	'500',	'D',	'5500',	'13100',	'鑰匙圈(一大一小) $2400',	9,	'2022-07-01 15:40:24',	'2022-07-01 16:02:04'),
(116,	'NO.666',	'3',	'2022-07-01',	'64',	'腳腳',	'1',	'I',	NULL,	NULL,	NULL,	NULL,	'A',	'2500',	'13100',	NULL,	9,	'2022-07-01 16:01:47',	'2022-07-01 16:02:07'),
(117,	'NO.701',	'3',	'2022-06-30',	'78',	'小白',	'30',	'I',	'2',	'3500',	NULL,	NULL,	'A',	'3200',	'13100',	'優待-300',	9,	'2022-07-01 16:31:02',	'2022-07-01 16:31:06'),
(118,	'NO.702',	'3',	'2022-07-01',	'76',	'腸腸',	'1.5',	'I',	'1',	'4000',	'1',	'1200',	'D',	'2900',	'13100',	NULL,	9,	'2022-07-02 18:44:00',	'2022-07-02 18:44:10'),
(119,	'NO.703',	'3',	'2022-07-02',	'79',	'寶寶',	'3.5',	'I',	'1',	'4000',	NULL,	NULL,	'C',	'7000',	'7500',	NULL,	9,	'2022-07-02 18:45:48',	'2022-07-02 18:45:56'),
(120,	'NO.704',	'3',	'2022-07-03',	'80',	'琪拉雅',	'1.5',	'I',	'2',	'1500',	NULL,	NULL,	'A',	'1500',	'1500',	NULL,	9,	'2022-07-04 22:45:37',	'2022-07-04 22:49:18'),
(121,	'NO.705',	'3',	'2022-07-04',	'81',	'浪犬',	'10',	'I',	'3',	'1500',	NULL,	NULL,	'A',	'3000',	'2500',	'臭屍處理費500',	9,	'2022-07-04 22:47:29',	'2022-07-04 22:49:30'),
(122,	'NO.706',	'3',	'2022-07-04',	'82',	'酷哥',	'2',	'I',	'1',	'4000',	NULL,	NULL,	'C',	'4000',	'2500',	NULL,	9,	'2022-07-04 22:48:12',	'2022-07-04 22:49:26'),
(123,	'NO.707',	'3',	'2022-07-04',	'83',	'Q比',	'1',	'I',	'1',	'3500',	NULL,	NULL,	'C',	'5000',	'2500',	NULL,	9,	'2022-07-04 22:49:01',	'2022-07-04 22:49:22'),
(124,	'NO.708',	'3',	'2022-07-05',	'92',	'小鳳梨',	'1.5',	'I',	'1',	'3000',	NULL,	NULL,	'A',	'2500',	'4000',	'尾款5100(後續未定)',	9,	'2022-07-05 21:13:26',	'2022-07-11 12:58:02'),
(125,	'NO.709',	'3',	'2022-07-05',	'媽媽',	'呆門',	'16',	'H',	'2',	'2000',	NULL,	NULL,	'A',	'2000',	'3400',	'退款1200給醫院',	9,	'2022-07-05 21:15:08',	'2022-07-05 21:15:18'),
(126,	'NO.710',	'3',	'2022-07-06',	'93',	'mochi',	'1',	'I',	'1',	'3500',	'1',	'1200',	'B',	'3500',	'4000',	'尾款3400',	9,	'2022-07-06 16:40:12',	'2022-07-11 13:05:47'),
(127,	'NO.711',	'3',	'2022-07-06',	'79',	'寶寶',	'3',	'I',	'1',	'4000',	'2',	'3000',	'D',	'7200',	'6900',	'中元法會報名1000\r\n優待100',	9,	'2022-07-06 17:07:50',	'2022-07-06 17:08:06'),
(128,	'NO.712',	'3',	'2022-07-07',	'83',	'Q比',	'1',	'I',	'1',	'3500',	'1',	'500',	'D',	'3700',	'8700',	NULL,	9,	'2022-07-07 12:27:12',	'2022-07-07 12:27:19'),
(129,	'NO.713',	'3',	'2022-07-07',	'84',	NULL,	'3',	'O',	'1',	'3500',	NULL,	NULL,	'A',	'3500',	'8700',	'愛媽價火化3500',	9,	'2022-07-07 13:11:43',	'2022-07-07 13:12:05'),
(130,	'NO.667',	'3',	'2022-07-07',	'85',	'浪貓',	'2',	'F',	'3',	'1000',	NULL,	NULL,	'A',	'1300',	'8700',	NULL,	9,	'2022-07-08 13:41:46',	'2022-07-08 13:45:26'),
(131,	'NO.668',	'3',	'2022-07-07',	'86',	'仔仔',	'1',	'I',	'2',	'1200',	NULL,	NULL,	'A',	'1200',	'8700',	NULL,	9,	'2022-07-08 13:42:22',	'2022-07-08 13:45:21'),
(132,	'NO.669',	'3',	'2022-07-08',	'87',	'浪貓',	'2',	'I',	'3',	'1000',	NULL,	NULL,	'A',	'1000',	'1000',	NULL,	9,	'2022-07-08 13:43:00',	'2022-07-08 13:45:30'),
(133,	'NO.670',	'3',	'2022-07-09',	'88',	'迪迪',	'3',	'I',	'1',	'4000',	NULL,	NULL,	'C',	'2000',	'4000',	NULL,	9,	'2022-07-11 12:49:10',	'2022-07-11 13:05:54'),
(134,	'NO.671',	'3',	'2022-07-10',	'89',	'乖乖',	'5',	'I',	'2',	'1500',	NULL,	NULL,	'A',	'2000',	'2000',	NULL,	9,	'2022-07-11 12:50:05',	'2022-07-11 13:06:20'),
(135,	'NO.672',	'3',	'2022-07-10',	'88',	'迪迪',	'3',	'I',	'1',	'4000',	'1',	'500',	'D',	'5600',	'2000',	NULL,	9,	'2022-07-11 12:51:17',	'2022-07-11 13:06:14'),
(136,	'NO.673',	'3',	'2022-07-10',	'90',	'小密',	'3',	'B',	'1',	'4000',	NULL,	NULL,	'C',	'4000',	'2000',	'松鶴生命介紹',	9,	'2022-07-11 12:52:07',	'2022-07-11 13:06:02'),
(137,	'NO.674',	'3',	'2022-07-11',	'91',	'糖餅',	'1',	'I',	'1',	'3500',	NULL,	NULL,	'C',	'2000',	'4000',	NULL,	9,	'2022-07-11 12:52:55',	'2022-07-11 13:06:38'),
(138,	'NO.675',	'3',	'2022-07-11',	'92',	'小鳳梨',	'1',	'I',	'1',	'3000',	'3',	'4000',	'C',	'3100',	'4000',	'尚欠尾款3000\r\n7/20付款',	9,	'2022-07-11 12:59:54',	'2022-07-11 13:06:30'),
(139,	'NO.676',	'3',	'2022-07-11',	'93',	'麻糬',	'1',	'I',	'1',	'3500',	'1',	'1200',	'B',	'4400',	'700',	'中元法會$1000',	9,	'2022-07-11 13:05:30',	'2022-07-22 10:23:52'),
(140,	'NO.677',	'3',	'2022-07-11',	'94',	'吐司',	'3',	'I',	'2',	'1500',	NULL,	NULL,	'A',	'2000',	'4000',	NULL,	9,	'2022-07-15 13:10:40',	'2022-07-15 13:40:33'),
(141,	'NO.678',	'3',	'2022-07-12',	'95',	'浪貓',	'3',	'I',	'1',	'4000',	NULL,	NULL,	'C',	'2500',	'4000',	NULL,	9,	'2022-07-15 13:12:46',	'2022-07-15 13:40:43'),
(142,	'NO.679',	'3',	'2022-07-12',	'82',	'酷哥',	'2',	'I',	'1',	'4000',	'3',	'4000',	'D',	'7500',	'4000',	NULL,	9,	'2022-07-15 13:14:06',	'2022-07-15 13:40:39'),
(143,	'NO.680',	'3',	'2022-07-13',	'91',	'糖餅',	'1',	'I',	'1',	'3500',	'3',	'4000',	'D',	'6700',	'8700',	NULL,	9,	'2022-07-15 13:15:44',	'2022-07-15 13:41:05'),
(144,	'NO.681',	'3',	'2022-07-13',	'96',	'拉拉',	'2',	'I',	'1',	'4000',	NULL,	NULL,	'C',	'2000',	'8700',	NULL,	9,	'2022-07-15 13:17:39',	'2022-07-15 13:41:01'),
(145,	'NO.682',	'3',	'2022-07-13',	'97',	'多利',	'1',	'I',	'1',	'3500',	'2',	'3000',	'A',	'6000',	'8700',	'優待600',	9,	'2022-07-15 13:21:32',	'2022-07-15 13:40:57'),
(146,	'NO.683',	'3',	'2022-07-14',	'98',	'浪貓',	'2',	'I',	'3',	'1000',	NULL,	NULL,	'A',	'1000',	'1000',	NULL,	9,	'2022-07-15 13:22:46',	'2022-07-15 13:52:44'),
(147,	'NO.714',	'3',	'2022-07-13',	'90',	'小密',	'2',	'I',	'1',	'4000',	'1',	'500',	'D',	'1500',	'1000',	NULL,	9,	'2022-07-15 13:37:45',	'2022-07-15 13:40:53'),
(148,	'NO.715',	'3',	'2022-07-13',	'95',	'浪貓',	'3',	'I',	'1',	'4000',	'2',	'3000',	'D',	'7000',	'700',	'中元法會報名1000',	9,	'2022-07-15 13:39:16',	'2022-07-22 10:23:56'),
(149,	'NO.684',	'3',	'2022-07-15',	'99',	'Monkey',	'2',	'I',	'1',	'4000',	NULL,	NULL,	'C',	'2000',	'4000',	NULL,	9,	'2022-07-15 18:25:43',	'2022-07-15 18:25:50'),
(150,	'NO.686',	'3',	'2022-07-16',	'99',	'Monkey',	'2',	'I',	'1',	'4000',	'1',	'1800',	'D',	'6800',	'700',	'中元法會1000',	9,	'2022-07-16 13:07:29',	'2022-07-22 10:23:47'),
(151,	'NO.687',	'3',	'2022-07-16',	'100',	'達達',	'3',	'I',	'1',	'4000',	'1',	'0',	'A',	'5000',	'7800',	'法寶衣鞋(親送贈送)',	9,	'2022-07-16 13:10:21',	'2022-07-16 13:10:31'),
(152,	'NO.685',	'3',	'2022-07-16',	'66',	'浪貓',	'1',	'O',	'3',	'1000',	NULL,	NULL,	'A',	'1000',	'7800',	NULL,	9,	'2022-07-16 13:44:05',	'2022-07-16 13:44:11'),
(154,	'NO.689',	'3',	'2022-07-17',	'96',	'拉拉',	'2',	'I',	'1',	'4000',	'3',	'4000',	'D',	'6000',	'9000',	'優待1000',	9,	'2022-07-17 13:00:30',	'2022-07-17 13:00:37'),
(155,	'NO.690',	'3',	'2022-07-17',	'101',	'兔子',	'1',	'I',	'2',	'1200',	NULL,	NULL,	'A',	'1300',	'9000',	NULL,	9,	'2022-07-18 11:34:01',	'2022-07-18 11:39:12'),
(156,	'NO.716',	'3',	'2022-07-17',	'102',	'龍龍',	'4',	'I',	'1',	'4000',	NULL,	NULL,	'C',	'2000',	'9000',	'圓滿十方套組',	9,	'2022-07-18 11:37:13',	'2022-07-18 11:39:06'),
(157,	'NO.717',	'3',	'2022-07-18',	'103',	'A咪',	'2',	'I',	'1',	'4000',	'2',	'3000',	'A',	'7500',	'7500',	NULL,	9,	'2022-07-18 11:38:02',	'2022-07-18 11:39:21'),
(158,	'NO.718',	'3',	'2022-07-18',	'104',	'奇異果',	'1',	'I',	'2',	'1200',	NULL,	NULL,	'A',	'2200',	'700',	'中元法會報名1000',	9,	'2022-07-18 11:38:58',	'2022-07-22 10:24:19'),
(159,	'000551',	'1',	'2022-07-17',	'105',	'咕咕',	'12',	'I',	'2',	'2000',	NULL,	NULL,	'A',	'2500',	'7500',	NULL,	9,	'2022-07-18 15:03:04',	'2022-07-18 15:03:31'),
(160,	'NO.691',	'3',	'2022-07-18',	'6',	'窩窩',	'2',	NULL,	NULL,	NULL,	'3',	'3000',	'A',	'3200',	'7500',	'已研磨/鮮花代買200',	9,	'2022-07-18 15:43:43',	'2022-07-18 15:43:54'),
(161,	'NO.619',	'3',	'2022-07-19',	'106',	'球球',	'3',	'I',	'2',	'1500',	NULL,	NULL,	'A',	'1800',	'1800',	NULL,	9,	'2022-07-20 14:23:35',	'2022-07-20 14:25:59'),
(162,	'NO.720',	'3',	'2022-07-19',	'107',	'浪貓',	'1',	'I',	'3',	'1500',	NULL,	NULL,	'A',	'1500',	'1800',	NULL,	9,	'2022-07-20 14:25:53',	'2022-07-20 14:26:04'),
(163,	'NO.692',	'3',	'2022-07-20',	'104',	'毬毬',	'1',	'O',	'2',	'1200',	NULL,	'0',	'A',	'2200',	'700',	'中元法會1000',	9,	'2022-07-20 14:28:42',	'2022-07-22 10:24:15'),
(164,	'NO.688',	'3',	'2022-07-16',	'108',	'圓圓',	'1',	'I',	'1',	'3500',	'2',	'3000',	'C',	'4700',	'1200',	NULL,	9,	'2022-07-20 14:33:30',	'2022-07-20 14:37:46'),
(165,	'NO.721',	'3',	'2022-07-20',	'108',	'圓圓',	'1',	'I',	'1',	'3500',	'2',	'3000',	'D',	'1800',	'1200',	NULL,	9,	'2022-07-20 14:37:08',	'2022-07-20 14:37:50'),
(166,	'NO.722',	'3',	'2022-07-20',	'109',	'浪貓',	'1',	'I',	'3',	'1000',	NULL,	NULL,	'A',	'1000',	'1200',	NULL,	9,	'2022-07-20 18:07:54',	'2022-07-20 18:08:01'),
(167,	'NO.723',	'3',	'2022-07-21',	'2',	NULL,	NULL,	'O',	'3',	'700',	NULL,	NULL,	'A',	'700',	'700',	NULL,	9,	'2022-07-21 18:02:35',	'2022-07-21 18:02:43'),
(168,	'NO.693',	'3',	'2022-07-21',	'71',	'旺旺',	NULL,	'I',	'1',	'0',	NULL,	NULL,	'A',	'1000',	'700',	'中元法會報名1000',	9,	'2022-07-22 10:16:14',	'2022-07-22 10:18:38'),
(169,	'NO.724',	'3',	'2022-07-22',	'110',	'仔仔',	'2',	'I',	'2',	'1500',	NULL,	NULL,	'A',	'1900',	'1900',	NULL,	9,	'2022-07-22 10:27:29',	'2022-07-22 10:27:34'),
(170,	'NO.725',	'3',	'2022-07-22',	'111',	'妃妃',	NULL,	NULL,	NULL,	NULL,	NULL,	NULL,	'A',	'200',	'1900',	NULL,	9,	'2022-07-22 13:14:27',	'2022-07-22 13:14:33'),
(171,	'NO.726',	'3',	'2022-07-23',	'102',	'龍龍',	'3',	'I',	'1',	'4000',	'2',	'3000',	'D',	'8500',	'9800',	'圓滿十方方案',	9,	'2022-07-24 13:07:44',	'2022-07-24 13:24:18'),
(172,	'NO.727',	'3',	'2022-07-23',	'112',	'阿點',	'0',	'I',	'1',	'0',	'1',	'500',	'A',	'1500',	'9800',	NULL,	9,	'2022-07-24 13:09:41',	'2022-07-24 13:24:09'),
(173,	'NO.729',	'3',	'2022-07-23',	'113',	'浪貓',	'1',	'F',	'3',	'1000',	NULL,	NULL,	'B',	'1000',	'9800',	'#9600',	9,	'2022-07-24 13:12:00',	'2022-07-24 13:24:05'),
(174,	'NO.728',	'3',	'2022-07-24',	'114',	'黑金',	'12',	'F',	'3',	'1000',	NULL,	NULL,	'A',	'1000',	'1000',	NULL,	9,	'2022-07-24 13:12:59',	'2022-07-24 13:24:49'),
(175,	'NO.694',	'3',	'2022-07-22',	'115',	'阿華田',	'1',	'I',	'2',	'1200',	NULL,	NULL,	'A',	'1200',	'1000',	NULL,	9,	'2022-07-24 13:15:52',	'2022-07-24 13:24:00'),
(176,	'NO.695',	'3',	'2022-07-24',	'116',	'黑熊',	'2',	'I',	'2',	'1500',	NULL,	NULL,	'A',	'1500',	'1000',	NULL,	9,	'2022-07-24 13:17:44',	'2022-07-24 13:24:46'),
(177,	'NO.696',	'3',	'2022-07-24',	'117',	'妹妹',	'2',	'I',	'2',	'1500',	NULL,	NULL,	'A',	'4100',	'1000',	NULL,	9,	'2022-07-24 13:19:42',	'2022-07-24 13:24:41'),
(178,	'NO.697',	'3',	'2022-07-24',	'118',	'福氣',	'2',	'I',	'1',	'4000',	'2',	'3000',	'B',	'10000',	'1000',	'#55491',	9,	'2022-07-24 13:22:29',	'2022-07-24 13:24:35'),
(179,	'NO.730',	'3',	'2022-07-24',	'119',	'陳地瓜',	'10',	'I',	'1',	'4000',	'3',	'4000',	'B',	'13700',	'1800',	'#81590',	9,	'2022-07-24 19:08:00',	'2022-07-25 14:42:14'),
(180,	'NO.731',	'3',	'2022-07-25',	'56',	'圓圓',	NULL,	'I',	NULL,	NULL,	NULL,	NULL,	'A',	'1200',	'3100',	'蓮花座*6(法會用)',	9,	'2022-07-25 13:56:42',	'2022-07-26 18:51:07'),
(181,	'NO.732',	'3',	'2022-07-25',	'120',	'花生',	'2',	'H',	'2',	'1500',	NULL,	NULL,	'A',	'700',	'1800',	'退傭屏東成功動物醫院800',	9,	'2022-07-25 15:27:48',	'2022-07-25 16:40:17'),
(182,	'NO.733',	'3',	'2022-07-25',	'121',	'至尊',	'15',	'I',	'1',	'4500',	'2',	'3000',	'A',	'10500',	'1800',	NULL,	9,	'2022-07-25 15:30:13',	'2022-07-25 15:31:35'),
(183,	'NO.735',	'3',	'2022-07-25',	'122',	'念念',	'1',	'I',	'1',	'3500',	NULL,	NULL,	'A',	'4100',	'1800',	NULL,	9,	'2022-07-26 02:20:26',	'2022-07-26 02:22:38'),
(184,	'NO.736',	'3',	'2022-07-25',	'123',	'阿布',	'3',	'I',	'1',	'4000',	NULL,	NULL,	'C',	'2000',	'1800',	'圓滿十方套組',	9,	'2022-07-26 02:21:20',	'2022-07-26 02:22:34'),
(185,	'NO.737',	'3',	'2022-07-25',	'124',	'MiGo',	'2',	'I',	'1',	'4000',	NULL,	NULL,	'C',	'1000',	'1800',	'夜間加成',	9,	'2022-07-26 02:22:19',	'2022-07-26 02:22:28'),
(186,	'NO.738',	'3',	'2022-07-26',	'125',	'Gucci',	'12',	'I',	'2',	'2000',	NULL,	NULL,	'A',	'3100',	'3100',	NULL,	9,	'2022-07-26 10:09:56',	'2022-07-26 10:10:01'),
(187,	'NO.698',	'3',	'2022-07-27',	'126',	'犬',	'15',	'F',	'3',	'700',	NULL,	NULL,	'A',	'700',	'700',	NULL,	9,	'2022-07-29 10:53:04',	'2022-07-29 11:00:39'),
(188,	'NO.739',	'3',	'2022-07-28',	'127',	'薯條',	'1',	'I',	'1',	'3500',	NULL,	NULL,	'C',	'1000',	'3500',	NULL,	9,	'2022-07-29 10:55:56',	'2022-07-29 11:00:59'),
(189,	'NO.740',	'3',	'2022-07-28',	'128',	'來福',	'15',	'H',	'2',	'2000',	NULL,	NULL,	'A',	'800',	'3500',	'已退傭1200給聯強AH',	9,	'2022-07-29 10:57:40',	'2022-07-29 11:00:49'),
(190,	'NO.741',	'3',	'2022-07-28',	'129',	'冠軍',	'26',	'I',	'2',	'3000',	NULL,	NULL,	'A',	'3500',	'3500',	NULL,	9,	'2022-07-29 10:59:27',	'2022-07-29 11:00:44'),
(191,	'NO.742',	'3',	'2022-07-29',	'127',	'薯條',	'1',	'I',	'1',	'3500',	'1',	'1000',	'D',	'4700',	'5800',	'優待100',	9,	'2022-07-29 11:00:31',	'2022-07-29 11:01:04'),
(192,	'NO.751',	'3',	'2022-07-29',	'130',	'浪貓',	'2',	'F',	'3',	'1000',	NULL,	NULL,	'A',	'1000',	'5800',	NULL,	9,	'2022-07-31 16:44:21',	'2022-07-31 17:03:05'),
(193,	'NO.752',	'3',	'2022-07-29',	'131',	'珍珠',	'2',	'I',	'2',	'1500',	NULL,	NULL,	'A',	'1500',	'5800',	NULL,	9,	'2022-07-31 16:45:27',	'2022-07-31 17:02:59'),
(194,	'NO.753',	'3',	'2022-07-30',	'2',	'犬',	'10',	'O',	'3',	'700',	NULL,	NULL,	'A',	'700',	'700',	NULL,	9,	'2022-07-31 16:46:16',	'2022-07-31 17:03:37'),
(195,	'NO.743',	'3',	'2022-07-30',	'123',	'阿布',	'3',	'I',	'1',	'4000',	'3',	'4000',	'D',	'9000',	'700',	'圓滿十方套組',	9,	'2022-07-31 16:51:44',	'2022-07-31 17:03:34'),
(196,	'NO.744',	'3',	'2022-07-30',	'132',	'浪貓',	'1',	'I',	'3',	'1000',	NULL,	NULL,	'A',	'1300',	'700',	NULL,	9,	'2022-07-31 16:53:17',	'2022-07-31 17:03:29'),
(197,	'NO.699',	'3',	'2022-07-30',	'133',	'奶茶',	'1',	'F',	'1',	'3500',	NULL,	NULL,	'C',	'2000',	'1000',	NULL,	9,	'2022-07-31 16:55:37',	'2022-08-07 17:57:33'),
(198,	'NO.700',	'3',	'2022-07-30',	'134',	'朱古力',	'3',	'I',	'1',	'4000',	NULL,	NULL,	'C',	'1000',	'700',	NULL,	9,	'2022-07-31 16:58:07',	'2022-07-31 17:03:20'),
(199,	'NO.745',	'3',	'2022-07-31',	'124',	'Migo',	'2',	'I',	'1',	'4000',	'2',	'3000',	'D',	'7600',	'8600',	NULL,	9,	'2022-07-31 17:00:13',	'2022-07-31 17:03:52'),
(200,	'NO.754',	'3',	'2022-07-31',	'135',	'大龜',	'2',	'I',	'1',	'4000',	NULL,	NULL,	'C',	'2000',	'8600',	NULL,	9,	'2022-07-31 17:01:00',	'2022-07-31 17:03:42'),
(201,	'NO.755',	'3',	'2022-07-28',	'136',	'小卉',	NULL,	NULL,	NULL,	NULL,	NULL,	NULL,	'B',	'1000',	'8600',	'#53317',	9,	'2022-07-31 17:19:14',	'2022-07-31 17:19:19'),
(202,	'NO.756',	'3',	'2022-07-31',	'137',	'木木',	'2',	'I',	'1',	'4000',	NULL,	NULL,	'C',	'1000',	'8600',	NULL,	9,	'2022-08-01 14:26:03',	'2022-08-01 14:29:27'),
(203,	'NO.757',	'3',	'2022-08-01',	'138',	'恰吉',	'2',	'I',	'1',	'4000',	NULL,	NULL,	'C',	'1000',	'7000',	'基督教',	9,	'2022-08-01 14:27:39',	'2022-08-01 14:29:09'),
(204,	'NO.803',	'3',	'2022-08-01',	'134',	'朱古力',	'9',	'I',	'1',	'4000',	'3',	'5000',	'D',	'10000',	'7000',	'優待100',	9,	'2022-08-01 14:29:01',	'2022-08-01 14:29:22'),
(205,	NULL,	'1',	'2022-08-01',	'139',	'來來',	'2',	'I',	'2',	'1200',	NULL,	NULL,	'A',	'1200',	'7000',	'客戶手機號碼是老婆的鄭小姐',	9,	'2022-08-01 16:41:06',	'2022-08-11 11:41:42'),
(206,	'NO.746',	'3',	'2022-08-01',	'140',	'小黃',	'17',	'I',	'2',	'2000',	NULL,	NULL,	'A',	'3000',	'7000',	NULL,	9,	'2022-08-03 11:18:11',	'2022-08-03 11:22:26'),
(207,	'NO.758',	'3',	'2022-08-02',	'138',	'恰吉',	'3',	'I',	'1',	'4000',	'2',	'3000',	'D',	'9000',	'10000',	NULL,	9,	'2022-08-03 11:19:27',	'2022-08-03 11:22:43'),
(208,	'NO.747',	'3',	'2022-08-02',	'141',	'浪貓',	'1',	'O',	'3',	'1000',	NULL,	NULL,	'A',	'3000',	'10000',	NULL,	9,	'2022-08-03 11:20:58',	'2022-08-03 11:22:36'),
(209,	'NO.748',	'3',	'2022-08-03',	'142',	'浪貓',	'2',	'I',	'3',	'1000',	NULL,	NULL,	'A',	'1500',	'1500',	NULL,	9,	'2022-08-03 11:22:16',	'2022-08-03 11:22:39'),
(210,	'NO.749',	'3',	'2022-08-03',	'143',	'小可',	'4',	'I',	'1',	'4000',	'1',	'1800',	'A',	'7400',	'1500',	'優待600',	9,	'2022-08-03 17:44:43',	'2022-08-03 17:44:50'),
(211,	'NO.750',	'3',	'2022-08-03',	'144',	'鳥',	'1',	'I',	'3',	'1000',	NULL,	NULL,	'B',	'1000',	'1500',	'#24992',	9,	'2022-08-03 17:45:48',	'2022-08-03 17:45:54'),
(212,	'NO.759',	'3',	'2022-08-04',	'145',	'喜羊羊',	'2',	'I',	'1',	'4000',	'1',	'500',	'A',	'5500',	'5600',	'優待100',	9,	'2022-08-05 09:48:02',	'2022-08-05 09:51:42'),
(213,	'NO.760',	'3',	'2022-08-04',	'135',	'大龜',	'2',	'I',	'1',	'4000',	'1',	'2500',	'D',	'7100',	'5600',	NULL,	9,	'2022-08-05 09:49:23',	'2022-08-05 09:51:37'),
(214,	'NO.761',	'3',	'2022-08-03',	'146',	'阿妞',	'2.5',	'I',	'2',	'1500',	NULL,	NULL,	'A',	'1800',	'5600',	NULL,	9,	'2022-08-05 09:51:26',	'2022-08-05 09:51:32'),
(215,	'NO.762',	'3',	'2022-08-05',	'137',	'木木',	'2',	'I',	'1',	'4000',	'1',	'500',	'D',	'4500',	'5500',	NULL,	9,	'2022-08-05 18:52:41',	'2022-08-05 18:53:56'),
(216,	'NO.763',	'3',	'2022-08-05',	'133',	'奶茶',	'1',	'I',	'1',	'3500',	'2',	'3000',	'D',	'9200',	'5500',	NULL,	9,	'2022-08-05 18:53:47',	'2022-08-05 18:53:52'),
(217,	'NO.764',	'3',	'2022-08-05',	'147',	'多多',	'8',	'I',	'1',	'4000',	'2',	'3000',	'C',	'7000',	'5500',	NULL,	9,	'2022-08-05 20:01:27',	'2022-08-05 20:02:12'),
(218,	'NO.765',	'3',	'2022-08-05',	'92',	'小鳳梨',	NULL,	'I',	'1',	NULL,	NULL,	NULL,	'D',	'4000',	'5500',	NULL,	9,	'2022-08-05 20:02:00',	'2022-08-05 20:02:08'),
(219,	'NO.766',	'3',	'2022-08-06',	'51',	'巧克力',	NULL,	NULL,	NULL,	NULL,	NULL,	NULL,	'B',	'1000',	'1000',	NULL,	9,	'2022-08-07 14:30:37',	'2022-08-07 14:31:37'),
(220,	'NO.767',	'3',	'2022-08-06',	'134',	'朱古力',	NULL,	NULL,	NULL,	NULL,	NULL,	NULL,	'A',	'500',	'1000',	NULL,	9,	'2022-08-07 14:31:28',	'2022-08-07 14:31:33'),
(221,	'NO.768',	'3',	'2022-08-07',	'148',	'妞妞',	'1',	'I',	'2',	'1200',	NULL,	NULL,	'A',	'1500',	'9000',	NULL,	9,	'2022-08-08 10:23:24',	'2022-08-08 10:34:38'),
(222,	'NO.769',	'3',	'2022-08-07',	'149',	'毛毛',	'2',	'I',	'1',	'4000',	'1',	'500',	'A',	'7200',	'1200',	NULL,	9,	'2022-08-08 10:25:23',	'2022-08-08 10:33:54'),
(223,	'NO.770',	'3',	'2022-08-07',	'2',	'犬',	'18',	'O',	'3',	'700',	NULL,	NULL,	'A',	'700',	'1200',	NULL,	9,	'2022-08-08 10:26:02',	'2022-08-08 10:33:58'),
(224,	'NO.771',	'3',	'2022-08-07',	'114',	'來福',	'16',	'O',	'2',	'2000',	NULL,	NULL,	'A',	'2000',	'1200',	NULL,	9,	'2022-08-08 10:27:36',	'2022-08-08 10:33:14'),
(225,	'NO.772',	'3',	'2022-08-08',	'150',	'凱西',	'3',	'B',	'1',	'4000',	'2',	'3000',	'B',	'9000',	'9000',	'天堂玉石介紹',	9,	'2022-08-08 10:29:45',	'2022-08-08 10:33:20'),
(226,	'NO.773',	'3',	'2022-08-08',	'151',	'布丁',	'1',	'I',	'1',	'3500',	NULL,	NULL,	'C',	'3000',	'9000',	NULL,	9,	'2022-08-08 10:31:10',	'2022-08-08 10:33:24'),
(227,	'NO.774',	'3',	'2022-08-08',	'152',	'黑妞',	'13',	'I',	'2',	'2000',	NULL,	NULL,	'A',	'5100',	'9000',	NULL,	9,	'2022-08-08 10:33:07',	'2022-08-08 10:33:29'),
(228,	'NO.775',	'3',	'2022-08-08',	'153',	'浪貓',	'2',	'F',	'3',	'1000',	NULL,	NULL,	'A',	'1000',	'9000',	NULL,	9,	'2022-08-09 10:50:42',	'2022-08-09 10:52:14'),
(229,	'NO.776',	'3',	'2022-08-08',	'154',	'浪貓',	'2',	'I',	'3',	'1000',	NULL,	NULL,	'B',	'1000',	'9000',	NULL,	9,	'2022-08-09 10:52:06',	'2022-08-09 10:52:11'),
(230,	'NO.777',	'3',	'2022-08-09',	'155',	'搭搭',	NULL,	NULL,	NULL,	NULL,	NULL,	NULL,	'A',	'1000',	'1000',	NULL,	9,	'2022-08-09 12:12:00',	'2022-08-09 12:12:05'),
(231,	'NO.804',	'3',	'2022-08-09',	'156',	'弟弟',	'2',	'H',	'1',	'3000',	'2',	'2000',	'C',	'3500',	'1000',	NULL,	9,	'2022-08-10 18:01:38',	'2022-08-10 18:09:22'),
(232,	'NO.806',	'3',	'2022-08-10',	'157',	'呼嚕嚕',	'3',	'I',	'1',	'4000',	'1',	'1000',	'A',	'5000',	'5000',	NULL,	9,	'2022-08-10 18:03:02',	'2022-08-10 18:09:41'),
(233,	'NO.778',	'3',	'2022-08-10',	'158',	'小乖',	'3',	'I',	'2',	'1500',	NULL,	NULL,	'A',	'2100',	'5000',	NULL,	9,	'2022-08-10 18:04:31',	'2022-08-10 18:09:37'),
(234,	'NO.779',	'3',	'2022-08-10',	'159',	'宮台譯',	'4',	'I',	'1',	'4000',	NULL,	NULL,	'A',	'5000',	'5000',	NULL,	9,	'2022-08-10 18:06:07',	'2022-08-10 18:09:33'),
(235,	'NO.780',	'3',	'2022-08-10',	'159',	'宮台譯',	'4',	NULL,	NULL,	NULL,	NULL,	NULL,	'A',	'700',	'5000',	NULL,	9,	'2022-08-10 18:07:23',	'2022-08-10 18:09:30'),
(236,	'NO.781',	'3',	'2022-08-10',	'147',	'多多',	'9',	'I',	'1',	'4000',	'3',	'4000',	'D',	'1200',	'5000',	'優待600',	9,	'2022-08-10 18:09:10',	'2022-08-10 18:09:26'),
(237,	'NO.782',	'3',	'2022-08-10',	'160',	'吉比',	'5',	'I',	'1',	'4000',	NULL,	NULL,	'C',	'2000',	'5000',	NULL,	9,	'2022-08-11 10:52:37',	'2022-08-11 10:52:44'),
(238,	'NO.783',	'3',	'2022-08-11',	'161',	'點點',	'5',	'I',	'1',	'4000',	'2',	'3000',	'A',	'10000',	'10000',	NULL,	9,	'2022-08-12 14:27:10',	'2022-08-12 14:27:15'),
(239,	'NO.092',	'3',	'2022-08-14',	'162',	'傑克',	'3',	'I',	'1',	'4000',	NULL,	NULL,	'A',	'4000',	'4000',	NULL,	9,	'2022-08-14 11:39:40',	'2022-08-16 12:12:16'),
(240,	'NO.784',	'3',	'2022-08-12',	'163',	'娜米',	'4',	'I',	'1',	'4000',	NULL,	NULL,	'C',	'2000',	'4000',	NULL,	9,	'2022-08-14 21:39:25',	'2022-08-15 12:37:31'),
(241,	'NO.785',	'3',	'2022-08-12',	'144',	'蛇',	'1',	'O',	'3',	'1000',	NULL,	NULL,	'A',	'1000',	'4000',	NULL,	9,	'2022-08-14 21:40:31',	'2022-08-15 12:37:25'),
(242,	'NO.786',	'3',	'2022-08-12',	'64',	'腳腳',	'1',	NULL,	NULL,	NULL,	NULL,	NULL,	'A',	'1000',	'4000',	NULL,	9,	'2022-08-14 21:41:21',	'2022-08-15 12:37:14'),
(243,	'NO.787',	'3',	'2022-08-12',	'164',	'布布',	NULL,	NULL,	NULL,	NULL,	NULL,	NULL,	'A',	'1000',	'4000',	NULL,	9,	'2022-08-14 21:43:47',	'2022-08-15 12:37:19'),
(244,	'NO.788',	'3',	'2022-08-12',	'165',	'黃妮妮',	NULL,	NULL,	NULL,	NULL,	NULL,	NULL,	'B',	'1000',	'4000',	NULL,	9,	'2022-08-14 21:45:56',	'2022-08-15 12:37:09'),
(245,	'NO.789',	'3',	'2022-08-13',	'160',	'吉比',	'5',	'I',	'1',	'4000',	'1',	'1800',	'D',	'6500',	'4000',	NULL,	9,	'2022-08-14 21:47:24',	'2022-08-15 12:37:52'),
(246,	'NO.790',	'3',	'2022-08-13',	'161',	'點點',	'5',	'I',	'1',	'4000',	'6',	'4000',	'D',	'3900',	'4000',	'法會便當代買150\r\n優待100',	9,	'2022-08-14 21:50:24',	'2022-08-15 12:37:42'),
(247,	'NO.791',	'3',	'2022-08-13',	'163',	'娜米',	'3',	'I',	'1',	'4000',	'3',	'4000',	'D',	'6000',	'4000',	NULL,	9,	'2022-08-14 21:51:19',	'2022-08-15 12:37:36'),
(248,	'NO.792',	'3',	'2022-08-14',	'136',	'小卉',	NULL,	NULL,	NULL,	NULL,	NULL,	NULL,	'A',	'2000',	'4000',	'功德金給眾寵靈',	9,	'2022-08-14 21:52:36',	'2022-08-15 12:38:25'),
(249,	'NO.793',	'3',	'2022-08-14',	'151',	'布丁',	'1',	'I',	'1',	'3500',	'3',	'4000',	'D',	'4500',	'4000',	NULL,	9,	'2022-08-14 21:54:37',	'2022-08-15 12:38:22'),
(250,	'NO.794',	'3',	'2022-08-14',	'125',	'Gucci',	NULL,	NULL,	NULL,	NULL,	NULL,	NULL,	'A',	'1000',	'4000',	NULL,	9,	'2022-08-14 21:55:16',	'2022-08-15 12:38:17'),
(251,	'NO.094',	'3',	'2022-08-14',	'93',	'麻糬',	NULL,	NULL,	NULL,	NULL,	NULL,	NULL,	'B',	'2200',	'4000',	NULL,	9,	'2022-08-14 21:58:32',	'2022-08-15 12:38:13'),
(252,	'NO.095',	'3',	'2022-08-14',	'165',	'黃妮妮',	NULL,	NULL,	NULL,	NULL,	NULL,	NULL,	'B',	'1700',	'4000',	'便當代買200',	9,	'2022-08-14 22:01:55',	'2022-08-15 12:38:09'),
(253,	'NO.096',	'3',	'2022-08-14',	'中元法會',	NULL,	NULL,	NULL,	NULL,	NULL,	NULL,	NULL,	'A',	'2600',	'4000',	'壽金7份$700',	9,	'2022-08-14 22:03:03',	'2022-08-15 12:38:04'),
(254,	'NO.795',	'3',	'2022-08-14',	'166',	'保濟丸',	'1',	'I',	'2',	'1200',	NULL,	NULL,	'A',	'1800',	'4000',	NULL,	9,	'2022-08-15 12:37:01',	'2022-08-15 12:37:56'),
(255,	'NO.796',	'3',	'2022-08-15',	'167',	'草莓',	'3',	'I',	'1',	'4000',	NULL,	NULL,	'C',	'6000',	'6500',	NULL,	9,	'2022-08-15 12:39:46',	'2022-08-15 12:39:50'),
(256,	'NO.797',	'3',	'2022-08-15',	'168',	'BeBe',	'1',	'I',	'1',	'3500',	NULL,	NULL,	'C',	'2000',	'3500',	NULL,	9,	'2022-08-16 12:14:36',	'2022-08-16 12:14:42'),
(257,	'NO.798',	'3',	'2022-08-16',	'169',	'查某',	'12',	'I',	'2',	'2000',	NULL,	NULL,	'A',	'2000',	'2000',	NULL,	9,	'2022-08-16 17:04:22',	'2022-08-16 17:06:16'),
(258,	'NO.799',	'3',	'2022-08-16',	'170',	'凱蒂',	'3',	'I',	'1',	'4000',	NULL,	NULL,	'C',	'1000',	'2000',	'退傭聯強動物醫院',	9,	'2022-08-16 17:05:55',	'2022-08-16 17:06:13'),
(259,	'NO.800',	'3',	'2022-08-16',	'171',	'浪貓',	'2',	'I',	'3',	'1000',	NULL,	NULL,	'A',	'1100',	'2000',	NULL,	9,	'2022-08-17 10:18:54',	'2022-08-19 11:47:56'),
(260,	'NO.851',	'3',	'2022-08-16',	'168',	'BeBe',	'1',	'I',	'1',	'3500',	'1',	'0',	'D',	'1800',	'2000',	'往生紙包帶回',	9,	'2022-08-17 10:19:58',	'2022-08-19 11:47:46'),
(261,	'NO.852',	'3',	'2022-08-17',	'172',	'東東',	'1',	'I',	'2',	'1200',	NULL,	NULL,	'A',	'1500',	'1500',	NULL,	9,	'2022-08-19 11:49:32',	'2022-08-19 11:53:50'),
(262,	'NO.853',	'3',	'2022-08-17',	'173',	'紅酒',	'5',	'I',	'1',	'4000',	'2',	'3000',	'A',	'7700',	'1500',	NULL,	9,	'2022-08-19 11:52:42',	'2022-08-19 11:53:55'),
(263,	'NO.854',	'3',	'2022-08-17',	'170',	'凱蒂',	'3',	'I',	'1',	'4000',	'2',	'3000',	'D',	'7000',	'1500',	NULL,	9,	'2022-08-19 11:53:42',	'2022-08-19 11:53:47'),
(264,	'NO.855',	'4',	'2022-08-19',	'174',	'可樂',	'1',	'I',	'1',	'3500',	'1',	'1800',	'A',	'7800',	'7800',	NULL,	9,	'2022-08-20 11:17:18',	'2022-08-20 11:17:22'),
(265,	'NO.856',	'4',	'2022-08-19',	'175',	'浪貓',	'2',	'I',	'3',	'1000',	NULL,	NULL,	'B',	'1600',	'7800',	NULL,	9,	'2022-08-20 11:19:01',	'2022-08-20 11:22:26'),
(266,	'NO.857',	'3',	'2022-08-20',	'176',	'吉米',	'12',	'F',	'2',	'2000',	NULL,	NULL,	'A',	'3100',	'3100',	NULL,	9,	'2022-08-20 11:20:48',	'2022-08-20 11:22:21'),
(267,	'NO.858',	'3',	'2022-08-20',	'177',	'米果',	'1',	'I',	'1',	'3500',	NULL,	NULL,	'C',	'1500',	'3100',	NULL,	9,	'2022-08-20 11:22:10',	'2022-08-20 11:22:17'),
(268,	'NO.859',	'4',	'2022-08-20',	'162',	'傑克',	'2',	'I',	'1',	'4000',	'3',	'4000',	'D',	'6000',	'3100',	'基督教',	9,	'2022-08-20 18:21:48',	'2022-08-20 18:43:09'),
(269,	'NO.860',	'4',	'2022-08-20',	'178',	'跳跳',	'2',	'I',	'2',	'1500',	NULL,	NULL,	'A',	'1500',	'3100',	NULL,	9,	'2022-08-20 18:29:19',	'2022-08-20 18:43:04'),
(270,	'NO.861',	'4',	'2022-08-20',	'179',	'糖糖',	'4',	'I',	'1',	'2000',	NULL,	NULL,	'C',	'2000',	'3100',	NULL,	9,	'2022-08-20 18:30:56',	'2022-08-20 18:42:58'),
(271,	'NO.862',	'4',	'2022-08-20',	'180',	'咪咪',	'4',	'I',	'1',	'4000',	'2',	'3000',	'A',	'8200',	'3100',	NULL,	9,	'2022-08-20 18:33:16',	'2022-08-20 18:42:41'),
(272,	'NO.863',	'4',	'2022-08-20',	'181',	'黑寶',	'27',	'F',	'1',	'5500',	'1',	'2500',	'A',	'12000',	'3100',	'優待1400',	9,	'2022-08-20 18:36:29',	'2022-08-20 18:42:33'),
(273,	'NO.864',	'4',	'2022-08-20',	'134',	'朱古力',	'5',	'I',	'1',	NULL,	NULL,	NULL,	'A',	'500',	'3100',	NULL,	9,	'2022-08-20 18:39:40',	'2022-08-20 18:42:25'),
(274,	'NO.865',	'3',	'2022-08-21',	'177',	'米果',	'1',	'I',	'1',	'3500',	'3',	'5000',	'B',	'8700',	'10200',	NULL,	9,	'2022-08-21 18:08:06',	'2022-08-21 18:08:15'),
(275,	'NO.866',	'6',	'2022-08-21',	'182',	'甩甩',	'1',	NULL,	NULL,	NULL,	NULL,	NULL,	'A',	'300',	'10200',	NULL,	9,	'2022-08-21 18:14:29',	'2022-08-21 18:14:35'),
(276,	'No.871',	'1',	'2022-08-22',	'183',	'烏龜',	'3',	'I',	'2',	'1500',	NULL,	NULL,	'A',	'1800',	'1800',	NULL,	9,	'2022-08-22 17:07:14',	'2022-08-22 17:07:22'),
(277,	'NO.901',	'3',	'2022-08-21',	'184',	'妹妹',	'3',	'I',	'1',	'4000',	NULL,	NULL,	'C',	'1500',	'1800',	NULL,	9,	'2022-08-22 17:25:39',	'2022-08-22 17:33:10'),
(278,	'NO.867',	'3',	'2022-08-22',	'185',	'大阿哥',	'23',	'I',	'1',	'5500',	NULL,	NULL,	'C',	'0',	'1800',	'已收未付',	9,	'2022-08-22 17:27:03',	'2022-08-22 17:33:02'),
(279,	'NO.868',	'3',	'2022-08-22',	'167',	'草莓',	'3',	'I',	'1',	'4000',	'2',	'3000',	'D',	'4700',	'1800',	NULL,	9,	'2022-08-22 17:28:14',	'2022-08-22 17:33:06'),
(280,	'NO.870',	'6',	'2022-08-22',	'184',	'妹妹',	'3',	'I',	'1',	'4000',	'2',	'3000',	'D',	'7000',	'1800',	'優待200',	9,	'2022-08-22 17:29:39',	'2022-08-22 17:32:54'),
(281,	'NO.869',	'4',	'2022-08-22',	'186',	'弟弟',	'3',	'I',	'1',	'4000',	NULL,	NULL,	'B',	'10500',	'1800',	NULL,	9,	'2022-08-22 17:32:25',	'2022-08-22 17:32:44'),
(283,	'NO.902',	'3',	'2022-08-23',	'185',	'大阿哥',	'23',	'I',	'1',	'5500',	'1',	'1000',	'A',	'8000',	'9500',	'優待100',	9,	'2022-08-23 20:34:55',	'2022-08-23 20:35:03'),
(284,	'NO.903',	'6',	'2022-08-23',	'179',	'糖糖',	'3',	'I',	'1',	'4000',	NULL,	NULL,	'D',	'3400',	'8100',	NULL,	9,	'2022-08-23 20:37:27',	'2022-08-23 20:37:33'),
(285,	'NO.872',	'4',	'2022-08-23',	'187',	'糖糖',	'1',	'I',	'1',	'3500',	'1',	'2000',	'A',	'9500',	'8100',	NULL,	9,	'2022-08-23 20:39:32',	'2022-08-23 20:39:38'),
(286,	'NO.873',	'3',	'2022-08-24',	'188',	'NINI',	'1',	'I',	'2',	'1200',	NULL,	NULL,	'A',	'2800',	'2800',	NULL,	9,	'2022-08-24 19:31:08',	'2022-08-24 19:33:19'),
(287,	'NO.874',	'3',	'2022-08-24',	'189',	'巧虎',	'2',	'I',	'1',	'400',	NULL,	NULL,	'C',	'2000',	'2200',	NULL,	9,	'2022-08-24 19:32:35',	'2022-08-24 19:33:23'),
(288,	'NO.875',	'6',	'2022-08-24',	'190',	'小黑',	'12',	'I',	'1',	'4500',	'3',	'5000',	'A',	'10500',	'2800',	'優待300',	9,	'2022-08-24 19:35:38',	'2022-08-24 19:45:13'),
(289,	'NO.876',	'6',	'2022-08-24',	'191',	'小鹿',	'3',	'I',	'1',	'4000',	NULL,	NULL,	'A',	'4500',	'2800',	'優待600',	9,	'2022-08-24 19:41:51',	'2022-08-24 19:45:26'),
(290,	'NO.877',	'3',	'2022-08-24',	'192',	'乖乖',	'26',	'I',	'1',	'5500',	NULL,	NULL,	'C',	'5000',	'2800',	NULL,	9,	'2022-08-24 19:43:56',	'2022-08-24 19:44:03'),
(291,	'NO.878',	'3',	'2022-08-24',	'193',	'浪貓',	'2',	'I',	'3',	'1000',	NULL,	NULL,	'A',	'1000',	'2800',	NULL,	9,	'2022-08-24 19:44:57',	'2022-08-24 19:45:04'),
(292,	'NO.905',	'6',	'2022-08-24',	'194',	'樂樂',	'4',	'I',	'1',	'4000',	'1',	'1800',	'A',	'9200',	'2800',	NULL,	9,	'2022-08-24 19:48:19',	'2022-08-24 19:48:25'),
(293,	'NO.879',	'3',	'2022-08-26',	'195',	'豆干',	'2',	'I',	'1',	'4000',	NULL,	NULL,	'C',	'1400',	'4000',	NULL,	9,	'2022-08-26 09:56:30',	'2022-08-26 09:59:42'),
(294,	'NO.880',	'3',	'2022-08-26',	'196',	'皮皮',	'4',	'I',	'1',	'4000',	NULL,	NULL,	'C',	'5000',	'4000',	NULL,	9,	'2022-08-26 09:59:33',	'2022-08-26 09:59:38'),
(295,	'NO.881',	'3',	'2022-08-27',	'197',	'Share',	'3',	'I',	'1',	'4000',	NULL,	NULL,	'C',	'0',	'4500',	'已收未付',	9,	'2022-08-27 12:08:56',	'2022-08-27 12:09:39'),
(296,	'NO.906',	'6',	'2022-08-28',	'198',	'芭比',	'12',	'I',	'1',	'4500',	'1',	'500',	'A',	'6100',	'6100',	NULL,	9,	'2022-08-28 18:41:47',	'2022-08-28 18:41:56'),
(297,	'NO.882',	'3',	'2022-08-28',	'199',	'尼莫',	'9',	'I',	'1',	'4000',	NULL,	NULL,	'C',	'1000',	'6100',	NULL,	9,	'2022-08-28 18:45:05',	'2022-08-28 18:49:11'),
(298,	'NO.883',	'3',	'2022-08-28',	'200',	'Yumi',	'3',	'I',	'1',	'4000',	'3',	'5000',	'B',	'9000',	'6100',	'基督教',	9,	'2022-08-28 18:47:17',	'2022-08-28 18:49:17'),
(299,	'NO.884',	'3',	'2022-08-28',	'201',	'喵將',	'4',	'I',	'1',	'4000',	NULL,	NULL,	'C',	'2000',	'6100',	NULL,	9,	'2022-08-28 18:49:01',	'2022-08-28 18:49:07'),
(300,	'NO.908',	'6',	'2022-08-28',	'186',	'弟弟',	'3',	'I',	'1',	'4000',	'4',	'6000',	'D',	'8000',	'6100',	NULL,	9,	'2022-08-28 19:56:58',	'2022-08-28 19:57:06'),
(301,	'NO.907',	'6',	'2022-08-27',	'134',	'朱古力',	NULL,	NULL,	NULL,	NULL,	NULL,	NULL,	'A',	'500',	'6100',	NULL,	9,	'2022-08-28 19:58:09',	'2022-08-28 19:58:14'),
(302,	'NO.909',	'3',	'2022-08-29',	'194',	'樂樂',	NULL,	NULL,	NULL,	NULL,	NULL,	NULL,	'A',	'2500',	'2500',	NULL,	9,	'2022-08-29 12:55:21',	'2022-08-29 12:55:26'),
(303,	'552',	'1',	'2022-08-30',	'202',	'狗妹',	'23',	'I',	'2',	'3000',	NULL,	NULL,	'A',	'3600',	'3000',	NULL,	9,	'2022-08-30 12:20:27',	'2022-08-30 12:22:28'),
(304,	'NO.885',	'3',	'2022-08-29',	'189',	'巧虎',	'3',	'I',	'1',	'4000',	'3',	'4000',	'D',	'12100',	'3000',	NULL,	9,	'2022-08-30 19:34:58',	'2022-08-30 19:47:40'),
(305,	'NO.886',	'3',	'2022-08-29',	'203',	'伊努',	'23',	'I',	'2',	'3000',	NULL,	NULL,	'A',	'3300',	'3000',	NULL,	9,	'2022-08-30 19:36:26',	'2022-08-30 19:47:35'),
(306,	'NO.887',	'3',	'2022-08-29',	'204',	'浪貓',	'1',	'I',	'3',	'1000',	NULL,	NULL,	'A',	'1000',	'3000',	NULL,	9,	'2022-08-30 19:38:33',	'2022-08-30 19:47:30'),
(307,	'NO.888',	'3',	'2022-08-29',	'205',	'豹哥',	'6',	'I',	'1',	'4000',	NULL,	NULL,	'A',	'1000',	'3000',	NULL,	9,	'2022-08-30 19:39:59',	'2022-08-30 19:47:26'),
(308,	'NO.889',	'3',	'2022-08-29',	'206',	'娃娃',	'3',	'I',	'2',	'1500',	NULL,	NULL,	'A',	'1500',	'3000',	NULL,	9,	'2022-08-30 19:42:29',	'2022-08-30 20:18:20'),
(309,	'NO.890',	'3',	'2022-08-30',	'207',	'圓圓',	'5',	'I',	'1',	'4000',	NULL,	NULL,	'C',	'2000',	'3000',	NULL,	9,	'2022-08-30 19:44:16',	'2022-08-30 19:47:58'),
(310,	'NO.910',	'3',	'2022-08-30',	'201',	'喵將',	'3',	'I',	'1',	'4000',	'1',	'500',	'D',	'3600',	'3000',	NULL,	9,	'2022-08-30 19:45:16',	'2022-08-30 19:47:54'),
(311,	'NO.912',	'3',	'2022-08-30',	'192',	'乖乖',	'26',	'I',	'1',	'5500',	'1',	'36200',	'D',	'55000',	'3000',	'優待700-',	9,	'2022-08-30 19:47:11',	'2022-09-02 18:10:40'),
(312,	'NO.891',	'3',	'2022-08-30',	'208',	'浪貓',	'2',	'I',	'3',	'1000',	NULL,	NULL,	'A',	'1000',	'3000',	NULL,	9,	'2022-08-31 00:17:54',	'2022-08-31 20:46:37'),
(313,	'NO.892',	'3',	'2022-08-30',	'209',	'洗髮精',	'3',	'I',	'2',	'1500',	NULL,	NULL,	'A',	'2000',	'13300',	NULL,	9,	'2022-08-31 00:20:10',	'2022-08-31 20:46:34'),
(314,	'NO.913',	'3',	'2022-08-31',	'199',	'尼莫',	'6',	'I',	'1',	'4000',	'4',	'4000',	'D',	'13800',	'13300',	'經文骨灰罐1500',	9,	'2022-08-31 20:43:47',	'2022-08-31 20:46:44'),
(315,	'NO.893',	'3',	'2022-08-31',	'210',	'心心',	'3',	'H',	'2',	'1500',	NULL,	NULL,	'A',	'700',	'13300',	'屏東成功動物醫院介紹/已退傭',	9,	'2022-08-31 20:46:28',	'2022-08-31 20:46:41'),
(316,	'NO.807',	'6',	'2022-09-01',	'211',	'牛奶',	'6',	'F',	'2',	'1500',	NULL,	NULL,	'A',	'3000',	'3000',	NULL,	9,	'2022-09-02 12:39:48',	'2022-09-02 12:39:53'),
(317,	'NO.915',	'3',	'2022-09-02',	'212',	'球球',	'3',	'H',	'2',	'1500',	NULL,	NULL,	'A',	'700',	'1500',	'聯強動物醫院介紹(已退傭)',	9,	'2022-09-02 12:43:46',	'2022-09-02 12:43:52'),
(318,	'NO.916',	'3',	'2022-09-02',	'196',	'皮皮',	'5',	'I',	'1',	'4000',	'3',	'4000',	'D',	'6800',	'1500',	NULL,	9,	'2022-09-02 15:28:51',	'2022-09-02 15:32:16'),
(319,	'NO.917',	'3',	'2022-09-02',	'205',	'豹哥',	'3',	'I',	'1',	'4000',	'1',	'500',	'D',	'4600',	'1500',	NULL,	9,	'2022-09-02 15:29:59',	'2022-09-02 15:32:20'),
(320,	'NO.918',	'3',	'2022-09-02',	'213',	'阿乖',	'3',	'I',	'1',	'4000',	'1',	'1500',	'A',	'7200',	'1500',	NULL,	9,	'2022-09-02 15:32:06',	'2022-09-02 15:32:11'),
(321,	'NO.894',	'3',	'2022-09-01',	'214',	NULL,	NULL,	NULL,	'4',	NULL,	NULL,	NULL,	'A',	'800',	'1500',	NULL,	9,	'2022-09-04 10:41:23',	'2022-09-04 10:41:51'),
(322,	'NO.895',	'3',	'2022-09-01',	'64',	'腳腳',	NULL,	NULL,	'5',	NULL,	NULL,	NULL,	'B',	'2800',	'1500',	'寵物花盅',	9,	'2022-09-04 10:42:52',	'2022-09-04 10:43:01'),
(323,	'NO.919',	'3',	'2022-09-03',	'197',	'Share',	'4',	'I',	'1',	'4000',	'1',	'0',	'A',	'5500',	'5500',	NULL,	9,	'2022-09-04 10:47:34',	'2022-09-04 19:48:18'),
(324,	'NO.896',	'3',	'2022-09-03',	'215',	'大雄',	'3',	'O',	'1',	'4000',	'3',	'5000',	'A',	'9800',	'5500',	NULL,	9,	'2022-09-04 10:50:01',	'2022-09-04 19:48:13'),
(325,	'NO.897',	'3',	'2022-09-03',	'216',	'阿公啊',	'3',	'I',	'1',	'4000',	'1',	'0',	'A',	'5000',	'5500',	NULL,	9,	'2022-09-04 10:54:05',	'2022-09-04 19:48:05'),
(326,	'NO.898',	'3',	'2022-09-03',	'217',	'浪貓',	'2',	'I',	'3',	'1600',	NULL,	NULL,	'A',	'1600',	'5500',	'浪貓*2',	9,	'2022-09-04 10:55:46',	'2022-09-04 19:47:52'),
(327,	'NO.900',	'3',	'2022-09-03',	'218',	'不點',	'5',	'F',	'1',	'4000',	NULL,	NULL,	'C',	'1500',	'5500',	'9/9下午送回府上(主人不到場)',	9,	'2022-09-04 10:59:10',	'2022-09-04 19:47:44'),
(328,	'NO.920',	'3',	'2022-09-04',	'207',	'圓圓',	'3',	'I',	'1',	'4000',	'3',	'4000',	'D',	'7000',	'9000',	NULL,	9,	'2022-09-04 19:42:27',	'2022-09-04 19:48:33'),
(331,	'NO.952',	'3',	'2022-09-04',	'221',	'福來',	'9',	'I',	'2',	'1500',	NULL,	NULL,	'A',	'1500',	'9000',	NULL,	9,	'2022-09-04 19:47:36',	'2022-09-04 19:48:22'),
(332,	'NO.951',	'6',	'2022-09-04',	'220',	'牛牛',	'18',	'I',	'1',	'4500',	'3',	'4000',	'A',	'8700',	'9000',	NULL,	9,	'2022-09-04 19:49:58',	'2022-09-04 19:50:03'),
(333,	'NO.921',	'6',	'2022-09-04',	'219',	'松鼠',	'1',	'I',	'3',	'1000',	NULL,	NULL,	'A',	'1000',	'9000',	NULL,	9,	'2022-09-04 19:51:18',	'2022-09-04 19:51:23'),
(334,	'NO.922',	'3',	'2022-09-04',	'222',	'嘟嘟',	'3',	'B',	'1',	'4000',	'4',	'6000',	'A',	'10000',	'9000',	NULL,	9,	'2022-09-05 17:53:12',	'2022-09-05 18:10:16'),
(335,	'NO.923',	'3',	'2022-09-05',	'223',	'浪貓',	'2',	'I',	'3',	'1000',	NULL,	NULL,	'B',	'1000',	'1000',	NULL,	9,	'2022-09-05 17:54:06',	'2022-09-05 18:10:32'),
(336,	'NO.924',	'3',	'2022-09-05',	'224',	'山羌',	'5',	'I',	'2',	'1500',	NULL,	NULL,	'A',	'1500',	'1000',	NULL,	9,	'2022-09-05 17:55:15',	'2022-09-05 18:10:28'),
(337,	'NO.925',	'3',	'2022-09-05',	'225',	'小巴',	'15',	'I',	'1',	'4500',	NULL,	NULL,	'C',	'4000',	'1000',	NULL,	9,	'2022-09-05 17:59:29',	'2022-09-05 18:10:24'),
(338,	'NO.926',	'3',	'2022-09-05',	'226',	'浪貓',	'3',	'I',	'3',	'1000',	NULL,	NULL,	'A',	'1000',	'1000',	NULL,	9,	'2022-09-05 18:00:33',	'2022-09-05 18:10:20'),
(339,	'NO.953',	'6',	'2022-09-05',	'227',	'小星',	'7',	'I',	'1',	'4000',	'1',	'500',	'A',	'7300',	'1000',	NULL,	9,	'2022-09-05 18:06:46',	'2022-09-05 18:06:55'),
(340,	'NO.954',	'6',	'2022-09-05',	'222',	'嘟嘟',	'3',	NULL,	NULL,	NULL,	NULL,	NULL,	'A',	'3100',	'1000',	NULL,	9,	'2022-09-05 18:09:59',	'2022-09-05 18:10:05'),
(341,	'NO.927',	'3',	'2022-09-06',	'228',	'皮皮',	'6',	'I',	'1',	'4000',	'1',	'1500',	'A',	'10200',	'10200',	NULL,	9,	'2022-09-07 15:56:48',	'2022-09-07 16:00:43'),
(342,	'NO.928',	'3',	'2022-09-06',	'229',	'阿肥',	'3',	'I',	'1',	'4000',	NULL,	NULL,	'C',	'5000',	'10200',	NULL,	9,	'2022-09-07 15:58:07',	'2022-09-07 16:00:40'),
(343,	'NO.929',	'3',	'2022-09-06',	'230',	'弟弟',	'3',	'O',	'1',	'4000',	NULL,	NULL,	'C',	'4000',	'10200',	NULL,	9,	'2022-09-07 16:00:07',	'2022-09-07 16:00:36'),
(344,	'NO.930',	'3',	'2022-09-07',	'231',	'蛋堡',	'1',	'I',	'1',	'3500',	'1',	'500',	'A',	'4300',	'4300',	NULL,	9,	'2022-09-09 17:23:37',	'2022-09-09 17:40:44'),
(345,	'NO.931',	'3',	'2022-09-07',	'232',	'黃肥肥',	'1',	'I',	'1',	'3500',	NULL,	NULL,	'C',	'2000',	'4300',	NULL,	9,	'2022-09-09 17:25:06',	'2022-09-09 17:40:36'),
(346,	'NO.932',	'3',	'2022-09-08',	'233',	'寶寶',	'4',	'F',	'1',	'4000',	NULL,	NULL,	'C',	'1200',	'4000',	NULL,	9,	'2022-09-09 17:26:23',	'2022-09-09 17:41:02'),
(347,	'NO.933',	'3',	'2022-09-08',	'234',	'Armani',	'3',	'I',	'1',	'4000',	'1',	'1000',	'A',	'6000',	'4000',	NULL,	9,	'2022-09-09 17:28:33',	'2022-09-09 17:40:58'),
(348,	'NO.934',	'3',	'2022-09-08',	'6',	'鄭窩窩',	NULL,	NULL,	NULL,	NULL,	NULL,	NULL,	'A',	'2500',	'4000',	NULL,	9,	'2022-09-09 17:30:05',	'2022-09-09 17:40:53'),
(349,	'NO.955',	'3',	'2022-09-08',	'236',	'小咪',	'1',	'I',	'1',	'3500',	NULL,	NULL,	'A',	'3500',	'5500',	NULL,	9,	'2022-09-09 17:31:51',	'2022-09-15 18:18:09'),
(350,	'NO.935',	'3',	'2022-09-09',	'232',	'黃肥肥',	'1',	'I',	'1',	'3500',	'1',	'500',	'D',	'5000',	'7000',	NULL,	9,	'2022-09-09 17:33:21',	'2022-09-09 17:41:22'),
(351,	'NO.936',	'3',	'2022-09-09',	'230',	'弟弟',	'3',	'O',	'1',	'4000',	'1',	'500',	'D',	'5800',	'7000',	NULL,	9,	'2022-09-09 17:34:50',	'2022-09-09 17:41:19'),
(352,	'NO.937',	'3',	'2022-09-09',	'233',	'寶寶',	'4',	'F',	'1',	'4000',	'3',	'4000',	'D',	'10000',	'7000',	NULL,	9,	'2022-09-09 17:36:45',	'2022-09-09 17:41:14'),
(353,	'NO.938',	'3',	'2022-09-09',	'237',	'小八',	'1',	'I',	'2',	'1200',	NULL,	NULL,	'A',	'1400',	'7000',	NULL,	9,	'2022-09-09 17:38:29',	'2022-09-09 17:41:11'),
(354,	'NO.939',	'3',	'2022-09-09',	'238',	'浪貓',	'3',	'I',	'3',	'1000',	NULL,	NULL,	'A',	'1000',	'7000',	NULL,	9,	'2022-09-09 17:40:30',	'2022-09-09 17:41:07'),
(355,	'NO.940',	'3',	'2022-09-10',	'239',	'布丁',	'3',	'I',	'1',	'4000',	NULL,	NULL,	'B',	'10000',	'10000',	NULL,	9,	'2022-09-10 14:43:35',	'2022-09-11 21:20:22'),
(356,	'NO.941',	'3',	'2022-09-10',	'229',	'阿肥',	'5',	'I',	'1',	'4000',	'3',	'5000',	'D',	'4200',	'10000',	NULL,	9,	'2022-09-10 14:44:26',	'2022-09-11 21:20:18'),
(357,	'NO.942',	'3',	'2022-09-10',	'225',	'小巴',	'15',	'I',	'1',	'4500',	'1',	'1000',	'D',	'6900',	'10000',	'花果代買500',	9,	'2022-09-10 14:46:03',	'2022-09-11 21:20:12'),
(358,	'NO.956',	'3',	'2022-09-09',	'218',	'不點',	'4',	'F',	'1',	'4000',	'1',	'0',	'D',	'3500',	'10000',	'環保罐優待',	9,	'2022-09-11 21:19:51',	'2022-09-11 21:20:03'),
(359,	'NO.943',	'3',	'2022-09-10',	'240',	'寶寶',	'27',	'I',	'1',	'5500',	'2',	'3000',	'A',	'9200',	'10000',	NULL,	9,	'2022-09-11 21:22:09',	'2022-09-11 21:31:43'),
(360,	'NO.944',	'3',	'2022-09-11',	'241',	'浪貓',	NULL,	'I',	'3',	'1000',	NULL,	NULL,	'A',	'1500',	'1500',	NULL,	9,	'2022-09-11 21:23:27',	'2022-09-11 21:32:12'),
(361,	'NO.945',	'3',	'2022-09-11',	'242',	'發財',	'19',	'I',	'1',	'4500',	'2',	'3000',	'A',	'9700',	'1500',	NULL,	9,	'2022-09-11 21:25:16',	'2022-09-11 21:32:09'),
(362,	'NO.946',	'3',	'2022-09-11',	'243',	'樂樂',	'15',	'I',	'1',	'4500',	'2',	'3000',	'A',	'8200',	'1500',	NULL,	9,	'2022-09-11 21:27:09',	'2022-09-11 21:32:04'),
(363,	'NO.947',	'3',	'2022-09-11',	'244',	'NANO',	'5',	'I',	'1',	'4000',	NULL,	NULL,	'C',	'4000',	'1500',	NULL,	9,	'2022-09-11 21:28:28',	'2022-09-11 21:31:59'),
(364,	'NO.948',	'3',	'2022-09-11',	'245',	'咪啾',	'1',	'I',	'1',	'3500',	NULL,	NULL,	'C',	'3500',	'1500',	NULL,	9,	'2022-09-11 21:29:53',	'2022-09-11 21:31:53'),
(365,	'NO.949',	'3',	'2022-09-11',	'246',	'小咪',	'3',	'B',	'1',	'4000',	NULL,	NULL,	'C',	'1000',	'1500',	'天堂玉石介紹',	9,	'2022-09-11 21:31:32',	'2022-09-11 21:31:48'),
(366,	'NO.957',	'3',	'2022-09-12',	'244',	'NANO',	'5',	'I',	'1',	'4000',	'2',	'3000',	'D',	'4100',	'8100',	NULL,	9,	'2022-09-13 16:44:14',	'2022-09-13 16:44:20'),
(367,	'NO.958',	'3',	'2022-09-12',	'239',	'布丁',	'5',	'I',	NULL,	NULL,	'3',	'4000',	'D',	'4400',	'8100',	NULL,	9,	'2022-09-13 16:45:32',	'2022-09-13 16:45:37'),
(368,	'NO.959',	'3',	'2022-09-13',	'206',	'娃娃',	NULL,	'Xiaogang',	NULL,	NULL,	NULL,	NULL,	'A',	'500',	'500',	NULL,	9,	'2022-09-14 21:38:40',	'2022-09-14 21:55:02'),
(369,	'NO.960',	'3',	'2022-09-13',	'善心人士',	'浪貓',	'3',	'F',	'3',	'1000',	NULL,	NULL,	'A',	'1000',	'500',	NULL,	9,	'2022-09-14 21:39:38',	'2022-09-14 21:54:57'),
(370,	'NO.1001',	'3',	'2022-09-14',	'247',	'比比',	'13',	'I',	'1',	'4500',	'1',	'0',	'A',	'5500',	'5500',	NULL,	9,	'2022-09-14 21:42:02',	'2022-09-14 21:55:25'),
(371,	'NO.1002',	'3',	'2022-09-14',	'248',	'阿寶',	'1',	'I',	'1',	'3500',	NULL,	NULL,	'C',	'3500',	'5500',	NULL,	9,	'2022-09-14 21:46:45',	'2022-09-14 21:55:20'),
(372,	'NO.1003',	'3',	'2022-09-14',	'249',	'賴妹妹',	'1',	'I',	'1',	'3500',	NULL,	NULL,	'C',	'3000',	'5500',	NULL,	9,	'2022-09-14 21:51:45',	'2022-09-14 21:55:16'),
(373,	'NO.1004',	'3',	'2022-09-14',	'250',	'陳錢錢',	'3',	'F',	'1',	'4000',	NULL,	NULL,	'C',	'2000',	'5500',	NULL,	9,	'2022-09-14 21:54:49',	'2022-09-14 21:55:09'),
(374,	'NO.961',	'3',	'2022-09-15',	'236',	'小咪',	'1',	'I',	'1',	'3500',	'1',	'1800',	'D',	'2000',	'5500',	NULL,	9,	'2022-09-15 18:19:12',	'2022-09-15 18:19:18'),
(375,	'NO.1005',	'3',	'2022-09-14',	'251',	'小飛',	'1',	'I',	'2',	'1200',	NULL,	NULL,	'A',	'1500',	'5500',	NULL,	9,	'2022-09-15 18:27:03',	'2022-09-15 18:33:04'),
(376,	'NO.1006',	'3',	'2022-09-15',	'252',	'老大',	'5',	'I',	'1',	'4000',	NULL,	NULL,	'C',	'2500',	'5500',	NULL,	9,	'2022-09-15 18:28:44',	'2022-09-15 18:33:15'),
(377,	'NO.1007',	'3',	'2022-09-15',	'246',	'小咪',	'3',	'B',	'1',	'4000',	'1',	'0',	'D',	'4500',	'5500',	NULL,	9,	'2022-09-15 18:29:57',	'2022-09-15 18:33:12'),
(378,	'NO.1008',	'3',	'2022-09-15',	'253',	'咖啡',	'1',	'I',	'2',	'1200',	NULL,	NULL,	'A',	'1200',	'5500',	NULL,	9,	'2022-09-15 18:32:59',	'2022-09-15 18:33:08'),
(379,	'NO.1009',	'3',	'2022-09-16',	'254',	'寶寶',	'3',	'I',	'1',	'4000',	NULL,	NULL,	'C',	'3000',	'4000',	NULL,	9,	'2022-09-16 10:35:50',	'2022-09-16 10:35:54'),
(380,	'NO.964',	'3',	'2022-09-17',	'134',	'朱古力',	NULL,	'Xiaogang',	NULL,	'0',	NULL,	NULL,	'A',	'500',	'500',	NULL,	9,	'2022-09-17 14:45:50',	'2022-09-17 14:45:55'),
(381,	'NO.962',	'3',	'2022-09-16',	'255',	'比比',	'5',	'I',	'1',	'4000',	'2',	'3000',	'A',	'10800',	'500',	NULL,	9,	'2022-09-17 14:50:21',	'2022-09-17 14:50:26'),
(382,	'NO.963',	'3',	'2022-09-17',	'248',	'阿寶',	'1',	'I',	'1',	'3500',	'1',	'1800',	'D',	'3600',	'500',	NULL,	9,	'2022-09-17 14:51:59',	'2022-09-17 14:52:05'),
(383,	'NO.965',	'3',	'2022-09-17',	'256',	'浪貓',	'1',	'I',	'3',	'1000',	NULL,	NULL,	'B',	'1000',	'500',	NULL,	9,	'2022-09-17 19:35:36',	'2022-09-17 19:39:25'),
(384,	'NO.1010',	'3',	'2022-09-16',	'257',	'雪寶',	'2',	'I',	NULL,	'0',	NULL,	NULL,	'C',	'2000',	'500',	'團個未定',	9,	'2022-09-17 19:37:34',	'2022-09-17 19:39:15'),
(385,	'NO.1011',	'3',	'2022-09-17',	'254',	'寶寶',	'3',	'I',	'1',	'4000',	'3',	'5000',	'D',	'18600',	'500',	NULL,	9,	'2022-09-17 19:39:09',	'2022-09-17 19:39:21'),
(386,	'NO.1012',	'3',	'2022-09-18',	'243',	'樂樂',	NULL,	'Xiaogang',	NULL,	NULL,	NULL,	NULL,	'A',	'1400',	'1400',	NULL,	9,	'2022-09-18 19:52:14',	'2022-09-18 20:04:25'),
(387,	'NO.1013',	'6',	'2022-09-18',	'252',	'老大',	'5',	'I',	'1',	'4000',	'3',	'5000',	'D',	'9300',	'1400',	NULL,	9,	'2022-09-18 19:54:03',	'2022-09-18 19:54:13'),
(388,	'NO.1014',	'6',	'2022-09-18',	'250',	'陳錢錢',	'3',	'F',	'1',	'4000',	'1',	'1800',	'D',	'4700',	'1400',	NULL,	9,	'2022-09-18 19:58:07',	'2022-09-18 19:58:14'),
(389,	'NO.966',	'6',	'2022-09-18',	'258',	'妞妞',	'17',	'I',	'1',	'4500',	NULL,	NULL,	'C',	'2000',	'1400',	NULL,	9,	'2022-09-18 20:00:17',	'2022-09-18 20:02:56'),
(390,	'NO.967',	'3',	'2022-09-18',	'259',	'浪貓',	'4',	'I',	'3',	'1000',	NULL,	NULL,	'A',	'1500',	'1400',	NULL,	9,	'2022-09-18 20:01:43',	'2022-09-18 20:04:21'),
(391,	'NO.968',	'6',	'2022-09-18',	'258',	'妞妞',	'17',	'I',	'1',	'4500',	'1',	'0',	'D',	'4100',	'1400',	NULL,	9,	'2022-09-18 20:02:44',	'2022-09-18 20:02:50'),
(392,	'NO.969',	'3',	'2022-09-18',	'260',	'多多',	'15',	'I',	'1',	'4500',	NULL,	NULL,	'C',	'4000',	'1400',	NULL,	9,	'2022-09-18 20:04:10',	'2022-09-18 20:04:16'),
(393,	'NO.970',	'3',	'2022-09-19',	'261',	'點點',	'5',	'I',	'1',	'4000',	'1',	'1800',	'A',	'7300',	'7300',	NULL,	9,	'2022-09-19 22:53:54',	'2022-09-19 22:54:16'),
(394,	'NO.971',	'3',	'2022-09-20',	'262',	'皮皮',	'13',	'I',	'1',	'4500',	NULL,	NULL,	'C',	'1000',	'4500',	NULL,	9,	'2022-09-20 13:52:37',	'2022-09-21 16:14:58'),
(396,	'NO.972',	'3',	'2022-09-20',	'263',	'浪貓',	'4',	'I',	'3',	'1000',	NULL,	NULL,	'A',	'1000',	'4500',	NULL,	9,	'2022-09-21 16:16:26',	'2022-09-21 16:34:31'),
(397,	'NO.973',	'3',	'2022-09-20',	'264',	'妞妞',	'4',	'I',	'1',	'4000',	NULL,	NULL,	'C',	'1000',	'4500',	NULL,	9,	'2022-09-21 16:18:26',	'2022-09-21 16:34:26'),
(398,	'NO.974',	'3',	'2022-09-21',	'265',	'肥肥',	'18',	'I',	'1',	'4500',	'2',	'3000',	'A',	'10000',	'10000',	NULL,	9,	'2022-09-21 16:19:59',	'2022-09-21 16:34:52'),
(399,	'NO.975',	'3',	'2022-09-21',	'266',	'球球',	'6',	'I',	'1',	'4000',	NULL,	NULL,	'C',	'4000',	'10000',	'圓滿十方套組',	9,	'2022-09-21 16:22:02',	'2022-09-21 16:34:48'),
(400,	'NO.976',	'3',	'2022-09-21',	'267',	'無',	NULL,	'I',	'2',	'2500',	NULL,	NULL,	'A',	'2500',	'10000',	NULL,	9,	'2022-09-21 16:23:27',	'2022-09-21 16:34:44'),
(401,	'NO.977',	'3',	'2022-09-21',	'268',	'浪貓',	'2',	'I',	'3',	'1000',	NULL,	NULL,	'B',	'1000',	'10000',	NULL,	9,	'2022-09-21 16:24:41',	'2022-09-21 16:34:39'),
(402,	'NO.1015',	'6',	'2022-09-21',	'264',	'妞妞',	'6',	'I',	'1',	'4000',	'2',	'3000',	'D',	'7600',	'10000',	NULL,	9,	'2022-09-21 16:26:52',	'2022-09-21 16:27:00'),
(403,	'NO.1016',	'6',	'2022-09-21',	'249',	'賴妹妹',	'1',	'I',	'1',	'3500',	'3',	'4000',	'D',	'6500',	'10000',	NULL,	9,	'2022-09-21 16:33:49',	'2022-09-21 16:33:58'),
(404,	'NO.978',	'3',	'2022-09-21',	'269',	'麥可',	NULL,	'I',	NULL,	'0',	'1',	'0',	'A',	'0',	'10000',	NULL,	9,	'2022-09-21 23:34:42',	'2022-09-21 23:34:47'),
(405,	'NO.979',	'3',	'2022-09-21',	'270',	'馬尼',	'15',	'I',	'1',	'4500',	NULL,	NULL,	'C',	'2000',	'10000',	NULL,	9,	'2022-09-21 23:36:16',	'2022-09-21 23:36:21'),
(406,	'NO.553',	'1',	'2022-09-21',	'271',	'BeBe',	'3.5',	'I',	'1',	'4000',	NULL,	NULL,	'C',	'2000',	'10000',	NULL,	9,	'2022-09-22 14:38:06',	'2022-09-22 14:38:13'),
(407,	'NO.1017',	'6',	'2022-09-22',	'271',	'BeBe',	'5',	'I',	'1',	'4000',	'1',	'0',	'D',	'5400',	'7400',	NULL,	9,	'2022-09-23 15:31:16',	'2022-09-23 15:45:14'),
(408,	'NO.1018',	'3',	'2022-09-23',	'262',	'皮皮',	'3',	'I',	'1',	'4500',	'1',	'0',	'D',	'3500',	'4500',	NULL,	9,	'2022-09-23 15:35:21',	'2022-09-23 15:45:02'),
(409,	'NO.980',	'3',	'2022-09-22',	'272',	'小乖',	'8',	'I',	'1',	'4000',	NULL,	NULL,	'A',	'5500',	'4500',	NULL,	9,	'2022-09-23 15:37:54',	'2022-09-23 15:44:49'),
(410,	'NO.981',	'3',	'2022-09-22',	'273',	'茶茶',	'1',	'I',	'1',	'3500',	NULL,	NULL,	'C',	'3000',	'4500',	NULL,	9,	'2022-09-23 15:39:21',	'2022-09-23 15:44:44'),
(411,	'NO.982',	'3',	'2022-09-22',	'266',	'球球',	'6',	'I',	'1',	'4000',	'3',	'4000',	'D',	'8800',	'4500',	'圓滿十方套組',	9,	'2022-09-23 15:41:38',	'2022-09-23 15:44:39'),
(412,	'NO.983',	'3',	'2022-09-22',	'274',	'咪嗚',	'5',	'I',	'1',	'4000',	NULL,	NULL,	'C',	'2000',	'4500',	NULL,	9,	'2022-09-23 15:42:54',	'2022-09-23 15:44:03'),
(413,	'NO.1019',	'3',	'2022-09-23',	'274',	'咪嗚',	'5',	'I',	'1',	'4000',	'2',	'3000',	'D',	'6300',	'4500',	NULL,	9,	'2022-09-23 15:43:51',	'2022-09-23 15:44:58'),
(414,	'NO.984',	'3',	'2022-09-23',	'275',	'貝果',	'3',	'I',	'2',	'1500',	NULL,	NULL,	'A',	'2000',	'4500',	NULL,	9,	'2022-09-25 12:34:23',	'2022-09-25 12:54:37'),
(415,	'NO.985',	'3',	'2022-09-24',	'276',	'Dona',	'3',	'I',	'1',	'4000',	NULL,	NULL,	'C',	'4500',	'6000',	NULL,	9,	'2022-09-25 12:36:30',	'2022-09-25 12:54:33'),
(416,	'NO.986',	'3',	'2022-09-24',	'277',	'浪貓',	'3',	'I',	'2',	'1000',	NULL,	NULL,	'A',	'1000',	'6000',	NULL,	9,	'2022-09-25 12:38:04',	'2022-09-25 12:54:29'),
(417,	'NO.987',	'3',	'2022-09-25',	'278',	'貝果',	'3',	'I',	'1',	'4000',	NULL,	NULL,	'C',	'2000',	'10000',	NULL,	9,	'2022-09-25 12:41:21',	'2022-09-25 12:54:26'),
(418,	'NO.809',	'6',	'2022-09-25',	'279',	'豆子',	'20',	'F',	'3',	'1500',	NULL,	NULL,	'A',	'2500',	'10000',	NULL,	9,	'2022-09-25 12:46:07',	'2022-09-25 12:52:01'),
(419,	'NO.1020',	'6',	'2022-09-24',	'280',	'伍麗莎',	'14',	'I',	'1',	'4500',	'1',	'0',	'A',	'6500',	'10000',	NULL,	9,	'2022-09-25 12:48:52',	'2022-09-25 12:54:12'),
(420,	'NO.1021',	'6',	'2022-09-24',	'261',	'點點',	'5',	'I',	'1',	'4000',	'1',	'1800',	'D',	'3800',	'10000',	NULL,	9,	'2022-09-25 12:51:27',	'2022-09-25 12:51:52'),
(421,	'NO.1022',	'6',	'2022-09-24',	'270',	'馬尼',	'17',	'I',	'1',	'4500',	'2',	'3000',	'D',	'7800',	'10000',	NULL,	9,	'2022-09-25 12:53:59',	'2022-09-25 12:54:06'),
(422,	'NO.988',	'6',	'2022-09-25',	'260',	'多多',	'15',	'I',	'1',	'4500',	'2',	'3000',	'D',	'7400',	'10000',	NULL,	9,	'2022-09-25 15:23:42',	'2022-09-25 15:25:25'),
(423,	'NO.989',	'6',	'2022-09-25',	'273',	'魏茶茶',	'1',	'I',	'1',	'3500',	'3',	'4000',	'D',	'6100',	'10000',	NULL,	9,	'2022-09-25 15:25:10',	'2022-09-25 15:25:17'),
(424,	'NO.810',	'3',	'2022-09-25',	'281',	'皮皮',	'4',	'I',	'1',	'4000',	NULL,	NULL,	'C',	'2000',	'10000',	NULL,	9,	'2022-09-28 11:40:10',	'2022-09-28 12:11:43'),
(425,	'NO.812',	'3',	'2022-09-26',	'282',	'Pinky',	'1',	'I',	'1',	'3500',	NULL,	NULL,	'A',	'0',	'3500',	'未付',	9,	'2022-09-28 11:45:09',	'2022-09-28 12:11:17'),
(426,	'NO.813',	'3',	'2022-09-26',	'283',	'Cobe',	'2',	'I',	'1',	'1500',	NULL,	NULL,	'A',	'1500',	'3500',	NULL,	9,	'2022-09-28 11:46:17',	'2022-09-28 12:11:21'),
(427,	'NO.814',	'3',	'2022-09-26',	'284',	'烏尼',	'5',	'F',	'1',	'4000',	'1',	'1800',	'A',	'9300',	'3500',	NULL,	9,	'2022-09-28 11:48:25',	'2022-09-28 12:11:27'),
(428,	'NO.990',	'3',	'2022-09-26',	'285',	'浪犬',	'12',	'I',	'3',	'1000',	NULL,	NULL,	'A',	'1000',	'3500',	NULL,	9,	'2022-09-28 11:50:21',	'2022-09-28 12:11:32'),
(429,	'NO.991',	'3',	'2022-09-26',	'286',	'威利',	'2',	'I',	'1',	'4000',	'1',	'0',	'A',	'6200',	'3500',	NULL,	9,	'2022-09-28 11:55:06',	'2022-09-28 12:11:36'),
(430,	'NO.992',	'3',	'2022-09-27',	'287',	'吉利',	'2',	'I',	'3',	'1000',	NULL,	NULL,	'A',	'1000',	'1000',	NULL,	9,	'2022-09-28 12:00:04',	'2022-09-28 12:11:12'),
(431,	'NO.993',	'3',	'2022-09-27',	'288',	'好貓',	'3',	'I',	'1',	'4000',	NULL,	NULL,	'C',	'3000',	'16800',	NULL,	9,	'2022-09-28 12:03:05',	'2022-09-28 12:51:45'),
(432,	'NO.995',	'3',	'2022-09-28',	'289',	'Wulala',	'10',	'I',	'1',	'16800',	NULL,	NULL,	'C',	'3000',	'4000',	'福氣安康',	9,	'2022-09-28 12:08:36',	'2022-09-28 12:11:08'),
(433,	'NO.1023',	'3',	'2022-09-26',	'290',	'肉鬆',	'3',	'F',	'2',	'1500',	NULL,	NULL,	'A',	'1500',	'4000',	NULL,	9,	'2022-09-28 12:10:21',	'2022-09-28 12:11:40'),
(434,	'NO.996',	'3',	'2022-09-28',	'288',	'好貓',	'3',	'I',	'1',	'4000',	'1',	'1200',	'D',	'4000',	'16800',	NULL,	9,	'2022-10-01 18:18:36',	'2022-10-01 18:53:42'),
(435,	'NO.997',	'3',	'2022-09-28',	'291',	'本丸',	'1',	'I',	'1',	'3500',	NULL,	NULL,	'A',	'0',	'16800',	'未付',	9,	'2022-10-01 18:20:15',	'2022-10-01 18:53:35'),
(436,	'NO.998',	'3',	'2022-09-28',	'292',	'饅頭',	'1',	'I',	'1',	'3500',	'1',	'1200',	'A',	'5700',	'16800',	NULL,	9,	'2022-10-01 18:22:20',	'2022-10-01 18:53:30'),
(437,	'NO.999',	'3',	'2022-09-29',	'293',	'多多',	'1',	'I',	'2',	'1200',	NULL,	NULL,	'A',	'1200',	'1200',	NULL,	9,	'2022-10-01 18:23:47',	'2022-10-01 18:59:00'),
(438,	'NO.1000',	'3',	'2022-09-29',	'55',	'犬',	NULL,	'H',	'2',	'500',	NULL,	NULL,	'A',	'700',	'300',	NULL,	9,	'2022-10-01 18:24:28',	'2022-10-09 15:29:40'),
(439,	'NO.1024',	'3',	'2022-09-28',	'294',	'肉鬆',	'3',	'Xiaogang',	NULL,	NULL,	NULL,	NULL,	'A',	'1000',	'1200',	NULL,	9,	'2022-10-01 18:27:40',	'2022-10-01 18:53:21'),
(440,	'NO.1025',	'3',	'2022-09-29',	'276',	'Dona',	'3',	'I',	'1',	'4000',	'1',	'1800',	'D',	'8000',	'1200',	NULL,	9,	'2022-10-01 18:29:17',	'2022-10-01 18:58:51'),
(441,	'NO.1026',	'3',	'2022-09-29',	'295',	'傑森',	'3',	'I',	'2',	'1500',	NULL,	NULL,	'A',	'1500',	'1200',	NULL,	9,	'2022-10-01 18:30:38',	'2022-10-01 18:58:47'),
(442,	'NO.1027',	'3',	'2022-09-30',	'296',	'球球',	'1',	'I',	'2',	'1200',	NULL,	NULL,	'A',	'1200',	'1200',	NULL,	9,	'2022-10-01 18:32:42',	'2022-10-01 18:59:13'),
(443,	'NO.1028',	'3',	'2022-09-30',	'297',	'貓',	'2',	'O',	'1',	'4000',	NULL,	NULL,	'C',	'1000',	'1200',	NULL,	9,	'2022-10-01 18:34:11',	'2022-10-01 18:59:09'),
(444,	'NO.1029',	'3',	'2022-09-30',	'56',	'浪貓',	'3',	'O',	'3',	'500',	NULL,	NULL,	'A',	'500',	'1200',	NULL,	9,	'2022-10-01 18:34:42',	'2022-10-01 18:59:04'),
(445,	'NO.1030',	'3',	'2022-10-01',	'298',	'Orient',	'10',	'I',	'1',	'4000',	'1',	'500',	'A',	'5000',	'5000',	NULL,	9,	'2022-10-01 18:36:29',	'2022-10-01 18:59:26'),
(446,	'NO.1031',	'3',	'2022-10-01',	'282',	'Pinky',	'1',	'I',	'1',	'3500',	'7',	'4000',	'A',	'8400',	'5000',	NULL,	9,	'2022-10-01 18:39:04',	'2022-10-01 18:59:22'),
(447,	'NO.1032',	'3',	'2022-10-01',	'278',	'貝果',	'4',	'I',	'1',	'4000',	'2',	'3000',	'D',	'12000',	'5000',	NULL,	9,	'2022-10-01 18:40:39',	'2022-10-01 18:59:18'),
(448,	'NO.815',	'3',	'2022-09-29',	'289',	'Wulala',	'10',	'I',	'1',	'4000',	'3',	'4000',	'D',	'14000',	'5000',	'福氣安康套組',	9,	'2022-10-01 18:53:12',	'2022-10-01 18:53:47'),
(449,	'NO.1051',	'3',	'2022-10-02',	'299',	'浪貓',	NULL,	'B',	NULL,	'0',	NULL,	NULL,	'A',	'300',	'300',	NULL,	9,	'2022-10-02 21:07:12',	'2022-10-02 21:27:15'),
(450,	'NO.1052',	'3',	'2022-10-02',	'300',	'布丁',	'3',	'I',	'1',	'4000',	'2',	'3000',	'A',	'7900',	'300',	NULL,	9,	'2022-10-02 21:09:51',	'2022-10-02 21:27:11'),
(451,	'NO.1053',	'3',	'2022-10-02',	'301',	'龜龜',	'3',	'I',	'1',	'4000',	NULL,	NULL,	'C',	'4000',	'300',	NULL,	9,	'2022-10-02 21:11:57',	'2022-10-02 21:27:05'),
(452,	'NO.1033',	'3',	'2022-10-02',	'302',	'維妮阿卡',	'3',	'I',	'1',	'4000',	'2',	'3000',	'A',	'7000',	'300',	NULL,	9,	'2022-10-02 21:13:36',	'2022-10-02 21:26:59'),
(453,	'NO.1034',	'3',	'2022-10-02',	'303',	'麻糬',	'1',	'I',	'1',	'3500',	'1',	'1200',	'A',	'6700',	'300',	NULL,	9,	'2022-10-02 21:16:07',	'2022-10-02 21:26:55'),
(454,	'NO.1035',	'3',	'2022-10-02',	'304',	'點點',	NULL,	'F',	NULL,	NULL,	'6',	'4000',	'C',	'200',	'300',	NULL,	9,	'2022-10-02 21:18:39',	'2022-10-02 21:26:49'),
(455,	'NO.1036',	'3',	'2022-10-02',	'275',	'貝果',	'5',	'I',	'1',	'4000',	'1',	'1800',	'D',	'5300',	'300',	NULL,	9,	'2022-10-02 21:19:50',	'2022-10-02 21:26:43'),
(456,	'NO.1037',	'3',	'2022-10-02',	'305',	'小花',	NULL,	'I',	NULL,	NULL,	'2',	'3000',	'C',	'1000',	'300',	NULL,	9,	'2022-10-02 21:22:08',	'2022-10-02 21:26:36'),
(457,	'NO.816',	'3',	'2022-10-01',	'306',	'Tomy',	'4',	'I',	'1',	'4000',	NULL,	NULL,	'C',	'2000',	'300',	NULL,	9,	'2022-10-02 21:24:55',	'2022-10-02 21:26:16'),
(458,	'NO.817',	'3',	'2022-10-02',	'134',	'朱古力',	NULL,	'Xiaogang',	NULL,	NULL,	NULL,	NULL,	'A',	'500',	'300',	NULL,	9,	'2022-10-02 21:26:02',	'2022-10-02 21:26:21'),
(459,	'NO.1038',	'3',	'2022-10-03',	'307',	'巧克力',	'3',	'I',	'1',	'4000',	NULL,	NULL,	'C',	'1000',	'4000',	NULL,	9,	'2022-10-09 15:32:34',	'2022-10-10 20:32:11'),
(460,	'NO.1039',	'3',	'2022-10-03',	'291',	'本丸',	'1',	'I',	'1',	'3500',	'4',	'4000',	'C',	'21000',	'4000',	NULL,	9,	'2022-10-09 15:39:40',	'2022-10-10 20:32:16'),
(461,	'NO.1040',	'3',	'2022-10-03',	'281',	'皮皮',	'2',	'I',	'1',	'4000',	'1',	'0',	'D',	'3000',	'4000',	NULL,	9,	'2022-10-09 15:40:31',	'2022-10-10 20:30:40'),
(462,	'NO.818',	'3',	'2022-10-04',	'308',	'Lucky',	'3',	'I',	'2',	'1500',	NULL,	NULL,	'A',	'1600',	'1600',	NULL,	9,	'2022-10-09 15:42:12',	'2022-10-10 20:31:55'),
(463,	'NO.1041',	'3',	'2022-10-04',	'309',	'布丁',	'18',	'F',	'2',	'2000',	NULL,	NULL,	'A',	'2500',	'1600',	NULL,	9,	'2022-10-09 15:43:47',	'2022-10-10 20:32:01'),
(464,	'NO.1054',	'3',	'2022-10-04',	'307',	'巧克力',	'3',	'I',	'1',	'4000',	'1',	'2000',	'D',	'19400',	'1600',	NULL,	9,	'2022-10-09 15:48:08',	'2022-10-10 20:32:06'),
(465,	'NO.1055',	'3',	'2022-10-05',	'310',	'Money',	'2',	'I',	'1',	'4000',	NULL,	NULL,	'C',	'2300',	'4000',	NULL,	9,	'2022-10-09 15:51:36',	'2022-10-10 20:31:32'),
(466,	'NO.1057',	'3',	'2022-10-05',	'301',	'龜龜',	NULL,	NULL,	NULL,	NULL,	'1',	'500',	'A',	'500',	'4000',	NULL,	9,	'2022-10-09 15:52:15',	'2022-10-10 20:31:37'),
(467,	'NO.1058',	'3',	'2022-10-05',	'311',	'鍾跳跳',	'5',	'I',	'2',	'1500',	NULL,	NULL,	'A',	'1500',	'4000',	NULL,	9,	'2022-10-09 15:53:57',	'2022-10-10 20:31:42'),
(468,	'NO.1059',	'3',	'2022-10-05',	'312',	'快樂',	'10',	'O',	'2',	'1500',	NULL,	NULL,	'A',	'1500',	'4000',	NULL,	9,	'2022-10-09 15:55:41',	'2022-10-10 20:31:46'),
(469,	'NO.1042',	'3',	'2022-10-05',	'313',	'弟弟',	'3',	'I',	'2',	'1500',	NULL,	NULL,	'A',	'1500',	'4000',	NULL,	9,	'2022-10-09 15:57:18',	'2022-10-10 20:31:51'),
(470,	'NO.1060',	'3',	'2022-10-06',	'314',	'姆姆',	NULL,	'Xiaogang',	NULL,	NULL,	'4',	'4000',	'A',	'7100',	'7100',	NULL,	9,	'2022-10-09 16:00:33',	'2022-10-10 20:31:14'),
(471,	'NO.819',	'3',	'2022-10-06',	'315',	'BeBe',	'5',	'I',	'1',	'4000',	NULL,	NULL,	'C',	'2000',	'7100',	NULL,	9,	'2022-10-09 16:02:18',	'2022-10-10 20:31:19'),
(472,	'NO.1043',	'3',	'2022-10-06',	'316',	'阿乖',	'3',	'I',	'1',	'4000',	'1',	'0',	'A',	'5000',	'7100',	NULL,	9,	'2022-10-09 16:05:26',	'2022-10-10 20:31:23'),
(473,	'NO.1044',	'3',	'2022-10-06',	'310',	'Money',	'3',	'I',	'1',	'4000',	'1',	'1000',	'D',	'3000',	'7100',	NULL,	9,	'2022-10-09 16:06:30',	'2022-10-10 20:31:28'),
(474,	'NO.1061',	'3',	'2022-10-07',	'306',	'Tony',	'3',	'I',	'1',	'4000',	'1',	'500',	'D',	'4100',	'6100',	NULL,	9,	'2022-10-09 16:08:00',	'2022-10-10 20:31:03'),
(475,	'NO.1045',	'3',	'2022-10-07',	'317',	'浪貓',	'5',	'I',	'3',	'1000',	NULL,	NULL,	'A',	'1000',	'6100',	NULL,	9,	'2022-10-09 16:09:19',	'2022-10-10 20:31:06'),
(476,	'NO.1046',	'3',	'2022-10-07',	'318',	'貝貝',	'5',	'O',	'1',	'4000',	'1',	'0',	'A',	'4000',	'6100',	NULL,	9,	'2022-10-09 16:10:53',	'2022-10-10 20:31:10'),
(477,	'NO.1047',	'3',	'2022-10-08',	'319',	'浪犬',	'13',	'I',	'3',	'1000',	NULL,	NULL,	'A',	'2000',	'2000',	NULL,	9,	'2022-10-09 16:13:02',	'2022-10-10 20:30:45'),
(478,	'NO.1048',	'3',	'2022-10-08',	'320',	'浪貓',	'3',	'I',	'3',	'1000',	NULL,	NULL,	'A',	'1800',	'2000',	NULL,	9,	'2022-10-09 16:14:13',	'2022-10-10 20:30:50'),
(479,	'NO.1049',	'3',	'2022-10-08',	'321',	'饅頭',	'3',	'I',	'1',	'4000',	NULL,	NULL,	'C',	'2000',	'2000',	NULL,	9,	'2022-10-09 16:17:21',	'2022-10-10 20:30:55'),
(480,	'NO.1050',	'3',	'2022-10-08',	'322',	'妮妮',	'3',	'I',	'2',	'1500',	NULL,	NULL,	'A',	'1500',	'2000',	NULL,	9,	'2022-10-09 16:18:47',	'2022-10-10 20:30:59'),
(481,	'NO.820',	'3',	'2022-10-09',	'324',	'妞妞',	'13',	'I',	'1',	'4500',	NULL,	NULL,	'C',	'2000',	'4500',	NULL,	9,	'2022-10-10 20:37:42',	'2022-10-10 20:57:03'),
(482,	'NO.821',	'3',	'2022-10-09',	'325',	'浪貓',	'3',	'I',	'3',	'1000',	NULL,	NULL,	'A',	'1000',	'4500',	NULL,	9,	'2022-10-10 20:39:53',	'2022-10-10 20:56:57'),
(483,	'NO.822',	'3',	'2022-10-09',	'323',	'浪貓',	'4',	'I',	'3',	'1000',	NULL,	NULL,	'A',	'1000',	'4500',	NULL,	9,	'2022-10-10 20:40:33',	'2022-10-10 20:56:53'),
(484,	'NO.1062',	'3',	'2022-10-09',	'321',	'饅頭',	'3',	'I',	'1',	'4000',	'1',	'500',	'D',	'3500',	'4500',	NULL,	9,	'2022-10-10 20:41:24',	'2022-10-10 20:56:48'),
(485,	'NO.1063',	'3',	'2022-10-09',	'255',	'比比',	NULL,	'Xiaogang',	'5',	'0',	NULL,	NULL,	'A',	'700',	'4500',	NULL,	9,	'2022-10-10 20:42:34',	'2022-10-10 20:56:44'),
(486,	'NO.1065',	'3',	'2022-10-09',	'252',	'老大',	NULL,	'Xiaogang',	'5',	'0',	NULL,	NULL,	'A',	'700',	'4500',	NULL,	9,	'2022-10-10 20:43:43',	'2022-10-10 20:56:38'),
(487,	'NO.1102',	'3',	'2022-10-09',	'326',	'韓ㄉㄨㄞㄉㄨㄞ',	'2',	'I',	'1',	'4000',	NULL,	NULL,	'C',	'3000',	'4500',	NULL,	9,	'2022-10-10 20:45:20',	'2022-10-10 20:56:32'),
(488,	'NO.825',	'3',	'2022-10-10',	'243',	'樂樂',	NULL,	'Xiaogang',	'5',	'0',	NULL,	NULL,	'A',	'200',	'200',	NULL,	9,	'2022-10-10 20:49:08',	'2022-10-10 20:57:25'),
(489,	'NO.824',	'3',	'2022-10-10',	'324',	'妞妞',	'13',	'I',	'5',	'4500',	'1',	'500',	'D',	'4100',	'200',	NULL,	9,	'2022-10-10 20:50:08',	'2022-10-10 20:57:21'),
(490,	'NO.1103',	'3',	'2022-10-10',	'305',	'小花',	NULL,	'I',	NULL,	'0',	'2',	'3000',	'D',	'2500',	'200',	NULL,	9,	'2022-10-10 20:51:13',	'2022-10-10 20:57:17'),
(491,	'NO.1105',	'3',	'2022-10-10',	'327',	'蔡榮育',	'3',	'I',	'2',	'1500',	NULL,	NULL,	'A',	'1500',	'200',	NULL,	9,	'2022-10-10 20:54:58',	'2022-10-10 20:57:13'),
(492,	'NO.1106',	'3',	'2022-10-10',	'328',	'仔仔',	'3',	'I',	'1',	'4000',	NULL,	NULL,	'C',	'1000',	'200',	NULL,	9,	'2022-10-10 20:56:07',	'2022-10-10 20:57:08'),
(493,	'NO.1067',	'3',	'2022-10-11',	'315',	'陳BeBe',	'3',	'I',	'1',	'4000',	'1',	'1000',	'D',	'8500',	'8500',	NULL,	9,	'2022-10-11 19:49:00',	'2022-10-11 19:53:59'),
(494,	'NO.1068',	'3',	'2022-10-11',	'328',	'仔仔',	'6',	'I',	'5',	NULL,	NULL,	NULL,	'A',	'700',	'8500',	NULL,	9,	'2022-10-11 19:49:58',	'2022-10-11 19:54:04'),
(495,	'NO.1069',	'3',	'2022-10-11',	'329',	'Ocean',	'3',	'I',	'1',	'4000',	'1',	'1800',	'B',	'6900',	'8500',	NULL,	9,	'2022-10-11 19:51:34',	'2022-10-11 19:54:08'),
(496,	'NO.1070',	'3',	'2022-10-11',	'291',	'本丸',	NULL,	'I',	'1',	NULL,	NULL,	NULL,	'D',	'5900',	'8500',	NULL,	9,	'2022-10-11 19:52:19',	'2022-10-11 19:54:13'),
(497,	'NO.1071',	'3',	'2022-10-11',	'善心人士',	'浪貓',	NULL,	'O',	'3',	'1500',	NULL,	NULL,	'B',	'2000',	'8500',	NULL,	9,	'2022-10-11 19:53:01',	'2022-10-11 19:54:17'),
(498,	'NO.1107',	'3',	'2022-10-11',	'228',	'王小莉',	'7',	'O',	'1',	'4000',	NULL,	NULL,	'C',	'1000',	'8500',	NULL,	9,	'2022-10-11 19:53:44',	'2022-10-11 19:53:49'),
(499,	'NO.1074',	'3',	'2022-10-12',	'326',	'韓ㄉㄨㄞㄉㄨㄞ',	'2',	'I',	'1',	'4000',	'1',	'0',	'D',	'3200',	'6200',	NULL,	9,	'2022-10-13 21:44:18',	'2022-10-13 21:47:11'),
(500,	'NO.1072',	'3',	'2022-10-12',	'102',	'龍龍',	NULL,	'Xiaogang',	'5',	NULL,	NULL,	NULL,	'A',	'200',	'6200',	NULL,	9,	'2022-10-13 21:45:10',	'2022-10-13 21:47:07'),
(501,	'NO.1073',	'3',	'2022-10-12',	'297',	'貓貓',	'2',	'O',	'1',	'4000',	'4',	'4000',	'D',	'8400',	'6200',	NULL,	9,	'2022-10-13 21:46:30',	'2022-10-13 21:47:02'),
(502,	'NO.1104',	'3',	'2022-10-10',	'330',	'NONO',	'8',	'I',	'1',	'4000',	NULL,	NULL,	'C',	'2000',	'6200',	NULL,	9,	'2022-10-13 21:50:40',	'2022-10-13 21:50:46'),
(503,	'NO.1108',	'3',	'2022-10-13',	'330',	'NONO',	'8',	'I',	'1',	'4000',	'2',	'3000',	'D',	'7700',	'9700',	NULL,	9,	'2022-10-13 21:52:43',	'2022-10-13 21:58:35'),
(504,	'NO.1109',	'3',	'2022-10-13',	'331',	'皇冠',	'2',	'I',	'1',	'4000',	'2',	'3000',	'A',	'7800',	'9700',	NULL,	9,	'2022-10-13 21:54:27',	'2022-10-13 21:58:31'),
(505,	'NO.1110',	'3',	'2022-10-13',	'332',	'LuLu',	'5',	'I',	'2',	'1500',	NULL,	NULL,	'A',	'2000',	'9700',	NULL,	9,	'2022-10-13 21:56:02',	'2022-10-13 21:58:27'),
(506,	'NO.1111',	'3',	'2022-10-13',	'333',	'浪貓咪咪',	'2',	'I',	'1',	'3500',	NULL,	NULL,	'D',	'2500',	'9700',	NULL,	9,	'2022-10-13 21:58:09',	'2022-10-13 21:58:21'),
(507,	'NO.827',	'3',	'2022-10-12',	'333',	'浪貓咪咪',	'2',	'I',	'1',	'3500',	NULL,	NULL,	'C',	'1000',	'9700',	NULL,	9,	'2022-10-14 18:08:17',	'2022-10-14 18:08:21'),
(508,	'NO.826',	'3',	'2022-10-12',	'334',	'浪貓',	'3',	'I',	'3',	'1000',	NULL,	NULL,	'A',	'1000',	'9700',	NULL,	9,	'2022-10-14 18:09:37',	'2022-10-15 17:07:12'),
(509,	'NO.1075',	'3',	'2022-10-14',	'335',	'白白',	'15',	'I',	'1',	'4500',	'1',	'2500',	'A',	'8900',	'8900',	NULL,	9,	'2022-10-15 17:13:02',	'2022-10-15 17:29:28'),
(510,	'NO.1076',	'3',	'2022-10-14',	'336',	'逗逗',	'3',	'I',	'1',	'4000',	'1',	'2000',	'A',	'8000',	'8900',	NULL,	9,	'2022-10-15 17:17:22',	'2022-10-15 17:29:23'),
(511,	'NO.828',	'3',	'2022-10-14',	'337',	'麵麵',	'1',	'I',	'3',	'1000',	NULL,	NULL,	'A',	'1200',	'8900',	NULL,	9,	'2022-10-15 17:19:21',	'2022-10-15 17:29:18'),
(512,	'NO.829',	'3',	'2022-10-14',	'338',	'橘子',	'6',	'B',	'1',	'4000',	NULL,	NULL,	'C',	'4000',	'4000',	NULL,	9,	'2022-10-15 17:22:02',	'2022-10-15 17:29:43'),
(513,	'NO.830',	'3',	'2022-10-14',	'339',	'進財',	'1',	'I',	'1',	'3500',	NULL,	NULL,	'C',	'3500',	'4000',	NULL,	9,	'2022-10-15 17:23:44',	'2022-10-15 17:29:39'),
(514,	'NO.831',	'3',	'2022-10-14',	'340',	'阿咪',	'4',	'I',	'1',	'4000',	'1',	'2500',	'A',	'8700',	'4000',	NULL,	9,	'2022-10-15 17:28:45',	'2022-10-15 17:29:34'),
(515,	'NO.1077',	'3',	'2022-10-15',	'328',	'仔仔',	'4',	'I',	'1',	'4000',	'1',	'0',	'D',	'3700',	'4700',	NULL,	9,	'2022-10-15 17:31:56',	'2022-10-15 17:47:54'),
(516,	'NO.1078',	'3',	'2022-10-15',	'338',	'橘子',	'6',	'B',	'1',	'4000',	'3',	'4000',	'D',	'4700',	'4700',	NULL,	9,	'2022-10-15 17:34:33',	'2022-10-15 17:47:50'),
(517,	'NO.1079',	'3',	'2022-10-15',	'341',	'小謐',	'1',	'O',	'1',	'3500',	'1',	'0',	'A',	'4500',	'4700',	NULL,	9,	'2022-10-15 17:38:16',	'2022-10-15 17:47:46'),
(518,	'NO.1080',	'3',	'2022-10-15',	'342',	'多多',	'3',	'I',	'1',	'4000',	'1',	'500',	'A',	'6800',	'4700',	NULL,	9,	'2022-10-15 17:41:04',	'2022-10-15 17:47:42'),
(519,	'NO.1112',	'3',	'2022-10-15',	'343',	'卡菲',	'2',	'I',	'1',	'4000',	NULL,	NULL,	'C',	'2000',	'4700',	NULL,	9,	'2022-10-15 17:43:43',	'2022-10-15 17:47:38'),
(520,	'NO.1113',	'3',	'2022-10-15',	'192',	'咖逼',	'13',	'O',	'1',	'4500',	NULL,	NULL,	'C',	'5000',	'4700',	NULL,	9,	'2022-10-15 17:44:37',	'2022-10-15 17:47:33'),
(521,	'NO.1081',	'3',	'2022-10-16',	'340',	'阿咪',	'3',	'I',	'5',	NULL,	NULL,	NULL,	'A',	'500',	'500',	NULL,	9,	'2022-10-17 10:54:04',	'2022-10-17 10:59:18'),
(522,	'NO.1082',	'3',	'2022-10-16',	'344',	'阿咪',	'6',	'I',	'1',	'4000',	'3',	'4000',	'A',	'8700',	'500',	NULL,	9,	'2022-10-17 10:56:10',	'2022-10-17 10:59:21'),
(523,	'NO.1083',	'3',	'2022-10-16',	'345',	'阿肥',	'4',	'I',	'2',	'1500',	NULL,	NULL,	'A',	'2000',	'500',	NULL,	9,	'2022-10-17 10:58:04',	'2022-10-17 10:59:14'),
(524,	'NO.1085',	'3',	'2022-10-16',	'228',	'王小莉',	'4',	'O',	'1',	'4000',	'1',	'500',	'D',	'5000',	'500',	NULL,	9,	'2022-10-17 10:59:02',	'2022-10-17 10:59:09'),
(525,	'NO.1114',	'3',	'2022-10-17',	'346',	'小黑',	'4',	'I',	'1',	'4000',	NULL,	NULL,	'A',	'4000',	'4000',	NULL,	9,	'2022-10-18 11:04:31',	'2022-10-18 11:07:01'),
(526,	'NO.1086',	'3',	'2022-10-17',	'347',	'MiMi',	'2',	'I',	'1',	'4000',	'1',	'500',	'A',	'5500',	'4000',	NULL,	9,	'2022-10-18 11:06:05',	'2022-10-18 11:06:53'),
(527,	'NO.832',	'3',	'2022-10-17',	'40',	'浪貓',	'2',	'O',	'3',	'800',	NULL,	NULL,	'A',	'800',	'4000',	NULL,	9,	'2022-10-18 11:06:44',	'2022-10-18 11:06:50'),
(528,	'NO.1115',	'3',	'2022-10-18',	'348',	'奶茶',	'3',	'I',	'1',	'4000',	NULL,	NULL,	'C',	'4000',	'4000',	NULL,	9,	'2022-10-19 10:16:24',	'2022-10-19 10:20:19'),
(529,	'NO.1117',	'3',	'2022-10-18',	'349',	'圓圓',	'1',	'I',	'1',	'3500',	NULL,	NULL,	'C',	'2000',	'4000',	NULL,	9,	'2022-10-19 10:18:01',	'2022-10-19 10:20:23'),
(530,	'NO.1118',	'3',	'2022-10-18',	'350',	'APPLE',	'1',	'I',	'1',	'3500',	NULL,	NULL,	'C',	'2000',	'4000',	NULL,	9,	'2022-10-19 10:20:14',	'2022-10-19 10:20:26'),
(531,	'NO.1119',	'3',	'2022-10-19',	'351',	'小P',	'13',	'I',	'1',	'4500',	NULL,	NULL,	'C',	'3000',	'4500',	NULL,	9,	'2022-10-20 12:02:08',	'2022-10-20 12:04:06'),
(532,	'NO.1120',	'3',	'2022-10-19',	'352',	'BOBO',	'3',	'I',	'1',	'4000',	NULL,	NULL,	'C',	'5000',	'4500',	NULL,	9,	'2022-10-20 12:03:49',	'2022-10-20 12:04:02'),
(533,	'NO.1121',	'3',	'2022-10-19',	'353',	'Angel',	'6',	'I',	'1',	'4000',	NULL,	NULL,	'C',	'1000',	'4500',	NULL,	9,	'2022-10-20 12:06:25',	'2022-10-20 12:06:30'),
(534,	'NO.1122',	'3',	'2022-10-19',	'354',	'浪貓',	'3',	'F',	'3',	'1000',	NULL,	NULL,	'B',	'1000',	'4500',	NULL,	9,	'2022-10-20 12:07:39',	'2022-10-20 12:07:46'),
(535,	'NO.1123',	'3',	'2022-10-20',	'355',	'Juicy',	'1',	'I',	'2',	'1200',	NULL,	NULL,	'A',	'1200',	'1200',	NULL,	9,	'2022-10-21 20:21:44',	'2022-10-21 20:27:41'),
(536,	'NO.1087',	'3',	'2022-10-20',	'348',	'奶茶',	'3',	'I',	'1',	'4000',	'3',	'4500',	'D',	'7200',	'1200',	NULL,	9,	'2022-10-21 20:23:49',	'2022-10-21 20:27:45'),
(537,	'NO.1088',	'3',	'2022-10-20',	'339',	'進財',	'1',	'I',	'1',	'3500',	'2',	'3000',	'D',	'3700',	'1200',	NULL,	9,	'2022-10-21 20:24:51',	'2022-10-21 20:27:49'),
(538,	'NO.1089',	'3',	'2022-10-20',	'350',	'APPLE',	'1',	'I',	'1',	'3500',	'2',	'3000',	'D',	'5600',	'1200',	NULL,	9,	'2022-10-21 20:26:00',	'2022-10-21 20:27:37'),
(539,	'NO.1090',	'3',	'2022-10-20',	'356',	'阿麥',	'2',	'I',	'2',	'1500',	NULL,	NULL,	'A',	'2500',	'1200',	NULL,	9,	'2022-10-21 20:27:19',	'2022-10-21 20:27:32'),
(540,	'NO.1091',	'3',	'2022-10-21',	'343',	'咖啡',	'2',	'I',	'1',	'4000',	'4',	'4000',	'D',	'7400',	'9400',	NULL,	9,	'2022-10-21 20:42:34',	'2022-10-21 20:44:56'),
(541,	'NO.1092',	'3',	'2022-10-21',	'192',	'咖逼',	'14',	'O',	'1',	'4500',	'1',	'0',	'D',	'8600',	'9400',	NULL,	9,	'2022-10-21 20:43:42',	'2022-10-21 20:44:51'),
(542,	'NO.1124',	'3',	'2022-10-21',	'127',	'彎彎',	'1',	'O',	'1',	'3500',	NULL,	NULL,	'B',	'3500',	'9400',	NULL,	9,	'2022-10-21 20:44:40',	'2022-10-21 20:44:46'),
(543,	'NO.1093',	'3',	'2022-10-22',	'351',	'小P',	'14',	'I',	'1',	'4500',	'2',	'3000',	'D',	'6100',	'9100',	NULL,	9,	'2022-10-22 20:38:02',	'2022-10-22 20:38:29'),
(544,	'NO.1126',	'3',	'2022-10-22',	'357',	'浪貓',	'2',	'I',	'3',	'1000',	NULL,	NULL,	'A',	'1000',	'9100',	NULL,	9,	'2022-10-23 11:28:12',	'2022-10-23 11:29:53'),
(545,	'NO.1125',	'3',	'2022-10-22',	'358',	'薑小鴨',	'3',	'I',	'2',	'1500',	NULL,	NULL,	'A',	'3800',	'9100',	NULL,	9,	'2022-10-23 11:29:44',	'2022-10-23 11:29:49'),
(546,	'NO.554',	'3',	'2022-10-23',	'359',	'Niro',	'1',	'I',	'2',	'1200',	NULL,	NULL,	'A',	'2100',	'2100',	NULL,	9,	'2022-10-23 11:32:00',	'2022-10-23 11:34:18'),
(547,	'NO.555',	'3',	'2022-10-23',	'360',	'米奇',	'3',	'I',	'1',	'4000',	NULL,	NULL,	'B',	'6500',	'2100',	NULL,	9,	'2022-10-23 11:33:27',	'2022-10-23 11:34:15'),
(548,	'NO.1127',	'3',	'2022-10-23',	'1',	'犬',	'16',	'H',	'2',	'700',	NULL,	NULL,	'A',	'700',	'2100',	NULL,	9,	'2022-10-23 11:34:06',	'2022-10-23 11:34:10'),
(549,	'NO.556',	'3',	'2022-10-23',	'361',	'小烏',	'6',	'I',	'2',	'1500',	NULL,	NULL,	'A',	'1500',	'2100',	NULL,	9,	'2022-10-23 17:30:59',	'2022-10-23 17:40:34'),
(550,	'NO.1094',	'3',	'2022-10-23',	'353',	'Angel',	'4',	'I',	'1',	'4000',	'2',	'3000',	'D',	'6100',	'2100',	NULL,	9,	'2022-10-23 17:32:14',	'2022-10-23 17:40:38'),
(551,	'NO.1095',	'3',	'2022-10-23',	'362',	'球球',	'3',	'I',	'2',	'1500',	NULL,	NULL,	'A',	'3000',	'2100',	NULL,	9,	'2022-10-23 17:35:26',	'2022-10-23 17:40:41'),
(552,	'NO.1097',	'3',	'2022-10-23',	'349',	'圓圓',	'1',	'I',	'1',	'3500',	NULL,	NULL,	'D',	'4400',	'2100',	NULL,	9,	'2022-10-23 17:36:39',	'2022-10-23 17:40:45'),
(553,	'NO.1098',	'3',	'2022-10-23',	'363',	'張寶弟',	'3',	'I',	'1',	'4000',	NULL,	NULL,	'C',	'4000',	'2100',	NULL,	9,	'2022-10-23 17:38:24',	'2022-10-23 17:40:29'),
(554,	'NO.1099',	'3',	'2022-10-23',	'352',	'BOBO',	'3',	'I',	'1',	'4000',	'2',	'3000',	'D',	'10800',	'2100',	'鮮花水果代買500',	9,	'2022-10-23 17:39:53',	'2022-10-23 17:40:24'),
(555,	'NO.1128',	'3',	'2022-10-23',	'364',	'浪犬',	'13',	'F',	'3',	'1000',	NULL,	NULL,	'A',	'1000',	'2100',	NULL,	9,	'2022-10-25 22:07:18',	'2022-10-25 22:07:49'),
(556,	'NO.833',	'3',	'2022-10-24',	'365',	'小卡',	'1',	'I',	'1',	'3500',	'1',	'1200',	'A',	'5400',	'5400',	NULL,	9,	'2022-10-25 22:09:49',	'2022-10-25 22:50:48'),
(557,	'NO.834',	'3',	'2022-10-24',	'363',	'張寶弟',	'3',	'I',	'1',	'4000',	'3',	'4000',	'D',	'6000',	'5400',	NULL,	9,	'2022-10-25 22:11:16',	'2022-10-25 22:50:52'),
(558,	'NO.1129',	'3',	'2022-10-24',	'366',	'犬',	'14',	'I',	'2',	'2000',	NULL,	NULL,	'A',	'2600',	'5400',	NULL,	9,	'2022-10-25 22:48:06',	'2022-10-25 22:50:39'),
(559,	'NO.1130',	'3',	'2022-10-24',	'40',	'浪貓',	'3',	'O',	'3',	'800',	NULL,	NULL,	'A',	'800',	'5400',	NULL,	9,	'2022-10-25 22:48:51',	'2022-10-25 22:50:43'),
(560,	'NO.1131',	'3',	'2022-10-24',	'367',	'Single',	'1',	'I',	'2',	'1200',	NULL,	NULL,	'A',	'1200',	'5400',	NULL,	9,	'2022-10-25 22:50:29',	'2022-10-25 22:50:35'),
(561,	'NO.1100',	'3',	'2022-10-25',	'368',	'ㄋ一ㄠ咪',	'3',	'I',	'1',	'4000',	'1',	'500',	'A',	'5500',	'5500',	NULL,	9,	'2022-10-25 22:52:47',	'2022-10-25 23:02:05'),
(562,	'NO.1132',	'3',	'2022-10-25',	'369',	'來福',	'15',	'I',	'2',	'2000',	NULL,	NULL,	'A',	'2600',	'5500',	NULL,	9,	'2022-10-25 22:55:11',	'2022-10-25 23:02:00'),
(563,	'NO.1133',	'3',	'2022-10-25',	'370',	'黑松',	'13',	'I',	'2',	'2000',	NULL,	NULL,	'A',	'2000',	'5500',	NULL,	9,	'2022-10-25 22:56:40',	'2022-10-25 23:01:55'),
(564,	'NO.1134',	'3',	'2022-10-25',	'371',	'烏魚子',	'3',	'I',	'2',	'1500',	NULL,	NULL,	'A',	'4000',	'5500',	NULL,	9,	'2022-10-25 22:58:31',	'2022-10-25 23:01:50'),
(565,	'NO.1135',	'3',	'2022-10-25',	'61',	'浪貓',	'3',	'O',	'3',	'1000',	NULL,	NULL,	'A',	'1000',	'5500',	NULL,	9,	'2022-10-25 22:59:39',	'2022-10-25 23:01:45'),
(566,	'NO.1136',	'3',	'2022-10-25',	'372',	'Kumo',	'1',	'I',	'2',	'1200',	NULL,	NULL,	'A',	'1200',	'5500',	NULL,	9,	'2022-10-25 23:01:34',	'2022-10-25 23:01:41'),
(567,	'NO.835',	'3',	'2022-10-26',	'373',	'芙蓉',	'3',	'I',	'1',	'4000',	NULL,	NULL,	'C',	'1000',	'4000',	NULL,	9,	'2022-10-27 13:03:35',	'2022-10-27 13:06:58'),
(568,	'NO.836',	'3',	'2022-10-26',	'374',	'阿肥',	'6',	'F',	'1',	'4000',	NULL,	NULL,	'B',	'4000',	'4000',	NULL,	9,	'2022-10-27 13:04:37',	'2022-10-27 13:06:55'),
(569,	'NO.1138',	'3',	'2022-10-26',	'375',	'浪貓',	'3',	'I',	'3',	'1000',	NULL,	NULL,	'A',	'1000',	'4000',	NULL,	9,	'2022-10-27 13:05:38',	'2022-10-27 13:06:52'),
(570,	'NO.1139',	'3',	'2022-10-26',	'376',	'犬',	'3',	'I',	'2',	'1500',	NULL,	NULL,	'A',	'1500',	'4000',	NULL,	9,	'2022-10-27 13:06:44',	'2022-10-27 13:06:48'),
(571,	'NO.1137',	'3',	'2022-10-26',	'360',	'米奇',	'3',	'I',	'1',	'4000',	'1',	'2000',	'D',	'3600',	'4000',	NULL,	9,	'2022-10-27 13:08:52',	'2022-10-27 13:09:01'),
(572,	'NO.837',	'3',	'2022-10-27',	'377',	'橘子',	'9',	'I',	'2',	'1500',	NULL,	NULL,	'A',	'2000',	'2000',	NULL,	9,	'2022-10-27 16:32:30',	'2022-10-27 16:35:11'),
(573,	'NO.838',	'3',	'2022-10-27',	'373',	'芙蓉',	'3',	'I',	'1',	'4000',	'1',	'500',	'D',	'4900',	'2000',	NULL,	9,	'2022-10-27 16:33:34',	'2022-10-27 16:35:14'),
(574,	'NO.839',	'3',	'2022-10-27',	'378',	'BuBu',	NULL,	'Xiaogang',	'5',	NULL,	NULL,	NULL,	'A',	'700',	'2000',	NULL,	9,	'2022-10-27 16:35:02',	'2022-10-27 16:35:08'),
(575,	'NO.557',	'3',	'2022-10-28',	'379',	'彎彎',	'5',	'I',	'1',	'4000',	NULL,	NULL,	'C',	'1000',	'4000',	NULL,	9,	'2022-10-29 20:32:20',	'2022-10-29 20:32:35'),
(576,	'NO.1140',	'3',	'2022-10-29',	'342',	'點點',	'3',	'O',	'1',	'4000',	'1',	'500',	'A',	'6800',	'6800',	NULL,	9,	'2022-10-29 20:34:44',	'2022-10-29 20:40:34'),
(577,	'NO.1141',	'3',	'2022-10-29',	'360',	'米奇',	NULL,	NULL,	NULL,	NULL,	NULL,	NULL,	'B',	'500',	'6800',	NULL,	9,	'2022-10-29 20:35:55',	'2022-10-29 20:40:30'),
(578,	'NO.840',	'3',	'2022-10-29',	'380',	'錢錢',	'1',	'I',	'1',	'3500',	NULL,	NULL,	'C',	'4000',	'6800',	NULL,	9,	'2022-10-29 20:37:37',	'2022-10-29 20:40:26'),
(579,	'NO.841',	'3',	'2022-10-29',	'379',	'彎彎',	'5',	'I',	'1',	'4000',	'3',	'5000',	'D',	'8500',	'6800',	NULL,	9,	'2022-10-29 20:38:23',	'2022-10-29 20:40:23'),
(580,	'NO.842',	'3',	'2022-10-29',	'381',	'Beastie',	'13',	'I',	'2',	'2000',	NULL,	NULL,	'A',	'2000',	'6800',	NULL,	9,	'2022-10-29 20:40:14',	'2022-10-29 20:40:19'),
(581,	'NO.1151',	'3',	'2022-10-30',	'382',	'菲菲',	'12',	'I',	'2',	'2000',	NULL,	NULL,	'A',	'2100',	'2100',	NULL,	9,	'2022-10-30 17:11:38',	'2022-10-30 17:14:00'),
(582,	'NO.843',	'3',	'2022-10-30',	'340',	'阿咪',	NULL,	'Xiaogang',	'5',	NULL,	NULL,	NULL,	'A',	'1000',	'2100',	NULL,	9,	'2022-10-30 17:12:30',	'2022-10-30 17:13:56'),
(583,	'NO.558',	'3',	'2022-10-30',	'383',	'鴿子',	'1',	'I',	'1',	'3500',	'2',	'3000',	'A',	'7000',	'2100',	NULL,	9,	'2022-10-30 17:13:48',	'2022-10-30 17:13:52'),
(584,	'NO.1152',	'3',	'2022-10-31',	'384',	'浪貓',	'1',	'I',	'3',	'1000',	NULL,	NULL,	'A',	'1600',	'1600',	NULL,	9,	'2022-11-02 13:14:46',	'2022-11-02 13:20:41'),
(585,	'NO.1142',	'3',	'2022-10-31',	'385',	'次次',	'1',	'I',	'2',	'1200',	NULL,	NULL,	'A',	'1200',	'1600',	NULL,	9,	'2022-11-02 13:17:03',	'2022-11-02 13:20:36'),
(586,	'NO.1143',	'3',	'2022-10-31',	'386',	'犬鳥',	'12',	'I',	'3',	'3500',	NULL,	NULL,	'B',	'3500',	'1600',	NULL,	9,	'2022-11-02 13:18:25',	'2022-11-02 13:20:32'),
(587,	'NO.1153',	'3',	'2022-11-01',	'387',	'豆豆',	'3',	'I',	'1',	'4000',	'1',	'2500',	'A',	'6700',	'6700',	NULL,	9,	'2022-11-02 13:20:15',	'2022-11-02 13:24:07'),
(588,	'NO.1144',	'3',	'2022-11-01',	'388',	'波妞',	'5',	'H',	'1',	'4000',	NULL,	NULL,	'C',	'3000',	'6700',	NULL,	9,	'2022-11-02 13:23:01',	'2022-11-02 13:24:02'),
(589,	'NO.1145',	'3',	'2022-11-01',	'74',	'咪咪',	'4',	'O',	'1',	'4000',	NULL,	NULL,	'C',	'2000',	'6700',	NULL,	9,	'2022-11-02 13:23:41',	'2022-11-02 13:23:59'),
(590,	'NO.1146',	'3',	'2022-11-02',	'389',	'小白',	'13',	'I',	'2',	'2000',	NULL,	NULL,	'A',	'2500',	'2500',	NULL,	9,	'2022-11-02 13:27:11',	'2022-11-02 13:28:22'),
(591,	'NO.1147',	'3',	'2022-11-02',	'388',	'波妞',	'5',	'H',	'1',	'4000',	'1',	'0',	'D',	'3000',	'2500',	NULL,	9,	'2022-11-02 13:28:10',	'2022-11-02 13:28:18'),
(592,	'NO.1148',	'3',	'2022-11-02',	'390',	'喵喵',	'3',	'I',	'1',	'4000',	NULL,	NULL,	'A',	'0',	'2500',	NULL,	9,	'2022-11-04 14:10:30',	'2022-11-04 14:12:50'),
(593,	'NO.1149',	'3',	'2022-11-02',	'391',	'貓',	'2',	'I',	'2',	'1500',	NULL,	NULL,	'A',	'1500',	'2500',	NULL,	9,	'2022-11-04 14:11:54',	'2022-11-04 14:12:46'),
(594,	'NO.1150',	'3',	'2022-11-02',	'40',	'浪貓',	'2',	'O',	'3',	'800',	NULL,	NULL,	'A',	'800',	'2500',	NULL,	9,	'2022-11-04 14:12:21',	'2022-11-04 14:12:43'),
(595,	'NO.1154',	'3',	'2022-11-03',	'392',	'饅頭',	'15',	'I',	'1',	'4500',	'2',	'3000',	'A',	'9500',	'9500',	NULL,	9,	'2022-11-04 14:14:32',	'2022-11-04 14:25:20'),
(596,	'NO.844',	'3',	'2022-11-03',	'393',	'火腿',	'5',	'H',	'2',	'1500',	NULL,	NULL,	'A',	'700',	'9500',	'本丸動物醫院介紹(已退傭)',	9,	'2022-11-04 14:19:07',	'2022-11-04 14:25:16'),
(597,	'NO.845',	'3',	'2022-11-03',	'394',	'錢錢',	'3',	'I',	'1',	'4000',	NULL,	NULL,	'C',	'2000',	'9500',	NULL,	9,	'2022-11-04 14:21:07',	'2022-11-04 14:25:13'),
(598,	'NO.846',	'3',	'2022-11-03',	'395',	'盧嘿嘿',	'3',	'I',	'1',	'4000',	NULL,	NULL,	'C',	'5000',	'9500',	NULL,	9,	'2022-11-04 14:22:14',	'2022-11-04 14:25:09'),
(599,	'NO.847',	'3',	'2022-11-03',	'396',	'小強',	'12',	'I',	'2',	'2000',	NULL,	NULL,	'A',	'2000',	'9500',	NULL,	9,	'2022-11-04 14:23:52',	'2022-11-04 14:25:59'),
(600,	'NO.848',	'3',	'2022-11-03',	'74',	'咪咪',	'3',	'I',	'1',	'4000',	'3',	'4000',	'D',	'8000',	'2000',	NULL,	9,	'2022-11-04 14:24:59',	'2022-11-04 14:25:05'),
(601,	'NO.1155',	'3',	'2022-11-04',	'397',	'豆豆',	'20',	'I',	'2',	'2000',	NULL,	NULL,	'A',	'5000',	'5000',	NULL,	9,	'2022-11-06 17:46:21',	'2022-11-06 18:05:19'),
(602,	'NO.1156',	'3',	'2022-11-04',	'398',	'幼貓*5',	'1',	'I',	'3',	'2000',	NULL,	NULL,	'A',	'2500',	'5000',	NULL,	9,	'2022-11-06 17:48:09',	'2022-11-06 18:05:15'),
(603,	'NO.850',	'3',	'2022-11-05',	'399',	'QQ',	'3',	'I',	'2',	'1500',	NULL,	NULL,	'A',	'1500',	'1500',	NULL,	9,	'2022-11-06 17:49:52',	'2022-11-06 18:06:00'),
(604,	'NO.1201',	'3',	'2022-11-05',	'1',	'貓',	NULL,	'H',	'2',	'500',	NULL,	NULL,	'A',	'500',	'500',	NULL,	9,	'2022-11-06 17:50:28',	'2022-11-06 18:05:55'),
(605,	'NO.1202',	'3',	'2022-11-05',	'400',	'二哈',	'3',	'I',	'2',	'1500',	NULL,	NULL,	'A',	'1500',	'1500',	NULL,	9,	'2022-11-06 17:55:08',	'2022-11-06 18:05:51'),
(606,	'NO.1157',	'3',	'2022-11-05',	'390',	'喵喵',	'3',	'I',	'1',	'4000',	'1',	'0',	'D',	'4600',	'1500',	NULL,	9,	'2022-11-06 17:56:02',	'2022-11-06 18:05:48'),
(607,	'NO.1158',	'3',	'2022-11-06',	'394',	'錢錢',	'5',	'I',	'1',	'4000',	'2',	'3000',	'D',	'6300',	'8300',	NULL,	9,	'2022-11-06 18:03:52',	'2022-11-06 18:25:10'),
(608,	'NO.1159',	'3',	'2022-11-06',	'134',	'朱古力',	NULL,	'Xiaogang',	'5',	NULL,	NULL,	NULL,	'A',	'500',	'8300',	NULL,	9,	'2022-11-06 18:04:56',	'2022-11-06 18:25:13'),
(609,	'NO.1160',	'3',	'2022-11-06',	'395',	'盧嘿嘿',	'4',	'I',	'1',	'4000',	'2',	'3000',	'D',	'7100',	'8300',	NULL,	9,	'2022-11-06 18:07:51',	'2022-11-06 18:25:45'),
(610,	'NO.1161',	'3',	'2022-11-06',	'401',	'呀比',	'8',	'I',	'1',	'4000',	'1',	'2500',	'A',	'8100',	'8300',	NULL,	9,	'2022-11-06 18:09:49',	'2022-11-06 18:25:50'),
(611,	'NO.1162',	'3',	'2022-11-06',	'402',	'布丁',	'1',	'I',	'1',	'3500',	NULL,	NULL,	'C',	'1000',	'8300',	NULL,	9,	'2022-11-06 18:11:19',	'2022-11-06 18:25:56'),
(612,	'NO.1203',	'3',	'2022-11-06',	'403',	'寶貝',	'8',	'I',	'1',	'4000',	NULL,	NULL,	'C',	'2000',	'8300',	NULL,	9,	'2022-11-06 18:13:52',	'2022-11-06 18:26:00'),
(613,	'NO.1024',	'3',	'2022-11-06',	'404',	'丟搞',	'1',	'I',	'1',	'3500',	NULL,	NULL,	'C',	'1000',	'8300',	NULL,	9,	'2022-11-06 18:17:38',	'2022-11-06 18:26:06'),
(614,	'NO.1205',	'3',	'2022-11-06',	'405',	'洛克',	'2',	'I',	'1',	'4000',	'2',	'3000',	'A',	'9800',	'8300',	'圓滿十方套組',	9,	'2022-11-06 18:19:50',	'2022-11-06 18:26:10'),
(615,	'NO.1206',	'3',	'2022-11-06',	'406',	'柚子',	'5',	'I',	'2',	'1500',	NULL,	NULL,	'A',	'1500',	'8300',	NULL,	9,	'2022-11-06 18:23:17',	'2022-11-06 18:26:15'),
(616,	'NO.1207',	'3',	'2022-11-06',	'407',	'小布',	'1',	'I',	'1',	'3500',	'1',	'500',	'A',	'5000',	'8300',	NULL,	9,	'2022-11-06 18:24:59',	'2022-11-06 18:26:22'),
(617,	'NO.1163',	'3',	'2022-11-07',	'404',	'丟搞',	'1',	'I',	'1',	'3500',	'1',	'0',	'B',	'3600',	'4600',	NULL,	9,	'2022-11-08 20:06:38',	'2022-11-08 20:24:15'),
(618,	'NO.1164',	'3',	'2022-11-07',	'408',	'妹妹/威力',	NULL,	'I',	'5',	'0',	'2',	'3000',	'A',	'4000',	'4600',	NULL,	9,	'2022-11-08 20:09:15',	'2022-11-08 20:24:19'),
(619,	'NO.1165',	'3',	'2022-11-07',	'403',	'寶貝',	'8',	'I',	'1',	'4000',	'1',	'0',	'D',	'4000',	'4600',	NULL,	9,	'2022-11-08 20:10:24',	'2022-11-08 20:24:25'),
(620,	'NO.1208',	'3',	'2022-11-07',	'409',	'可可',	'1',	'O',	'3',	'1000',	NULL,	NULL,	'A',	'1000',	'4600',	NULL,	9,	'2022-11-08 20:19:50',	'2022-11-08 20:24:29'),
(621,	'NO.1209',	'3',	'2022-11-07',	'410',	'麻糬',	'7',	'H',	'1',	'4000',	NULL,	NULL,	'A',	'2000',	'4600',	'聯強動物介紹(已退傭)',	9,	'2022-11-08 20:21:29',	'2022-11-08 20:24:32'),
(622,	'NO.1210',	'3',	'2022-11-07',	'411',	'浪貓',	'4',	'I',	'3',	'1000',	NULL,	NULL,	'A',	'1000',	'4600',	NULL,	9,	'2022-11-08 20:22:36',	'2022-11-08 20:24:36'),
(623,	'NO.1211',	'3',	'2022-11-07',	'412',	'可樂',	'1',	'I',	'1',	'3500',	NULL,	NULL,	'C',	'1000',	'1000',	NULL,	9,	'2022-11-08 20:23:51',	'2022-11-08 20:24:40'),
(624,	'No.1171',	'1',	'2022-12-04',	'414',	'妮妮',	'5',	'I',	'1',	'4000',	NULL,	NULL,	'C',	'0',	'4500',	NULL,	9,	'2022-12-04 22:15:03',	'2022-12-12 00:42:40'),
(625,	'No.1170',	'1',	'2022-12-04',	'413',	'艾莎',	'1',	'I',	'2',	'1200',	NULL,	NULL,	'A',	'1200',	'4000',	NULL,	9,	'2022-12-04 22:16:08',	'2022-12-10 18:28:28'),
(626,	'No.1230',	'1',	'2022-12-03',	'189',	'巧虎',	'未知',	NULL,	NULL,	NULL,	NULL,	NULL,	'A',	'2500',	'4000',	'百日',	9,	'2022-12-04 22:18:28',	'2022-12-10 18:28:21'),
(627,	'No.1228',	'1',	'2022-12-02',	'192',	'乖乖咖逼',	NULL,	NULL,	NULL,	NULL,	NULL,	NULL,	'A',	'4500',	'4000',	'優待500\r\n乖乖百日/咖逼49日',	9,	'2022-12-04 22:30:04',	'2022-12-10 18:28:08'),
(628,	'No.1229',	'1',	'2022-12-02',	'349',	'安安',	NULL,	'I',	'1',	'3500',	NULL,	NULL,	'C',	'2000',	'4000',	NULL,	9,	'2022-12-04 22:31:21',	'2022-12-10 18:28:03'),
(629,	'No.1176',	'1',	'2022-12-06',	'415',	'BonBon',	'6',	'I',	'2',	'1500',	NULL,	NULL,	'A',	'1800',	'1800',	NULL,	9,	'2022-12-07 23:24:41',	'2022-12-10 18:28:54'),
(630,	'No.1173',	'1',	'2022-12-06',	'416',	'娃娃',	'2',	'I',	'2',	'1500',	NULL,	NULL,	'A',	'1800',	'31500',	NULL,	9,	'2022-12-07 23:26:40',	'2022-12-10 18:28:49'),
(631,	'No.1172',	'1',	'2022-12-05',	'417',	'朱小co',	'2',	'I',	'2',	'1500',	NULL,	NULL,	'A',	'1800',	'1800',	NULL,	9,	'2022-12-07 23:29:00',	'2022-12-10 18:28:44'),
(632,	'No.1175',	'1',	'2022-12-05',	'418',	'胖鼠鼠',	'1',	'I',	'2',	'1200',	NULL,	NULL,	'A',	'1200',	'1800',	NULL,	9,	'2022-12-07 23:30:33',	'2022-12-10 18:28:39'),
(633,	'No.1169',	'1',	'2022-12-01',	'419',	'逼逼',	'1',	'I',	'2',	'1200',	NULL,	NULL,	'A',	'1700',	'1800',	NULL,	9,	'2022-12-07 23:33:06',	'2022-12-10 18:27:56'),
(634,	'No.1174',	'1',	'2022-12-05',	'420',	'嘟嘟',	'5',	'H',	'2',	'1500',	NULL,	NULL,	'A',	'700',	'1800',	'醫院實收700（屏東成功動物醫院）',	9,	'2022-12-07 23:37:28',	'2022-12-10 18:28:33'),
(635,	'No.1177',	'1',	'2022-12-08',	'124',	'Johnny',	'2',	'I',	'1',	'4000',	NULL,	NULL,	'C',	'1000',	'4500',	NULL,	9,	'2022-12-08 14:44:19',	'2022-12-15 16:29:14'),
(636,	'No.1233',	'9',	'2022-12-10',	'421',	'裘比',	'20',	'I',	'1',	'5500',	'1',	'2500',	'A',	'10400',	'2100',	NULL,	9,	'2022-12-10 17:26:12',	'2022-12-18 23:12:47'),
(637,	'No.1301',	'1',	'2022-12-10',	'423',	NULL,	NULL,	'I',	'3',	'1000',	NULL,	NULL,	'A',	'1000',	'5500',	NULL,	9,	'2022-12-10 17:50:02',	'2022-12-10 18:29:03'),
(638,	'No.1232',	'9',	'2022-12-09',	'349',	'安安',	NULL,	NULL,	NULL,	NULL,	NULL,	NULL,	'D',	'1900',	'5500',	NULL,	9,	'2022-12-10 18:26:45',	'2022-12-10 18:27:32'),
(639,	'No.1231',	'9',	'2022-12-09',	'422',	'YOYO',	'1.5',	'I',	'1',	NULL,	'3',	NULL,	'A',	'0',	'5500',	'圓滿十方套組優惠9800',	9,	'2022-12-10 18:40:32',	'2022-12-15 16:28:46'),
(640,	'No.1178',	'1',	'2022-12-10',	'424',	'貢丸',	'22',	'I',	'1',	'5500',	NULL,	NULL,	'A',	'5500',	'5500',	NULL,	9,	'2022-12-11 01:06:00',	'2022-12-14 15:42:47'),
(641,	'No.1302',	'1',	'2022-12-11',	'414',	'妮妮',	'5',	NULL,	NULL,	'4000',	'4',	'4000',	'A',	'10500',	'10500',	NULL,	9,	'2022-12-12 00:42:29',	'2022-12-12 00:42:35'),
(642,	'No.1236',	'9',	'2022-12-11',	'425',	'肉包',	'6',	'F',	'1',	'4000',	NULL,	NULL,	'A',	'0',	'10500',	'CafeDOG寵物沙龍',	9,	'2022-12-12 16:11:04',	'2022-12-14 01:10:29'),
(643,	'No.1237',	'9',	'2022-12-12',	'426',	'小虎',	'15',	NULL,	'2',	'2000',	NULL,	NULL,	'A',	'2000',	'2000',	'客人有自行買金子要給小虎',	9,	'2022-12-12 16:15:02',	'2022-12-14 01:09:48'),
(644,	'No.1234',	'9',	'2022-12-13',	'425',	'肉包',	'6',	'F',	'1',	'4000',	NULL,	NULL,	'A',	'6000',	'6000',	NULL,	9,	'2022-12-13 14:42:26',	'2022-12-14 01:10:37'),
(645,	'No.1238',	'9',	'2022-12-13',	'427',	'蒂蒂',	'1',	'I',	'2',	'1200',	NULL,	NULL,	'A',	'1200',	'6000',	NULL,	9,	'2022-12-13 14:47:28',	'2022-12-14 01:11:00'),
(646,	'No.1239',	'9',	'2022-12-13',	'428',	'樂樂',	'1',	'I',	'2',	'1200',	NULL,	NULL,	'A',	'1200',	'6000',	NULL,	9,	'2022-12-13 14:51:13',	'2022-12-14 01:10:48'),
(647,	'No.1240',	'9',	'2022-12-13',	'429',	'takila',	'4',	'I',	'1',	'4000',	'1',	'2500',	'A',	'15400',	'2100',	'寵物金300\r\n原本盆葬要改骨灰罐',	9,	'2022-12-13 15:17:28',	'2022-12-16 20:37:36'),
(648,	'No.1179',	'1',	'2022-12-14',	'424',	'貢丸',	'22',	NULL,	NULL,	NULL,	NULL,	NULL,	'D',	'10700',	'10100',	'鮮花+四果+相片 600(代買)',	9,	'2022-12-14 15:42:32',	'2022-12-14 15:43:45'),
(649,	'No.1241',	'9',	'2022-12-15',	'430',	'熊熊',	'1.5',	'I',	'2',	'1500',	NULL,	NULL,	'A',	'2100',	'2100',	NULL,	9,	'2022-12-15 14:47:46',	'2022-12-15 16:29:53'),
(650,	'No.1242',	'9',	'2022-12-15',	'124',	'Johnny',	'2.5',	'O',	'1',	'4000',	'2',	'3000',	'D',	'7500',	'2100',	NULL,	9,	'2022-12-15 14:59:55',	'2022-12-15 16:29:30'),
(651,	'No.1243',	'9',	'2022-12-15',	'431',	'浪貓',	'1.5',	'I',	'3',	'1000',	NULL,	NULL,	'B',	'1500',	'2100',	NULL,	9,	'2022-12-15 15:03:41',	'2022-12-15 16:29:22'),
(662,	'No.1231',	'9',	'2022-12-15',	'422',	'YOYO',	'1.5',	'I',	'1',	'4000',	'3',	'4000',	'A',	'10900',	'2100',	'圓滿十方套組\r\n肉泥包，九品小蓮花沒有\r\n免費升級組合包',	9,	'2022-12-15 16:01:00',	'2022-12-15 16:29:04'),
(663,	'No.1244',	'9',	'2022-12-16',	'429',	'takila',	'5',	NULL,	NULL,	NULL,	NULL,	NULL,	'A',	'1200',	'1200',	NULL,	9,	'2022-12-16 18:04:03',	'2022-12-18 23:12:59'),
(664,	'No.1245',	'9',	'2022-12-17',	'432',	'皮皮',	'9.8',	'I',	'2',	'1500',	NULL,	NULL,	'A',	'1500',	'1500',	NULL,	9,	'2022-12-17 10:50:54',	'2022-12-18 23:13:12'),
(665,	'No.1246',	'9',	'2022-12-17',	'43',	'中秋',	'1.5',	'O',	'1',	'3000',	NULL,	NULL,	'A',	'3500',	'1500',	NULL,	9,	'2022-12-17 17:56:15',	'2022-12-18 23:13:06'),
(666,	'No.1180',	'1',	'2022-12-19',	'433',	'Pokey',	'2',	'I',	'2',	'1500',	NULL,	NULL,	'A',	'1500',	'1500',	NULL,	9,	'2022-12-20 12:36:26',	'2022-12-20 12:39:50'),
(667,	'No.1181',	'1',	'2022-12-19',	'434',	'東東',	'4',	'I',	'1',	'4000',	NULL,	NULL,	'A',	'4000',	'1500',	NULL,	9,	'2022-12-20 12:37:07',	'2022-12-20 12:39:53'),
(668,	'No.1182',	'1',	'2022-12-19',	'435',	'葉豆腐',	'1',	'I',	'2',	'1200',	NULL,	NULL,	'A',	'1500',	'1500',	NULL,	9,	'2022-12-20 12:37:53',	'2022-12-20 12:39:58'),
(669,	'No.1183',	'1',	'2022-12-19',	'436',	'許布丁',	'2',	'I',	'2',	'1500',	NULL,	NULL,	'A',	'2000',	'1500',	NULL,	9,	'2022-12-20 12:38:33',	'2022-12-20 12:40:02'),
(670,	'No.1184',	'1',	'2022-12-19',	'437',	'阿布',	'1',	'I',	'2',	'1500',	NULL,	NULL,	'A',	'2700',	'1500',	NULL,	9,	'2022-12-20 12:39:43',	'2022-12-20 12:40:06'),
(671,	'No.1247',	'9',	'2022-12-17',	'438',	'屁屁',	'4',	'I',	'2',	'1500',	NULL,	NULL,	'A',	'1500',	'1500',	NULL,	9,	'2022-12-20 13:38:21',	'2022-12-21 01:45:09'),
(672,	'No.1248',	'9',	'2022-12-20',	'439',	'梁嘟嘟',	'4.6',	'I',	'1',	'4000',	NULL,	NULL,	'C',	'4000',	'4000',	NULL,	9,	'2022-12-20 13:43:34',	'2022-12-27 16:53:41'),
(673,	'No.1249',	'9',	'2022-12-20',	'440',	'貢丸',	'1.2',	NULL,	'2',	'1500',	NULL,	NULL,	'A',	'1600',	'4000',	NULL,	9,	'2022-12-20 13:47:18',	'2022-12-21 01:45:01'),
(674,	'No.1250',	'9',	'2022-12-21',	'441',	'小黑',	'10',	'F',	'1',	'4000',	NULL,	NULL,	'A',	'5200',	'5200',	NULL,	9,	'2022-12-21 18:04:52',	'2022-12-21 23:09:40'),
(675,	'No.1351',	'9',	'2022-12-21',	'442',	'茶茶',	'6',	'I',	'1',	'4000',	NULL,	NULL,	'A',	'5600',	'5200',	NULL,	9,	'2022-12-21 18:09:19',	'2022-12-21 23:09:49'),
(676,	'No.1185',	'1',	'2022-12-21',	'252',	'老大',	NULL,	NULL,	NULL,	NULL,	NULL,	NULL,	'A',	'3400',	'5200',	NULL,	9,	'2022-12-21 23:11:15',	'2022-12-21 23:11:21'),
(677,	'No.1352',	'9',	'2022-12-22',	'443',	'溫花花',	'0.7',	'I',	'1',	'3500',	NULL,	NULL,	'B',	'5700',	'5700',	NULL,	9,	'2022-12-22 16:33:05',	'2022-12-22 23:44:17'),
(678,	'No.1353',	'9',	'2022-12-22',	'445',	'浪狗',	NULL,	NULL,	'3',	'1000',	NULL,	NULL,	'A',	'1000',	'5700',	NULL,	9,	'2022-12-22 16:33:48',	'2022-12-22 23:44:07'),
(679,	'No.1354',	'9',	'2022-12-22',	'444',	'賓谷',	NULL,	NULL,	NULL,	NULL,	'2',	'3000',	'A',	'4000',	'5700',	NULL,	9,	'2022-12-22 16:35:19',	'2022-12-22 23:43:55'),
(680,	'No.1355',	'9',	'2022-12-22',	'40',	'弟弟',	NULL,	'O',	'2',	'800',	NULL,	NULL,	'A',	'800',	'5700',	'愛媽價',	9,	'2022-12-22 23:41:12',	'2022-12-27 16:53:49'),
(681,	'No.1186',	'1',	'2022-12-22',	'446',	'咪咪',	'2',	'I',	'1',	'4000',	NULL,	NULL,	'A',	'4000',	'5700',	NULL,	9,	'2022-12-22 23:47:02',	'2022-12-22 23:47:50'),
(682,	'No.1187',	'1',	'2022-12-22',	'295',	'傑尼',	'3',	'O',	'2',	'1500',	NULL,	NULL,	'A',	'1500',	'5700',	NULL,	9,	'2022-12-22 23:47:44',	'2022-12-22 23:48:02'),
(683,	'No.1188',	'1',	'2022-12-23',	'447',	'Ricky',	'3',	'I',	'2',	'1500',	NULL,	NULL,	'A',	'1500',	'1500',	NULL,	9,	'2022-12-23 21:43:25',	'2022-12-24 16:42:25'),
(684,	'No.1189',	'1',	'2022-12-23',	'448',	'咕溜',	'3.5',	'I',	'1',	'4000',	NULL,	NULL,	'A',	'1000',	'1500',	NULL,	9,	'2022-12-23 21:47:49',	'2022-12-24 16:42:31'),
(685,	'NO.1191',	'1',	'2022-12-24',	'448',	'咕溜',	'3.5',	NULL,	NULL,	NULL,	'3',	'4000',	'D',	'7700',	'4700',	'訂金1000(現金)、7700(匯款)',	9,	'2022-12-24 16:30:27',	'2022-12-24 16:42:10'),
(686,	'No.1190',	'1',	'2022-12-24',	'446',	'咪咪',	NULL,	NULL,	NULL,	'4000',	'3',	'4000',	'D',	'6800',	'4700',	'圓滿十方套組9800/盆葬管理費1000',	9,	'2022-12-24 16:38:57',	'2022-12-24 16:42:16'),
(687,	'No.1303',	'1',	'2022-12-24',	'449',	'哆哆',	'4',	'I',	'1',	'4000',	NULL,	NULL,	'A',	'4500',	'4700',	NULL,	9,	'2022-12-24 16:41:50',	'2022-12-27 16:53:33'),
(688,	'No.1192',	'1',	'2022-12-25',	'450',	'賀小美',	'3.8',	'I',	'2',	'1500',	NULL,	NULL,	'A',	'2000',	'2100',	'500金紙+100元評論送資材袋 =換財寶箱',	9,	'2022-12-26 14:37:18',	'2022-12-26 14:37:26'),
(689,	'No.1194',	'1',	'2022-12-25',	'439',	'梁嘟嘟',	'4.6',	NULL,	NULL,	NULL,	NULL,	NULL,	'A',	'2000',	'2100',	NULL,	9,	'2022-12-26 14:39:07',	'2022-12-26 14:44:19'),
(690,	'No.1193',	'1',	'2022-12-25',	'434',	'東東',	NULL,	NULL,	NULL,	NULL,	'7',	'4000',	'A',	'5800',	'2100',	'同#1181 訂金4000已付款',	9,	'2022-12-26 14:40:49',	'2022-12-26 14:44:26'),
(691,	'No.1195',	'1',	'2022-12-25',	'451',	'熊熊',	'3.8',	'I',	'1',	'4000',	NULL,	NULL,	'A',	'4000',	'2100',	NULL,	9,	'2022-12-26 14:41:35',	'2022-12-27 16:53:23'),
(692,	'NO.1305',	'1',	'2022-12-25',	'452',	'PP',	'0.2',	'I',	'2',	'1200',	NULL,	NULL,	'A',	'1200',	'2100',	NULL,	9,	'2022-12-26 14:43:57',	'2022-12-27 16:53:29'),
(693,	'NO.1357',	'9',	'2022-12-26',	'51',	'浪貓',	NULL,	NULL,	'3',	'1000',	NULL,	NULL,	'A',	'1000',	'1000',	NULL,	9,	'2022-12-26 21:38:07',	'2022-12-27 16:53:05'),
(694,	'NO.1356',	'9',	'2022-12-26',	'453',	'QQ',	'3',	'I',	'1',	'4000',	NULL,	NULL,	'C',	'2000',	'1000',	NULL,	1,	'2022-12-26 21:38:45',	'2022-12-26 21:38:45'),
(695,	'NO.1197',	'1',	'2022-12-27',	'454',	'浪浪',	NULL,	'I',	'3',	'1000',	NULL,	NULL,	'A',	'1000',	'1100',	'資材袋贈送',	9,	'2022-12-27 16:52:46',	'2022-12-27 16:53:15'),
(696,	'NO.1196',	'1',	'2022-12-27',	'449',	'哆哆',	NULL,	NULL,	NULL,	NULL,	NULL,	NULL,	'A',	'2400',	'1100',	NULL,	9,	'2022-12-27 16:57:42',	'2022-12-27 16:57:49'),
(697,	'No.1359',	'1',	'2022-12-27',	'451',	'熊熊',	NULL,	NULL,	NULL,	NULL,	'2',	'3000',	'A',	'6700',	'1100',	NULL,	9,	'2022-12-27 17:03:45',	'2022-12-27 17:05:24'),
(698,	'NO.1358',	'9',	'2022-12-27',	'455',	'Pocky',	'7',	'H',	'1',	'4000',	NULL,	NULL,	'A',	'2000',	'1100',	'醫院退佣金2000',	9,	'2022-12-27 17:08:21',	'2022-12-27 17:08:49'),
(699,	'No.1360',	'9',	'2022-12-27',	'456',	'線線',	'20',	'I',	'2',	'2000',	NULL,	NULL,	'A',	'2500',	'1100',	NULL,	9,	'2022-12-28 14:52:06',	'2022-12-28 21:44:17'),
(700,	'No.1362',	'9',	'2022-12-28',	'457',	'哈利',	'4',	'I',	'2',	'1500',	NULL,	NULL,	'A',	'2000',	'2000',	NULL,	3,	'2022-12-28 20:03:52',	'2022-12-28 20:04:05'),
(701,	'No.1361',	'9',	'2022-12-28',	'458',	'徐小綠',	'1',	'I',	'2',	'1200',	NULL,	NULL,	'C',	'1000',	'2000',	NULL,	3,	'2022-12-28 20:06:37',	'2022-12-28 20:06:51'),
(702,	'No.1306',	'1',	'2022-12-29',	'459',	'米漿',	'0.5',	'I',	'1',	'3500',	'2',	'3000',	'B',	'7700',	'7700',	NULL,	9,	'2022-12-29 20:21:29',	'2022-12-29 20:21:35'),
(703,	'No.1307',	'1',	'2022-12-30',	'460',	'牛奶',	'6',	'I',	'1',	'4000',	NULL,	NULL,	'A',	'4500',	'4500',	NULL,	1,	'2022-12-30 02:12:38',	'2022-12-30 02:12:38'),
(704,	'No.1364',	'9',	'2022-12-30',	'461',	'旺來',	'1',	'I',	'1',	'3500',	NULL,	NULL,	'C',	'2000',	'4500',	NULL,	3,	'2022-12-30 19:08:02',	'2022-12-30 19:08:18'),
(705,	'NO.1365',	'1',	'2022-12-31',	'446',	'咪咪',	NULL,	NULL,	NULL,	NULL,	NULL,	NULL,	'A',	'100',	'100',	NULL,	9,	'2022-12-31 15:50:52',	'2022-12-31 15:50:58');

DROP TABLE IF EXISTS `sale_gdpaper`;
CREATE TABLE `sale_gdpaper` (
  `id` bigint(20) unsigned NOT NULL AUTO_INCREMENT,
  `sale_id` varchar(255) COLLATE utf8mb4_unicode_ci NOT NULL,
  `gdpaper_id` varchar(255) COLLATE utf8mb4_unicode_ci DEFAULT NULL,
  `gdpaper_num` varchar(255) COLLATE utf8mb4_unicode_ci DEFAULT NULL,
  `gdpaper_total` varchar(255) COLLATE utf8mb4_unicode_ci DEFAULT NULL,
  `created_at` timestamp NULL DEFAULT NULL,
  `updated_at` timestamp NULL DEFAULT NULL,
  PRIMARY KEY (`id`)
) ENGINE=InnoDB DEFAULT CHARSET=utf8mb4 COLLATE=utf8mb4_unicode_ci;

INSERT INTO `sale_gdpaper` (`id`, `sale_id`, `gdpaper_id`, `gdpaper_num`, `gdpaper_total`, `created_at`, `updated_at`) VALUES
(1,	'1',	NULL,	NULL,	NULL,	'2022-06-15 17:54:23',	'2022-06-15 17:54:23'),
(5,	'3',	'6',	'1',	'600',	'2022-06-17 22:46:43',	'2022-06-17 22:46:43'),
(6,	'3',	'9',	'1',	'500',	'2022-06-17 22:46:43',	'2022-06-17 22:46:43'),
(7,	'3',	'7',	'9',	'900',	'2022-06-17 22:46:43',	'2022-06-17 22:46:43'),
(8,	'4',	'2',	'3',	'300',	'2022-06-17 22:50:42',	'2022-06-17 22:50:42'),
(9,	'5',	NULL,	NULL,	NULL,	'2022-06-17 22:52:50',	'2022-06-17 22:52:50'),
(10,	'6',	NULL,	NULL,	NULL,	'2022-06-17 22:54:28',	'2022-06-17 22:54:28'),
(11,	'7',	NULL,	NULL,	NULL,	'2022-06-17 22:56:25',	'2022-06-17 22:56:25'),
(12,	'8',	'10',	'1',	'100',	'2022-06-17 22:58:54',	'2022-06-17 22:58:54'),
(13,	'9',	NULL,	NULL,	NULL,	'2022-06-17 23:00:05',	'2022-06-17 23:00:05'),
(14,	'10',	NULL,	NULL,	NULL,	'2022-06-17 23:01:08',	'2022-06-17 23:01:08'),
(15,	'11',	NULL,	NULL,	NULL,	'2022-06-17 23:02:19',	'2022-06-17 23:02:19'),
(17,	'13',	NULL,	NULL,	NULL,	'2022-06-17 23:06:32',	'2022-06-17 23:06:32'),
(18,	'14',	NULL,	NULL,	NULL,	'2022-06-17 23:09:42',	'2022-06-17 23:09:42'),
(19,	'15',	NULL,	NULL,	NULL,	'2022-06-17 23:11:47',	'2022-06-17 23:11:47'),
(24,	'17',	'7',	'9',	'900',	'2022-06-17 23:17:53',	'2022-06-17 23:17:53'),
(25,	'17',	'1',	'1',	'600',	'2022-06-17 23:17:53',	'2022-06-17 23:17:53'),
(26,	'17',	'10',	'1',	'100',	'2022-06-17 23:17:53',	'2022-06-17 23:17:53'),
(33,	'19',	NULL,	NULL,	NULL,	'2022-06-17 23:21:09',	'2022-06-17 23:21:09'),
(36,	'22',	'8',	'1',	'600',	'2022-06-18 00:55:25',	'2022-06-18 00:55:25'),
(37,	'22',	'4',	'1',	'200',	'2022-06-18 00:55:25',	'2022-06-18 00:55:25'),
(38,	'22',	'7',	'9',	'900',	'2022-06-18 00:55:25',	'2022-06-18 00:55:25'),
(39,	'23',	'2',	'10',	'1000',	'2022-06-18 01:04:23',	'2022-06-18 01:04:23'),
(42,	'25',	NULL,	NULL,	NULL,	'2022-06-18 01:08:32',	'2022-06-18 01:08:32'),
(43,	'26',	NULL,	NULL,	NULL,	'2022-06-18 01:09:36',	'2022-06-18 01:09:36'),
(44,	'27',	'2',	'5',	'500',	'2022-06-18 01:11:58',	'2022-06-18 01:11:58'),
(45,	'28',	NULL,	NULL,	NULL,	'2022-06-18 01:13:06',	'2022-06-18 01:13:06'),
(50,	'30',	'10',	'1',	'100',	'2022-06-18 01:17:23',	'2022-06-18 01:17:23'),
(51,	'31',	'4',	'1',	'200',	'2022-06-18 01:18:51',	'2022-06-18 01:18:51'),
(52,	'32',	NULL,	NULL,	NULL,	'2022-06-18 01:20:52',	'2022-06-18 01:20:52'),
(53,	'33',	NULL,	NULL,	NULL,	'2022-06-18 01:22:14',	'2022-06-18 01:22:14'),
(54,	'34',	NULL,	NULL,	NULL,	'2022-06-18 01:25:34',	'2022-06-18 01:25:34'),
(55,	'35',	NULL,	NULL,	NULL,	'2022-06-18 01:32:27',	'2022-06-18 01:32:27'),
(56,	'36',	NULL,	NULL,	NULL,	'2022-06-18 01:33:21',	'2022-06-18 01:33:21'),
(57,	'37',	NULL,	NULL,	NULL,	'2022-06-18 01:35:47',	'2022-06-18 01:35:47'),
(58,	'38',	'5',	'1',	'300',	'2022-06-18 01:37:52',	'2022-06-18 01:37:52'),
(59,	'39',	NULL,	NULL,	NULL,	'2022-06-18 01:41:58',	'2022-06-18 01:41:58'),
(61,	'41',	'6',	'1',	'600',	'2022-06-18 01:44:04',	'2022-06-18 01:44:04'),
(62,	'41',	'7',	'1',	'100',	'2022-06-18 01:44:04',	'2022-06-18 01:44:04'),
(63,	'42',	NULL,	NULL,	NULL,	'2022-06-18 01:44:59',	'2022-06-18 01:44:59'),
(64,	'18',	'10',	'1',	'100',	'2022-06-18 01:52:42',	'2022-06-18 01:52:42'),
(65,	'18',	'1',	'1',	'600',	'2022-06-18 01:52:42',	'2022-06-18 01:52:42'),
(66,	'18',	'5',	'1',	'300',	'2022-06-18 01:52:42',	'2022-06-18 01:52:42'),
(67,	'43',	'2',	'3',	'300',	'2022-06-18 01:54:24',	'2022-06-18 01:54:24'),
(68,	'44',	NULL,	NULL,	NULL,	'2022-06-18 01:55:29',	'2022-06-18 01:55:29'),
(69,	'45',	NULL,	NULL,	NULL,	'2022-06-18 01:56:07',	'2022-06-18 01:56:07'),
(70,	'46',	NULL,	NULL,	NULL,	'2022-06-18 01:57:02',	'2022-06-18 01:57:02'),
(71,	'47',	'6',	'1',	'600',	'2022-06-18 01:58:02',	'2022-06-18 01:58:02'),
(72,	'47',	'10',	'1',	'100',	'2022-06-18 01:58:02',	'2022-06-18 01:58:02'),
(73,	'48',	NULL,	NULL,	NULL,	'2022-06-18 01:58:46',	'2022-06-18 01:58:46'),
(75,	'50',	NULL,	NULL,	NULL,	'2022-06-18 02:00:15',	'2022-06-18 02:00:15'),
(76,	'49',	'2',	'3',	'300',	'2022-06-18 02:00:23',	'2022-06-18 02:00:23'),
(77,	'51',	NULL,	NULL,	NULL,	'2022-06-18 02:01:21',	'2022-06-18 02:01:21'),
(78,	'52',	'5',	'1',	'300',	'2022-06-18 02:02:22',	'2022-06-18 02:02:22'),
(79,	'53',	NULL,	NULL,	NULL,	'2022-06-18 02:03:26',	'2022-06-18 02:03:26'),
(80,	'54',	NULL,	NULL,	NULL,	'2022-06-18 02:05:29',	'2022-06-18 02:05:29'),
(81,	'55',	NULL,	NULL,	NULL,	'2022-06-18 02:06:30',	'2022-06-18 02:06:30'),
(82,	'56',	NULL,	NULL,	NULL,	'2022-06-18 02:07:11',	'2022-06-18 02:07:11'),
(83,	'57',	NULL,	NULL,	NULL,	'2022-06-18 02:08:06',	'2022-06-18 02:08:06'),
(88,	'60',	'2',	'1',	'100',	'2022-06-18 18:06:11',	'2022-06-18 18:06:11'),
(89,	'60',	'10',	'1',	'100',	'2022-06-18 18:06:11',	'2022-06-18 18:06:11'),
(90,	'60',	'7',	'1',	'100',	'2022-06-18 18:06:11',	'2022-06-18 18:06:11'),
(91,	'61',	NULL,	NULL,	NULL,	'2022-06-18 18:26:13',	'2022-06-18 18:26:13'),
(97,	'29',	'4',	'1',	'200',	'2022-06-18 18:32:32',	'2022-06-18 18:32:32'),
(98,	'29',	'5',	'1',	'300',	'2022-06-18 18:32:32',	'2022-06-18 18:32:32'),
(99,	'29',	'1',	'1',	'600',	'2022-06-18 18:32:32',	'2022-06-18 18:32:32'),
(100,	'29',	'10',	'1',	'100',	'2022-06-18 18:32:32',	'2022-06-18 18:32:32'),
(101,	'29',	'6',	'1',	'600',	'2022-06-18 18:32:32',	'2022-06-18 18:32:32'),
(103,	'62',	'7',	'9',	'900',	'2022-06-18 18:50:59',	'2022-06-18 18:50:59'),
(104,	'62',	'8',	'1',	'600',	'2022-06-18 18:50:59',	'2022-06-18 18:50:59'),
(105,	'62',	'9',	'1',	'500',	'2022-06-18 18:50:59',	'2022-06-18 18:50:59'),
(106,	'62',	'6',	'1',	'600',	'2022-06-18 18:50:59',	'2022-06-18 18:50:59'),
(107,	'63',	'2',	'5',	'500',	'2022-06-18 19:06:49',	'2022-06-18 19:06:49'),
(108,	'64',	'5',	'1',	'300',	'2022-06-19 19:12:14',	'2022-06-19 19:12:14'),
(109,	'65',	'7',	'9',	'900',	'2022-06-19 19:13:21',	'2022-06-19 19:13:21'),
(110,	'65',	'10',	'1',	'100',	'2022-06-19 19:13:21',	'2022-06-19 19:13:21'),
(111,	'66',	'6',	'1',	'600',	'2022-06-19 19:14:40',	'2022-06-19 19:14:40'),
(112,	'66',	'10',	'1',	'100',	'2022-06-19 19:14:40',	'2022-06-19 19:14:40'),
(113,	'66',	'5',	'1',	'300',	'2022-06-19 19:14:40',	'2022-06-19 19:14:40'),
(114,	'67',	NULL,	NULL,	NULL,	'2022-06-19 19:26:46',	'2022-06-19 19:26:46'),
(115,	'68',	NULL,	NULL,	NULL,	'2022-06-21 00:05:10',	'2022-06-21 00:05:10'),
(116,	'69',	'2',	'2',	'200',	'2022-06-21 00:10:03',	'2022-06-21 00:10:03'),
(117,	'70',	'2',	'1',	'100',	'2022-06-21 00:15:44',	'2022-06-21 00:15:44'),
(118,	'71',	'6',	'1',	'600',	'2022-06-21 00:17:26',	'2022-06-21 00:17:26'),
(119,	'71',	'10',	'1',	'100',	'2022-06-21 00:17:26',	'2022-06-21 00:17:26'),
(120,	'71',	'5',	'1',	'300',	'2022-06-21 00:17:26',	'2022-06-21 00:17:26'),
(121,	'72',	'9',	'1',	'500',	'2022-06-21 00:19:37',	'2022-06-21 00:19:37'),
(122,	'72',	'6',	'1',	'600',	'2022-06-21 00:19:37',	'2022-06-21 00:19:37'),
(123,	'72',	'2',	'1',	'100',	'2022-06-21 00:19:37',	'2022-06-21 00:19:37'),
(125,	'74',	NULL,	NULL,	NULL,	'2022-06-21 18:51:39',	'2022-06-21 18:51:39'),
(129,	'76',	NULL,	NULL,	NULL,	'2022-06-23 16:45:40',	'2022-06-23 16:45:40'),
(130,	'77',	'6',	'1',	'600',	'2022-06-23 16:46:48',	'2022-06-23 16:46:48'),
(131,	'77',	'10',	'1',	'100',	'2022-06-23 16:46:48',	'2022-06-23 16:46:48'),
(132,	'77',	'7',	'9',	'900',	'2022-06-23 16:46:48',	'2022-06-23 16:46:48'),
(133,	'78',	'8',	'1',	'600',	'2022-06-23 16:50:37',	'2022-06-23 16:50:37'),
(134,	'79',	NULL,	NULL,	NULL,	'2022-06-23 16:52:35',	'2022-06-23 16:52:35'),
(135,	'79',	NULL,	NULL,	NULL,	'2022-06-24 13:52:56',	'2022-06-24 13:52:56'),
(136,	'81',	NULL,	NULL,	NULL,	'2022-06-24 15:09:26',	'2022-06-24 15:09:26'),
(137,	'81',	NULL,	NULL,	NULL,	'2022-06-24 17:13:16',	'2022-06-24 17:13:16'),
(140,	'83',	NULL,	NULL,	NULL,	'2022-06-25 15:04:00',	'2022-06-25 15:04:00'),
(141,	'83',	NULL,	NULL,	NULL,	'2022-06-25 15:04:48',	'2022-06-25 15:04:48'),
(142,	'83',	NULL,	NULL,	NULL,	'2022-06-26 12:09:20',	'2022-06-26 12:09:20'),
(151,	'88',	'7',	'9',	'900',	'2022-06-26 12:22:18',	'2022-06-26 12:22:18'),
(152,	'88',	'6',	'1',	'600',	'2022-06-26 12:22:18',	'2022-06-26 12:22:18'),
(153,	'87',	'8',	'1',	'600',	'2022-06-26 12:23:49',	'2022-06-26 12:23:49'),
(154,	'87',	'5',	'1',	'300',	'2022-06-26 16:37:39',	'2022-06-26 16:37:39'),
(156,	'89',	'5',	'1',	'300',	'2022-06-26 16:38:05',	'2022-06-26 16:38:05'),
(157,	'87',	NULL,	NULL,	NULL,	'2022-06-26 18:31:47',	'2022-06-26 18:31:47'),
(158,	'91',	NULL,	NULL,	NULL,	'2022-06-27 13:11:45',	'2022-06-27 13:11:45'),
(159,	'91',	'6',	'1',	'600',	'2022-06-27 14:18:29',	'2022-06-27 14:18:29'),
(160,	'91',	'10',	'1',	'100',	'2022-06-27 14:18:29',	'2022-06-27 14:18:29'),
(161,	'91',	'6',	'1',	'600',	'2022-06-27 21:57:39',	'2022-06-27 21:57:39'),
(162,	'91',	NULL,	NULL,	NULL,	'2022-06-27 21:58:55',	'2022-06-27 21:58:55'),
(164,	'93',	'6',	'1',	'600',	'2022-06-27 21:59:46',	'2022-06-27 21:59:46'),
(199,	'105',	'7',	'18',	'1800',	'2022-06-28 15:18:11',	'2022-06-28 15:18:11'),
(200,	'105',	'10',	'1',	'100',	'2022-06-28 15:18:11',	'2022-06-28 15:18:11'),
(201,	'106',	'8',	'1',	'600',	'2022-06-28 15:19:12',	'2022-06-28 15:19:12'),
(202,	'106',	'6',	'1',	'600',	'2022-06-28 15:19:12',	'2022-06-28 15:19:12'),
(203,	'107',	NULL,	NULL,	NULL,	'2022-06-28 15:21:09',	'2022-06-28 15:21:09'),
(204,	'108',	NULL,	NULL,	NULL,	'2022-06-29 15:51:57',	'2022-06-29 15:51:57'),
(205,	'109',	NULL,	NULL,	NULL,	'2022-06-29 15:52:34',	'2022-06-29 15:52:34'),
(206,	'110',	NULL,	NULL,	NULL,	'2022-06-29 15:53:25',	'2022-06-29 15:53:25'),
(207,	'111',	NULL,	NULL,	NULL,	'2022-06-30 14:43:11',	'2022-06-30 14:43:11'),
(208,	'112',	'2',	'1',	'100',	'2022-06-30 17:09:13',	'2022-06-30 17:09:13'),
(209,	'113',	'7',	'9',	'900',	'2022-06-30 17:10:40',	'2022-06-30 17:10:40'),
(210,	'113',	'9',	'1',	'500',	'2022-06-30 17:10:40',	'2022-06-30 17:10:40'),
(211,	'113',	'6',	'1',	'600',	'2022-06-30 17:10:40',	'2022-06-30 17:10:40'),
(218,	'115',	'7',	'6',	'600',	'2022-07-01 15:40:24',	'2022-07-01 15:40:24'),
(219,	'116',	NULL,	NULL,	NULL,	'2022-07-01 16:01:47',	'2022-07-01 16:01:47'),
(220,	'117',	NULL,	NULL,	NULL,	'2022-07-01 16:31:02',	'2022-07-01 16:31:02'),
(221,	'118',	NULL,	NULL,	NULL,	'2022-07-02 18:44:00',	'2022-07-02 18:44:00'),
(222,	'119',	NULL,	NULL,	NULL,	'2022-07-02 18:45:48',	'2022-07-02 18:45:48'),
(223,	'120',	NULL,	NULL,	NULL,	'2022-07-04 22:45:37',	'2022-07-04 22:45:37'),
(224,	'121',	'6',	'1',	'600',	'2022-07-04 22:47:29',	'2022-07-04 22:47:29'),
(225,	'121',	'2',	'2',	'200',	'2022-07-04 22:47:29',	'2022-07-04 22:47:29'),
(226,	'121',	'4',	'1',	'200',	'2022-07-04 22:47:29',	'2022-07-04 22:47:29'),
(227,	'122',	NULL,	NULL,	NULL,	'2022-07-04 22:48:12',	'2022-07-04 22:48:12'),
(228,	'123',	NULL,	NULL,	NULL,	'2022-07-04 22:49:01',	'2022-07-04 22:49:01'),
(231,	'125',	NULL,	NULL,	NULL,	'2022-07-05 21:15:08',	'2022-07-05 21:15:08'),
(235,	'127',	'6',	'1',	'600',	'2022-07-06 17:07:50',	'2022-07-06 17:07:50'),
(236,	'127',	'7',	'9',	'900',	'2022-07-06 17:07:50',	'2022-07-06 17:07:50'),
(237,	'127',	'10',	'1',	'100',	'2022-07-06 17:07:50',	'2022-07-06 17:07:50'),
(238,	'128',	'7',	'3',	'300',	'2022-07-07 12:27:12',	'2022-07-07 12:27:12'),
(239,	'128',	'4',	'1',	'200',	'2022-07-07 12:27:12',	'2022-07-07 12:27:12'),
(240,	'128',	'6',	'1',	'600',	'2022-07-07 12:27:12',	'2022-07-07 12:27:12'),
(241,	'128',	'8',	'1',	'600',	'2022-07-07 12:27:12',	'2022-07-07 12:27:12'),
(244,	'130',	'2',	'3',	'300',	'2022-07-08 13:41:46',	'2022-07-08 13:41:46'),
(245,	'131',	NULL,	NULL,	NULL,	'2022-07-08 13:42:22',	'2022-07-08 13:42:22'),
(246,	'132',	NULL,	NULL,	NULL,	'2022-07-08 13:43:00',	'2022-07-08 13:43:00'),
(247,	'133',	NULL,	NULL,	NULL,	'2022-07-11 12:49:10',	'2022-07-11 12:49:10'),
(248,	'134',	'9',	'1',	'500',	'2022-07-11 12:50:05',	'2022-07-11 12:50:05'),
(249,	'135',	'7',	'9',	'900',	'2022-07-11 12:51:17',	'2022-07-11 12:51:17'),
(251,	'137',	NULL,	NULL,	NULL,	'2022-07-11 12:52:55',	'2022-07-11 12:52:55'),
(252,	'124',	'5',	'1',	'300',	'2022-07-11 12:57:54',	'2022-07-11 12:57:54'),
(253,	'124',	'10',	'1',	'100',	'2022-07-11 12:57:54',	'2022-07-11 12:57:54'),
(254,	'138',	'10',	'1',	'100',	'2022-07-11 12:59:54',	'2022-07-11 12:59:54'),
(255,	'138',	'5',	'1',	'300',	'2022-07-11 12:59:54',	'2022-07-11 12:59:54'),
(256,	'126',	'10',	'1',	'100',	'2022-07-11 13:04:14',	'2022-07-11 13:04:14'),
(257,	'126',	'5',	'1',	'300',	'2022-07-11 13:04:14',	'2022-07-11 13:04:14'),
(258,	'126',	'6',	'1',	'600',	'2022-07-11 13:04:14',	'2022-07-11 13:04:14'),
(262,	'140',	NULL,	NULL,	NULL,	'2022-07-15 13:10:40',	'2022-07-15 13:10:40'),
(263,	'141',	NULL,	NULL,	NULL,	'2022-07-15 13:12:46',	'2022-07-15 13:12:46'),
(264,	'142',	'6',	'1',	'600',	'2022-07-15 13:14:06',	'2022-07-15 13:14:06'),
(265,	'142',	'8',	'1',	'600',	'2022-07-15 13:14:06',	'2022-07-15 13:14:06'),
(266,	'142',	'7',	'3',	'300',	'2022-07-15 13:14:06',	'2022-07-15 13:14:06'),
(267,	'143',	'6',	'1',	'600',	'2022-07-15 13:15:44',	'2022-07-15 13:15:44'),
(268,	'143',	'10',	'1',	'100',	'2022-07-15 13:15:44',	'2022-07-15 13:15:44'),
(269,	'144',	NULL,	NULL,	NULL,	'2022-07-15 13:17:39',	'2022-07-15 13:17:39'),
(270,	'145',	'2',	'1',	'100',	'2022-07-15 13:21:32',	'2022-07-15 13:21:32'),
(271,	'146',	NULL,	NULL,	NULL,	'2022-07-15 13:22:46',	'2022-07-15 13:22:46'),
(272,	'147',	NULL,	NULL,	NULL,	'2022-07-15 13:37:45',	'2022-07-15 13:37:45'),
(275,	'149',	NULL,	NULL,	NULL,	'2022-07-15 18:25:43',	'2022-07-15 18:25:43'),
(278,	'151',	'5',	'1',	'300',	'2022-07-16 13:10:21',	'2022-07-16 13:10:21'),
(279,	'151',	'6',	'1',	'600',	'2022-07-16 13:10:21',	'2022-07-16 13:10:21'),
(280,	'151',	'10',	'1',	'100',	'2022-07-16 13:10:21',	'2022-07-16 13:10:21'),
(281,	'151',	'4',	'1',	'200',	'2022-07-16 13:10:21',	'2022-07-16 13:10:21'),
(282,	'152',	NULL,	NULL,	NULL,	'2022-07-16 13:44:05',	'2022-07-16 13:44:05'),
(286,	'154',	'10',	'1',	'100',	'2022-07-17 13:00:30',	'2022-07-17 13:00:30'),
(287,	'154',	'2',	'9',	'900',	'2022-07-17 13:00:30',	'2022-07-17 13:00:30'),
(288,	'155',	'7',	'1',	'100',	'2022-07-18 11:34:01',	'2022-07-18 11:34:01'),
(289,	'156',	NULL,	NULL,	NULL,	'2022-07-18 11:37:13',	'2022-07-18 11:37:13'),
(290,	'157',	NULL,	NULL,	NULL,	'2022-07-18 11:38:02',	'2022-07-18 11:38:02'),
(292,	'159',	'2',	'5',	'500',	'2022-07-18 15:03:04',	'2022-07-18 15:03:04'),
(293,	'160',	NULL,	NULL,	NULL,	'2022-07-18 15:43:43',	'2022-07-18 15:43:43'),
(294,	'161',	'5',	'1',	'300',	'2022-07-20 14:23:35',	'2022-07-20 14:23:35'),
(295,	'162',	NULL,	NULL,	NULL,	'2022-07-20 14:25:53',	'2022-07-20 14:25:53'),
(297,	'164',	NULL,	NULL,	NULL,	'2022-07-20 14:33:30',	'2022-07-20 14:33:30'),
(298,	'165',	NULL,	NULL,	NULL,	'2022-07-20 14:37:08',	'2022-07-20 14:37:08'),
(299,	'166',	NULL,	NULL,	NULL,	'2022-07-20 18:07:54',	'2022-07-20 18:07:54'),
(300,	'167',	NULL,	NULL,	NULL,	'2022-07-21 18:02:35',	'2022-07-21 18:02:35'),
(304,	'114',	'5',	'4',	'1200',	'2022-07-22 10:21:44',	'2022-07-22 10:21:44'),
(305,	'114',	'6',	'1',	'600',	'2022-07-22 10:21:44',	'2022-07-22 10:21:44'),
(306,	'114',	'10',	'1',	'100',	'2022-07-22 10:21:44',	'2022-07-22 10:21:44'),
(307,	'139',	'10',	'1',	'100',	'2022-07-22 10:22:17',	'2022-07-22 10:22:17'),
(308,	'139',	'5',	'1',	'300',	'2022-07-22 10:22:17',	'2022-07-22 10:22:17'),
(309,	'139',	'6',	'1',	'600',	'2022-07-22 10:22:17',	'2022-07-22 10:22:17'),
(310,	'148',	'7',	'9',	'900',	'2022-07-22 10:22:29',	'2022-07-22 10:22:29'),
(311,	'148',	'10',	'1',	'100',	'2022-07-22 10:22:29',	'2022-07-22 10:22:29'),
(312,	'150',	'10',	'1',	'100',	'2022-07-22 10:22:40',	'2022-07-22 10:22:40'),
(313,	'150',	'7',	'9',	'900',	'2022-07-22 10:22:40',	'2022-07-22 10:22:40'),
(316,	'169',	'10',	'1',	'100',	'2022-07-22 10:27:29',	'2022-07-22 10:27:29'),
(317,	'169',	'5',	'1',	'300',	'2022-07-22 10:27:29',	'2022-07-22 10:27:29'),
(318,	'170',	'2',	'1',	'100',	'2022-07-22 13:14:27',	'2022-07-22 13:14:27'),
(319,	'170',	'7',	'1',	'100',	'2022-07-22 13:14:27',	'2022-07-22 13:14:27'),
(320,	'171',	'6',	'2',	'1200',	'2022-07-24 13:07:44',	'2022-07-24 13:07:44'),
(321,	'171',	'10',	'1',	'100',	'2022-07-24 13:07:44',	'2022-07-24 13:07:44'),
(322,	'171',	'4',	'1',	'200',	'2022-07-24 13:07:44',	'2022-07-24 13:07:44'),
(323,	'171',	'5',	'1',	'300',	'2022-07-24 13:07:44',	'2022-07-24 13:07:44'),
(324,	'172',	NULL,	NULL,	NULL,	'2022-07-24 13:09:41',	'2022-07-24 13:09:41'),
(325,	'173',	NULL,	NULL,	NULL,	'2022-07-24 13:12:00',	'2022-07-24 13:12:00'),
(326,	'174',	NULL,	NULL,	NULL,	'2022-07-24 13:12:59',	'2022-07-24 13:12:59'),
(327,	'175',	NULL,	NULL,	NULL,	'2022-07-24 13:15:52',	'2022-07-24 13:15:52'),
(328,	'176',	NULL,	NULL,	NULL,	'2022-07-24 13:17:44',	'2022-07-24 13:17:44'),
(329,	'177',	'5',	'1',	'300',	'2022-07-24 13:19:42',	'2022-07-24 13:19:42'),
(330,	'177',	'2',	'3',	'300',	'2022-07-24 13:19:42',	'2022-07-24 13:19:42'),
(331,	'178',	NULL,	NULL,	NULL,	'2022-07-24 13:22:29',	'2022-07-24 13:22:29'),
(346,	'179',	'7',	'9',	'900',	'2022-07-25 14:42:09',	'2022-07-25 14:42:09'),
(347,	'179',	'6',	'1',	'600',	'2022-07-25 14:42:09',	'2022-07-25 14:42:09'),
(348,	'179',	'8',	'1',	'600',	'2022-07-25 14:42:09',	'2022-07-25 14:42:09'),
(349,	'179',	'10',	'1',	'100',	'2022-07-25 14:42:09',	'2022-07-25 14:42:09'),
(353,	'183',	'10',	'1',	'100',	'2022-07-26 02:20:26',	'2022-07-26 02:20:26'),
(354,	'183',	'5',	'1',	'300',	'2022-07-26 02:20:26',	'2022-07-26 02:20:26'),
(355,	'183',	'2',	'2',	'200',	'2022-07-26 02:20:26',	'2022-07-26 02:20:26'),
(356,	'184',	NULL,	NULL,	NULL,	'2022-07-26 02:21:20',	'2022-07-26 02:21:20'),
(357,	'185',	NULL,	NULL,	NULL,	'2022-07-26 02:22:19',	'2022-07-26 02:22:19'),
(358,	'186',	'9',	'1',	'500',	'2022-07-26 10:09:56',	'2022-07-26 10:09:56'),
(359,	'186',	'6',	'1',	'600',	'2022-07-26 10:09:56',	'2022-07-26 10:09:56'),
(360,	'180',	'2',	'2',	'200',	'2022-07-26 18:51:02',	'2022-07-26 18:51:02'),
(361,	'187',	NULL,	NULL,	NULL,	'2022-07-29 10:53:04',	'2022-07-29 10:53:04'),
(362,	'188',	NULL,	NULL,	NULL,	'2022-07-29 10:55:57',	'2022-07-29 10:55:57'),
(363,	'189',	NULL,	NULL,	NULL,	'2022-07-29 10:57:40',	'2022-07-29 10:57:40'),
(364,	'190',	'9',	'1',	'500',	'2022-07-29 10:59:27',	'2022-07-29 10:59:27'),
(365,	'191',	'2',	'1',	'100',	'2022-07-29 11:00:31',	'2022-07-29 11:00:31'),
(366,	'192',	NULL,	NULL,	NULL,	'2022-07-31 16:44:21',	'2022-07-31 16:44:21'),
(367,	'193',	NULL,	NULL,	NULL,	'2022-07-31 16:45:27',	'2022-07-31 16:45:27'),
(368,	'194',	NULL,	NULL,	NULL,	'2022-07-31 16:46:16',	'2022-07-31 16:46:16'),
(369,	'195',	'6',	'1',	'600',	'2022-07-31 16:51:44',	'2022-07-31 16:51:44'),
(370,	'195',	'4',	'1',	'200',	'2022-07-31 16:51:44',	'2022-07-31 16:51:44'),
(371,	'195',	'5',	'1',	'300',	'2022-07-31 16:51:44',	'2022-07-31 16:51:44'),
(372,	'196',	'5',	'1',	'300',	'2022-07-31 16:53:17',	'2022-07-31 16:53:17'),
(374,	'198',	NULL,	NULL,	NULL,	'2022-07-31 16:58:07',	'2022-07-31 16:58:07'),
(375,	'199',	'7',	'1',	'100',	'2022-07-31 17:00:13',	'2022-07-31 17:00:13'),
(376,	'200',	NULL,	NULL,	NULL,	'2022-07-31 17:01:00',	'2022-07-31 17:01:00'),
(377,	'201',	NULL,	NULL,	NULL,	'2022-07-31 17:19:14',	'2022-07-31 17:19:14'),
(378,	'202',	NULL,	NULL,	NULL,	'2022-08-01 14:26:03',	'2022-08-01 14:26:03'),
(379,	'203',	NULL,	NULL,	NULL,	'2022-08-01 14:27:39',	'2022-08-01 14:27:39'),
(380,	'204',	'7',	'9',	'900',	'2022-08-01 14:29:01',	'2022-08-01 14:29:01'),
(381,	'204',	'10',	'1',	'100',	'2022-08-01 14:29:01',	'2022-08-01 14:29:01'),
(382,	'204',	'2',	'1',	'100',	'2022-08-01 14:29:01',	'2022-08-01 14:29:01'),
(383,	'205',	NULL,	NULL,	NULL,	'2022-08-01 16:41:06',	'2022-08-01 16:41:06'),
(384,	'206',	NULL,	NULL,	NULL,	'2022-08-03 11:18:11',	'2022-08-03 11:18:11'),
(385,	'207',	NULL,	NULL,	NULL,	'2022-08-03 11:19:27',	'2022-08-03 11:19:27'),
(386,	'208',	NULL,	NULL,	NULL,	'2022-08-03 11:20:58',	'2022-08-03 11:20:58'),
(387,	'209',	NULL,	NULL,	NULL,	'2022-08-03 11:22:16',	'2022-08-03 11:22:16'),
(388,	'210',	'7',	'3',	'300',	'2022-08-03 17:44:43',	'2022-08-03 17:44:43'),
(389,	'210',	'2',	'1',	'100',	'2022-08-03 17:44:43',	'2022-08-03 17:44:43'),
(390,	'211',	NULL,	NULL,	NULL,	'2022-08-03 17:45:48',	'2022-08-03 17:45:48'),
(391,	'212',	'2',	'1',	'100',	'2022-08-05 09:48:02',	'2022-08-05 09:48:02'),
(392,	'213',	'7',	'9',	'900',	'2022-08-05 09:49:23',	'2022-08-05 09:49:23'),
(393,	'213',	'6',	'1',	'600',	'2022-08-05 09:49:23',	'2022-08-05 09:49:23'),
(394,	'213',	'10',	'1',	'100',	'2022-08-05 09:49:23',	'2022-08-05 09:49:23'),
(395,	'214',	'5',	'1',	'300',	'2022-08-05 09:51:26',	'2022-08-05 09:51:26'),
(396,	'215',	NULL,	NULL,	NULL,	'2022-08-05 18:52:41',	'2022-08-05 18:52:41'),
(397,	'216',	'7',	'6',	'600',	'2022-08-05 18:53:47',	'2022-08-05 18:53:47'),
(398,	'216',	'6',	'1',	'600',	'2022-08-05 18:53:47',	'2022-08-05 18:53:47'),
(399,	'217',	NULL,	NULL,	NULL,	'2022-08-05 20:01:27',	'2022-08-05 20:01:27'),
(400,	'218',	NULL,	NULL,	NULL,	'2022-08-05 20:02:00',	'2022-08-05 20:02:00'),
(401,	'219',	NULL,	NULL,	NULL,	'2022-08-07 14:30:37',	'2022-08-07 14:30:37'),
(402,	'220',	'2',	'1',	'100',	'2022-08-07 14:31:28',	'2022-08-07 14:31:28'),
(403,	'220',	'10',	'1',	'100',	'2022-08-07 14:31:28',	'2022-08-07 14:31:28'),
(404,	'220',	'5',	'1',	'300',	'2022-08-07 14:31:28',	'2022-08-07 14:31:28'),
(407,	'222',	'2',	'1',	'100',	'2022-08-08 10:25:23',	'2022-08-08 10:25:23'),
(408,	'222',	'7',	'9',	'900',	'2022-08-08 10:25:23',	'2022-08-08 10:25:23'),
(409,	'222',	'8',	'1',	'600',	'2022-08-08 10:25:23',	'2022-08-08 10:25:23'),
(410,	'222',	'10',	'1',	'100',	'2022-08-08 10:25:23',	'2022-08-08 10:25:23'),
(411,	'223',	NULL,	NULL,	NULL,	'2022-08-08 10:26:02',	'2022-08-08 10:26:02'),
(412,	'224',	NULL,	NULL,	NULL,	'2022-08-08 10:27:36',	'2022-08-08 10:27:36'),
(413,	'225',	'6',	'1',	'600',	'2022-08-08 10:29:45',	'2022-08-08 10:29:45'),
(414,	'225',	'7',	'9',	'900',	'2022-08-08 10:29:45',	'2022-08-08 10:29:45'),
(415,	'226',	NULL,	NULL,	NULL,	'2022-08-08 10:31:10',	'2022-08-08 10:31:10'),
(416,	'227',	'9',	'1',	'500',	'2022-08-08 10:33:07',	'2022-08-08 10:33:07'),
(417,	'227',	'7',	'9',	'900',	'2022-08-08 10:33:07',	'2022-08-08 10:33:07'),
(418,	'227',	'6',	'1',	'600',	'2022-08-08 10:33:07',	'2022-08-08 10:33:07'),
(419,	'227',	'10',	'1',	'100',	'2022-08-08 10:33:07',	'2022-08-08 10:33:07'),
(421,	'221',	'2',	'3',	'300',	'2022-08-08 10:34:33',	'2022-08-08 10:34:33'),
(422,	'228',	NULL,	NULL,	NULL,	'2022-08-09 10:50:42',	'2022-08-09 10:50:42'),
(423,	'229',	NULL,	NULL,	NULL,	'2022-08-09 10:52:06',	'2022-08-09 10:52:06'),
(424,	'230',	NULL,	NULL,	NULL,	'2022-08-09 12:12:00',	'2022-08-09 12:12:00'),
(425,	'231',	NULL,	NULL,	NULL,	'2022-08-10 18:01:38',	'2022-08-10 18:01:38'),
(426,	'232',	NULL,	NULL,	NULL,	'2022-08-10 18:03:02',	'2022-08-10 18:03:02'),
(427,	'233',	'6',	'1',	'600',	'2022-08-10 18:04:31',	'2022-08-10 18:04:31'),
(428,	'234',	NULL,	NULL,	NULL,	'2022-08-10 18:06:07',	'2022-08-10 18:06:07'),
(429,	'235',	'8',	'1',	'600',	'2022-08-10 18:07:23',	'2022-08-10 18:07:23'),
(430,	'235',	'2',	'1',	'100',	'2022-08-10 18:07:23',	'2022-08-10 18:07:23'),
(431,	'236',	'2',	'1',	'100',	'2022-08-10 18:09:10',	'2022-08-10 18:09:10'),
(432,	'236',	'10',	'1',	'100',	'2022-08-10 18:09:10',	'2022-08-10 18:09:10'),
(433,	'236',	'7',	'6',	'600',	'2022-08-10 18:09:10',	'2022-08-10 18:09:10'),
(434,	'237',	NULL,	NULL,	NULL,	'2022-08-11 10:52:37',	'2022-08-11 10:52:37'),
(435,	'238',	NULL,	NULL,	NULL,	'2022-08-12 14:27:10',	'2022-08-12 14:27:10'),
(437,	'240',	NULL,	NULL,	NULL,	'2022-08-14 21:39:25',	'2022-08-14 21:39:25'),
(438,	'241',	NULL,	NULL,	NULL,	'2022-08-14 21:40:31',	'2022-08-14 21:40:31'),
(439,	'242',	NULL,	NULL,	NULL,	'2022-08-14 21:41:21',	'2022-08-14 21:41:21'),
(440,	'243',	NULL,	NULL,	NULL,	'2022-08-14 21:43:47',	'2022-08-14 21:43:47'),
(441,	'244',	NULL,	NULL,	NULL,	'2022-08-14 21:45:56',	'2022-08-14 21:45:56'),
(442,	'245',	'8',	'1',	'600',	'2022-08-14 21:47:24',	'2022-08-14 21:47:24'),
(443,	'245',	'10',	'1',	'100',	'2022-08-14 21:47:24',	'2022-08-14 21:47:24'),
(444,	'246',	'7',	'9',	'900',	'2022-08-14 21:50:25',	'2022-08-14 21:50:25'),
(445,	'246',	'6',	'1',	'600',	'2022-08-14 21:50:25',	'2022-08-14 21:50:25'),
(446,	'246',	'10',	'1',	'100',	'2022-08-14 21:50:25',	'2022-08-14 21:50:25'),
(447,	'247',	NULL,	NULL,	NULL,	'2022-08-14 21:51:19',	'2022-08-14 21:51:19'),
(449,	'249',	NULL,	NULL,	NULL,	'2022-08-14 21:54:37',	'2022-08-14 21:54:37'),
(450,	'250',	NULL,	NULL,	NULL,	'2022-08-14 21:55:16',	'2022-08-14 21:55:16'),
(455,	'251',	'12',	'1',	'1600',	'2022-08-14 22:00:46',	'2022-08-14 22:00:46'),
(456,	'251',	'6',	'1',	'600',	'2022-08-14 22:00:46',	'2022-08-14 22:00:46'),
(457,	'252',	'6',	'1',	'600',	'2022-08-14 22:01:55',	'2022-08-14 22:01:55'),
(458,	'252',	'7',	'9',	'900',	'2022-08-14 22:01:55',	'2022-08-14 22:01:55'),
(459,	'253',	'12',	'1',	'1600',	'2022-08-14 22:03:03',	'2022-08-14 22:03:03'),
(460,	'253',	'5',	'1',	'300',	'2022-08-14 22:03:03',	'2022-08-14 22:03:03'),
(463,	'254',	'6',	'1',	'600',	'2022-08-15 12:37:01',	'2022-08-15 12:37:01'),
(464,	'255',	NULL,	NULL,	NULL,	'2022-08-15 12:39:46',	'2022-08-15 12:39:46'),
(465,	'256',	NULL,	NULL,	NULL,	'2022-08-16 12:14:36',	'2022-08-16 12:14:36'),
(466,	'257',	NULL,	NULL,	NULL,	'2022-08-16 17:04:22',	'2022-08-16 17:04:22'),
(467,	'258',	NULL,	NULL,	NULL,	'2022-08-16 17:05:55',	'2022-08-16 17:05:55'),
(468,	'259',	'2',	'1',	'100',	'2022-08-17 10:18:54',	'2022-08-17 10:18:54'),
(469,	'260',	'10',	'1',	'100',	'2022-08-17 10:19:58',	'2022-08-17 10:19:58'),
(470,	'260',	'2',	'2',	'200',	'2022-08-17 10:19:58',	'2022-08-17 10:19:58'),
(471,	'261',	'10',	'1',	'100',	'2022-08-19 11:49:32',	'2022-08-19 11:49:32'),
(472,	'261',	'2',	'2',	'200',	'2022-08-19 11:49:32',	'2022-08-19 11:49:32'),
(473,	'262',	'8',	'1',	'600',	'2022-08-19 11:52:42',	'2022-08-19 11:52:42'),
(474,	'262',	'10',	'1',	'100',	'2022-08-19 11:52:42',	'2022-08-19 11:52:42'),
(475,	'263',	'11',	'1',	'900',	'2022-08-19 11:53:42',	'2022-08-19 11:53:42'),
(476,	'263',	'10',	'1',	'100',	'2022-08-19 11:53:42',	'2022-08-19 11:53:42'),
(477,	'264',	'7',	'3',	'300',	'2022-08-20 11:17:18',	'2022-08-20 11:17:18'),
(478,	'265',	'9',	'1',	'500',	'2022-08-20 11:19:01',	'2022-08-20 11:19:01'),
(479,	'265',	'7',	'1',	'100',	'2022-08-20 11:19:01',	'2022-08-20 11:19:01'),
(480,	'266',	'6',	'1',	'600',	'2022-08-20 11:20:48',	'2022-08-20 11:20:48'),
(481,	'267',	NULL,	NULL,	NULL,	'2022-08-20 11:22:10',	'2022-08-20 11:22:10'),
(482,	'268',	NULL,	NULL,	NULL,	'2022-08-20 18:21:48',	'2022-08-20 18:21:48'),
(483,	'269',	NULL,	NULL,	NULL,	'2022-08-20 18:29:19',	'2022-08-20 18:29:19'),
(484,	'270',	NULL,	NULL,	NULL,	'2022-08-20 18:30:56',	'2022-08-20 18:30:56'),
(485,	'271',	'11',	'1',	'900',	'2022-08-20 18:33:16',	'2022-08-20 18:33:16'),
(486,	'271',	'4',	'1',	'200',	'2022-08-20 18:33:16',	'2022-08-20 18:33:16'),
(487,	'271',	'10',	'1',	'100',	'2022-08-20 18:33:16',	'2022-08-20 18:33:16'),
(488,	'272',	'7',	'9',	'900',	'2022-08-20 18:36:29',	'2022-08-20 18:36:29'),
(489,	'273',	'2',	'1',	'100',	'2022-08-20 18:39:40',	'2022-08-20 18:39:40'),
(490,	'273',	'10',	'1',	'100',	'2022-08-20 18:39:40',	'2022-08-20 18:39:40'),
(491,	'273',	'5',	'1',	'300',	'2022-08-20 18:39:40',	'2022-08-20 18:39:40'),
(492,	'274',	'7',	'3',	'300',	'2022-08-21 18:08:06',	'2022-08-21 18:08:06'),
(493,	'274',	'11',	'1',	'900',	'2022-08-21 18:08:06',	'2022-08-21 18:08:06'),
(494,	'275',	'7',	'1',	'100',	'2022-08-21 18:14:29',	'2022-08-21 18:14:29'),
(495,	'275',	'10',	'1',	'100',	'2022-08-21 18:14:29',	'2022-08-21 18:14:29'),
(496,	'275',	'2',	'1',	'100',	'2022-08-21 18:14:29',	'2022-08-21 18:14:29'),
(497,	'276',	'2',	'3',	'300',	'2022-08-22 17:07:14',	'2022-08-22 17:07:14'),
(498,	'277',	NULL,	NULL,	NULL,	'2022-08-22 17:25:39',	'2022-08-22 17:25:39'),
(499,	'278',	NULL,	NULL,	NULL,	'2022-08-22 17:27:03',	'2022-08-22 17:27:03'),
(500,	'279',	'8',	'1',	'600',	'2022-08-22 17:28:14',	'2022-08-22 17:28:14'),
(501,	'279',	'6',	'1',	'600',	'2022-08-22 17:28:14',	'2022-08-22 17:28:14'),
(502,	'280',	'7',	'9',	'900',	'2022-08-22 17:29:39',	'2022-08-22 17:29:39'),
(503,	'280',	'4',	'1',	'200',	'2022-08-22 17:29:39',	'2022-08-22 17:29:39'),
(504,	'280',	'6',	'1',	'600',	'2022-08-22 17:29:39',	'2022-08-22 17:29:39'),
(505,	'281',	NULL,	NULL,	NULL,	'2022-08-22 17:32:25',	'2022-08-22 17:32:25'),
(511,	'283',	'6',	'1',	'600',	'2022-08-23 20:34:55',	'2022-08-23 20:34:55'),
(512,	'284',	'2',	'1',	'100',	'2022-08-23 20:37:27',	'2022-08-23 20:37:27'),
(513,	'284',	'10',	'1',	'100',	'2022-08-23 20:37:27',	'2022-08-23 20:37:27'),
(514,	'284',	'4',	'1',	'200',	'2022-08-23 20:37:27',	'2022-08-23 20:37:27'),
(515,	'285',	'3',	'1',	'200',	'2022-08-23 20:39:32',	'2022-08-23 20:39:32'),
(516,	'285',	'2',	'2',	'200',	'2022-08-23 20:39:32',	'2022-08-23 20:39:32'),
(517,	'285',	'10',	'1',	'100',	'2022-08-23 20:39:32',	'2022-08-23 20:39:32'),
(518,	'285',	'8',	'1',	'600',	'2022-08-23 20:39:32',	'2022-08-23 20:39:32'),
(519,	'285',	'7',	'9',	'900',	'2022-08-23 20:39:32',	'2022-08-23 20:39:32'),
(524,	'287',	NULL,	NULL,	NULL,	'2022-08-24 19:32:35',	'2022-08-24 19:32:35'),
(525,	'286',	'7',	'3',	'300',	'2022-08-24 19:33:13',	'2022-08-24 19:33:13'),
(526,	'286',	'2',	'1',	'100',	'2022-08-24 19:33:13',	'2022-08-24 19:33:13'),
(527,	'286',	'10',	'1',	'100',	'2022-08-24 19:33:13',	'2022-08-24 19:33:13'),
(528,	'286',	'9',	'1',	'500',	'2022-08-24 19:33:13',	'2022-08-24 19:33:13'),
(529,	'286',	'8',	'1',	'600',	'2022-08-24 19:33:13',	'2022-08-24 19:33:13'),
(530,	'288',	'2',	'1',	'100',	'2022-08-24 19:35:38',	'2022-08-24 19:35:38'),
(531,	'288',	'10',	'2',	'200',	'2022-08-24 19:35:38',	'2022-08-24 19:35:38'),
(532,	'289',	'10',	'1',	'100',	'2022-08-24 19:41:51',	'2022-08-24 19:41:51'),
(533,	'290',	NULL,	NULL,	NULL,	'2022-08-24 19:43:56',	'2022-08-24 19:43:56'),
(534,	'291',	NULL,	NULL,	NULL,	'2022-08-24 19:44:57',	'2022-08-24 19:44:57'),
(535,	'292',	'7',	'9',	'900',	'2022-08-24 19:48:19',	'2022-08-24 19:48:19'),
(536,	'292',	'4',	'1',	'200',	'2022-08-24 19:48:19',	'2022-08-24 19:48:19'),
(537,	'292',	'6',	'1',	'600',	'2022-08-24 19:48:19',	'2022-08-24 19:48:19'),
(538,	'292',	'10',	'1',	'100',	'2022-08-24 19:48:19',	'2022-08-24 19:48:19'),
(539,	'292',	'8',	'1',	'600',	'2022-08-24 19:48:19',	'2022-08-24 19:48:19'),
(540,	'293',	NULL,	NULL,	NULL,	'2022-08-26 09:56:30',	'2022-08-26 09:56:30'),
(541,	'294',	NULL,	NULL,	NULL,	'2022-08-26 09:59:33',	'2022-08-26 09:59:33'),
(544,	'296',	'10',	'1',	'100',	'2022-08-28 18:41:47',	'2022-08-28 18:41:47'),
(545,	'297',	NULL,	NULL,	NULL,	'2022-08-28 18:45:05',	'2022-08-28 18:45:05'),
(546,	'298',	NULL,	NULL,	NULL,	'2022-08-28 18:47:17',	'2022-08-28 18:47:17'),
(547,	'299',	NULL,	NULL,	NULL,	'2022-08-28 18:49:02',	'2022-08-28 18:49:02'),
(548,	'300',	'10',	'1',	'100',	'2022-08-28 19:56:58',	'2022-08-28 19:56:58'),
(549,	'300',	'5',	'1',	'300',	'2022-08-28 19:56:58',	'2022-08-28 19:56:58'),
(550,	'300',	'6',	'1',	'600',	'2022-08-28 19:56:58',	'2022-08-28 19:56:58'),
(551,	'301',	'10',	'1',	'100',	'2022-08-28 19:58:09',	'2022-08-28 19:58:09'),
(552,	'301',	'2',	'1',	'100',	'2022-08-28 19:58:09',	'2022-08-28 19:58:09'),
(553,	'301',	'5',	'1',	'300',	'2022-08-28 19:58:09',	'2022-08-28 19:58:09'),
(554,	'302',	NULL,	NULL,	NULL,	'2022-08-29 12:55:21',	'2022-08-29 12:55:21'),
(555,	'303',	'2',	'6',	'600',	'2022-08-30 12:20:27',	'2022-08-30 12:20:27'),
(556,	'303',	NULL,	NULL,	NULL,	'2022-08-30 12:20:27',	'2022-08-30 12:20:27'),
(557,	'304',	'7',	'9',	'900',	'2022-08-30 19:34:58',	'2022-08-30 19:34:58'),
(558,	'304',	'6',	'1',	'600',	'2022-08-30 19:34:58',	'2022-08-30 19:34:58'),
(559,	'304',	'10',	'1',	'100',	'2022-08-30 19:34:58',	'2022-08-30 19:34:58'),
(560,	'305',	'2',	'3',	'300',	'2022-08-30 19:36:26',	'2022-08-30 19:36:26'),
(561,	'306',	NULL,	NULL,	NULL,	'2022-08-30 19:38:33',	'2022-08-30 19:38:33'),
(562,	'307',	NULL,	NULL,	NULL,	'2022-08-30 19:39:59',	'2022-08-30 19:39:59'),
(563,	'308',	NULL,	'0',	NULL,	'2022-08-30 19:42:29',	'2022-08-30 19:42:29'),
(564,	'309',	NULL,	NULL,	NULL,	'2022-08-30 19:44:16',	'2022-08-30 19:44:16'),
(565,	'310',	'10',	'1',	'100',	'2022-08-30 19:45:16',	'2022-08-30 19:45:16'),
(566,	'311',	'6',	'1',	'600',	'2022-08-30 19:47:11',	'2022-08-30 19:47:11'),
(567,	'311',	'5',	'2',	'600',	'2022-08-30 19:47:11',	'2022-08-30 19:47:11'),
(568,	'311',	'10',	'2',	'200',	'2022-08-30 19:47:11',	'2022-08-30 19:47:11'),
(571,	'314',	'6',	'1',	'600',	'2022-08-31 20:43:47',	'2022-08-31 20:43:47'),
(572,	'314',	'4',	'1',	'200',	'2022-08-31 20:43:47',	'2022-08-31 20:43:47'),
(573,	'314',	'10',	'1',	'100',	'2022-08-31 20:43:47',	'2022-08-31 20:43:47'),
(574,	'314',	'7',	'9',	'900',	'2022-08-31 20:43:47',	'2022-08-31 20:43:47'),
(575,	'313',	'9',	'1',	'500',	'2022-08-31 20:44:03',	'2022-08-31 20:44:03'),
(576,	'315',	NULL,	NULL,	NULL,	'2022-08-31 20:46:28',	'2022-08-31 20:46:28'),
(577,	'316',	'7',	'9',	'900',	'2022-09-02 12:39:48',	'2022-09-02 12:39:48'),
(578,	'316',	'10',	'3',	'300',	'2022-09-02 12:39:48',	'2022-09-02 12:39:48'),
(579,	'316',	'2',	'3',	'300',	'2022-09-02 12:39:48',	'2022-09-02 12:39:48'),
(580,	'317',	NULL,	NULL,	NULL,	'2022-09-02 12:43:46',	'2022-09-02 12:43:46'),
(581,	'318',	'6',	'1',	'600',	'2022-09-02 15:28:51',	'2022-09-02 15:28:51'),
(582,	'318',	'10',	'1',	'100',	'2022-09-02 15:28:51',	'2022-09-02 15:28:51'),
(583,	'318',	'8',	'1',	'600',	'2022-09-02 15:28:51',	'2022-09-02 15:28:51'),
(584,	'319',	'7',	'1',	'100',	'2022-09-02 15:29:59',	'2022-09-02 15:29:59'),
(585,	'320',	'6',	'1',	'600',	'2022-09-02 15:32:06',	'2022-09-02 15:32:06'),
(586,	'320',	'10',	'1',	'100',	'2022-09-02 15:32:06',	'2022-09-02 15:32:06'),
(589,	'321',	'9',	'1',	'500',	'2022-09-04 10:41:40',	'2022-09-04 10:41:40'),
(590,	'321',	'5',	'1',	'300',	'2022-09-04 10:41:40',	'2022-09-04 10:41:40'),
(591,	'322',	NULL,	NULL,	NULL,	'2022-09-04 10:42:52',	'2022-09-04 10:42:52'),
(592,	'323',	NULL,	NULL,	NULL,	'2022-09-04 10:47:34',	'2022-09-04 10:47:34'),
(593,	'324',	'8',	'1',	'600',	'2022-09-04 10:50:01',	'2022-09-04 10:50:01'),
(594,	'324',	'2',	'1',	'100',	'2022-09-04 10:50:01',	'2022-09-04 10:50:01'),
(595,	'324',	'10',	'1',	'100',	'2022-09-04 10:50:01',	'2022-09-04 10:50:01'),
(599,	'325',	'6',	'1',	'600',	'2022-09-04 10:54:19',	'2022-09-04 10:54:19'),
(600,	'325',	'7',	'3',	'300',	'2022-09-04 10:54:19',	'2022-09-04 10:54:19'),
(601,	'325',	'10',	'1',	'100',	'2022-09-04 10:54:19',	'2022-09-04 10:54:19'),
(602,	'326',	NULL,	NULL,	NULL,	'2022-09-04 10:55:46',	'2022-09-04 10:55:46'),
(603,	'327',	NULL,	NULL,	NULL,	'2022-09-04 10:59:10',	'2022-09-04 10:59:10'),
(604,	'328',	'7',	'3',	'300',	'2022-09-04 19:42:27',	'2022-09-04 19:42:27'),
(605,	'328',	'6',	'1',	'600',	'2022-09-04 19:42:27',	'2022-09-04 19:42:27'),
(606,	'328',	'10',	'1',	'100',	'2022-09-04 19:42:27',	'2022-09-04 19:42:27'),
(610,	'331',	NULL,	NULL,	NULL,	'2022-09-04 19:47:36',	'2022-09-04 19:47:36'),
(611,	'332',	'10',	'1',	'100',	'2022-09-04 19:49:58',	'2022-09-04 19:49:58'),
(612,	'332',	'2',	'1',	'100',	'2022-09-04 19:49:58',	'2022-09-04 19:49:58'),
(613,	'333',	NULL,	NULL,	NULL,	'2022-09-04 19:51:18',	'2022-09-04 19:51:18'),
(614,	'334',	NULL,	NULL,	NULL,	'2022-09-05 17:53:12',	'2022-09-05 17:53:12'),
(615,	'335',	NULL,	NULL,	NULL,	'2022-09-05 17:54:06',	'2022-09-05 17:54:06'),
(616,	'336',	NULL,	NULL,	NULL,	'2022-09-05 17:55:15',	'2022-09-05 17:55:15'),
(617,	'337',	NULL,	NULL,	NULL,	'2022-09-05 17:59:29',	'2022-09-05 17:59:29'),
(618,	'338',	NULL,	NULL,	NULL,	'2022-09-05 18:00:34',	'2022-09-05 18:00:34'),
(619,	'339',	'2',	'2',	'200',	'2022-09-05 18:06:46',	'2022-09-05 18:06:46'),
(620,	'339',	'10',	'2',	'200',	'2022-09-05 18:06:46',	'2022-09-05 18:06:46'),
(621,	'339',	'7',	'3',	'300',	'2022-09-05 18:06:46',	'2022-09-05 18:06:46'),
(622,	'339',	'9',	'1',	'500',	'2022-09-05 18:06:46',	'2022-09-05 18:06:46'),
(623,	'339',	'6',	'1',	'600',	'2022-09-05 18:06:46',	'2022-09-05 18:06:46'),
(624,	'340',	'7',	'6',	'600',	'2022-09-05 18:09:59',	'2022-09-05 18:09:59'),
(625,	'340',	'8',	'1',	'600',	'2022-09-05 18:09:59',	'2022-09-05 18:09:59'),
(626,	'340',	'6',	'1',	'600',	'2022-09-05 18:09:59',	'2022-09-05 18:09:59'),
(627,	'340',	'10',	'1',	'100',	'2022-09-05 18:09:59',	'2022-09-05 18:09:59'),
(628,	'341',	'10',	'1',	'100',	'2022-09-07 15:56:48',	'2022-09-07 15:56:48'),
(629,	'342',	NULL,	NULL,	NULL,	'2022-09-07 15:58:07',	'2022-09-07 15:58:07'),
(630,	'343',	NULL,	NULL,	NULL,	'2022-09-07 16:00:07',	'2022-09-07 16:00:07'),
(631,	'344',	'2',	'2',	'200',	'2022-09-09 17:23:37',	'2022-09-09 17:23:37'),
(632,	'344',	'10',	'1',	'100',	'2022-09-09 17:23:37',	'2022-09-09 17:23:37'),
(633,	'345',	NULL,	NULL,	NULL,	'2022-09-09 17:25:06',	'2022-09-09 17:25:06'),
(634,	'346',	NULL,	NULL,	NULL,	'2022-09-09 17:26:23',	'2022-09-09 17:26:23'),
(635,	'347',	NULL,	NULL,	NULL,	'2022-09-09 17:28:33',	'2022-09-09 17:28:33'),
(636,	'348',	NULL,	NULL,	NULL,	'2022-09-09 17:30:05',	'2022-09-09 17:30:05'),
(638,	'350',	NULL,	NULL,	NULL,	'2022-09-09 17:33:21',	'2022-09-09 17:33:21'),
(639,	'351',	'6',	'1',	'600',	'2022-09-09 17:34:50',	'2022-09-09 17:34:50'),
(640,	'351',	'8',	'1',	'600',	'2022-09-09 17:34:50',	'2022-09-09 17:34:50'),
(641,	'351',	'10',	'1',	'100',	'2022-09-09 17:34:50',	'2022-09-09 17:34:50'),
(642,	'352',	'7',	'9',	'900',	'2022-09-09 17:36:45',	'2022-09-09 17:36:45'),
(643,	'352',	'10',	'1',	'100',	'2022-09-09 17:36:45',	'2022-09-09 17:36:45'),
(644,	'352',	'2',	'2',	'200',	'2022-09-09 17:36:45',	'2022-09-09 17:36:45'),
(645,	'353',	'7',	'1',	'100',	'2022-09-09 17:38:29',	'2022-09-09 17:38:29'),
(646,	'353',	'10',	'1',	'100',	'2022-09-09 17:38:29',	'2022-09-09 17:38:29'),
(647,	'354',	NULL,	NULL,	NULL,	'2022-09-09 17:40:31',	'2022-09-09 17:40:31'),
(648,	'355',	NULL,	NULL,	NULL,	'2022-09-10 14:43:35',	'2022-09-10 14:43:35'),
(649,	'356',	'10',	'2',	'200',	'2022-09-10 14:44:26',	'2022-09-10 14:44:26'),
(650,	'357',	'8',	'1',	'600',	'2022-09-10 14:46:03',	'2022-09-10 14:46:03'),
(651,	'357',	'6',	'1',	'600',	'2022-09-10 14:46:03',	'2022-09-10 14:46:03'),
(652,	'357',	'4',	'1',	'200',	'2022-09-10 14:46:03',	'2022-09-10 14:46:03'),
(653,	'358',	NULL,	NULL,	NULL,	'2022-09-11 21:19:51',	'2022-09-11 21:19:51'),
(654,	'359',	'10',	'7',	'700',	'2022-09-11 21:22:09',	'2022-09-11 21:22:09'),
(655,	'360',	NULL,	NULL,	NULL,	'2022-09-11 21:23:27',	'2022-09-11 21:23:27'),
(656,	'361',	'7',	'9',	'900',	'2022-09-11 21:25:16',	'2022-09-11 21:25:16'),
(657,	'361',	'6',	'1',	'600',	'2022-09-11 21:25:16',	'2022-09-11 21:25:16'),
(658,	'361',	'9',	'1',	'500',	'2022-09-11 21:25:16',	'2022-09-11 21:25:16'),
(659,	'361',	'10',	'2',	'200',	'2022-09-11 21:25:16',	'2022-09-11 21:25:16'),
(660,	'362',	'10',	'1',	'100',	'2022-09-11 21:27:09',	'2022-09-11 21:27:09'),
(661,	'362',	'8',	'1',	'600',	'2022-09-11 21:27:09',	'2022-09-11 21:27:09'),
(662,	'363',	NULL,	NULL,	NULL,	'2022-09-11 21:28:28',	'2022-09-11 21:28:28'),
(663,	'364',	NULL,	NULL,	NULL,	'2022-09-11 21:29:53',	'2022-09-11 21:29:53'),
(664,	'365',	NULL,	NULL,	NULL,	'2022-09-11 21:31:32',	'2022-09-11 21:31:32'),
(665,	'366',	'10',	'1',	'100',	'2022-09-13 16:44:14',	'2022-09-13 16:44:14'),
(666,	'367',	'10',	'2',	'200',	'2022-09-13 16:45:32',	'2022-09-13 16:45:32'),
(667,	'367',	'2',	'2',	'200',	'2022-09-13 16:45:32',	'2022-09-13 16:45:32'),
(669,	'368',	NULL,	NULL,	'0',	'2022-09-14 21:38:55',	'2022-09-14 21:38:55'),
(670,	'369',	NULL,	NULL,	NULL,	'2022-09-14 21:39:38',	'2022-09-14 21:39:38'),
(671,	'370',	NULL,	NULL,	NULL,	'2022-09-14 21:42:02',	'2022-09-14 21:42:02'),
(672,	'371',	NULL,	NULL,	NULL,	'2022-09-14 21:46:45',	'2022-09-14 21:46:45'),
(673,	'372',	NULL,	NULL,	NULL,	'2022-09-14 21:51:45',	'2022-09-14 21:51:45'),
(674,	'373',	NULL,	NULL,	NULL,	'2022-09-14 21:54:49',	'2022-09-14 21:54:49'),
(676,	'349',	NULL,	NULL,	'0',	'2022-09-15 18:18:02',	'2022-09-15 18:18:02'),
(677,	'374',	'10',	'1',	'100',	'2022-09-15 18:19:12',	'2022-09-15 18:19:12'),
(678,	'374',	'2',	'1',	'100',	'2022-09-15 18:19:12',	'2022-09-15 18:19:12'),
(680,	'375',	'5',	'1',	'300',	'2022-09-15 18:27:14',	'2022-09-15 18:27:14'),
(681,	'376',	NULL,	NULL,	NULL,	'2022-09-15 18:28:44',	'2022-09-15 18:28:44'),
(682,	'377',	NULL,	NULL,	NULL,	'2022-09-15 18:29:57',	'2022-09-15 18:29:57'),
(683,	'378',	NULL,	NULL,	NULL,	'2022-09-15 18:32:59',	'2022-09-15 18:32:59'),
(684,	'379',	NULL,	NULL,	NULL,	'2022-09-16 10:35:50',	'2022-09-16 10:35:50'),
(685,	'380',	'2',	'1',	'100',	'2022-09-17 14:45:50',	'2022-09-17 14:45:50'),
(686,	'380',	'10',	'1',	'100',	'2022-09-17 14:45:50',	'2022-09-17 14:45:50'),
(687,	'380',	'5',	'1',	'300',	'2022-09-17 14:45:50',	'2022-09-17 14:45:50'),
(688,	'381',	'4',	'1',	'200',	'2022-09-17 14:50:21',	'2022-09-17 14:50:21'),
(689,	'381',	'6',	'1',	'600',	'2022-09-17 14:50:21',	'2022-09-17 14:50:21'),
(690,	'381',	'10',	'1',	'100',	'2022-09-17 14:50:21',	'2022-09-17 14:50:21'),
(691,	'381',	'9',	'1',	'500',	'2022-09-17 14:50:21',	'2022-09-17 14:50:21'),
(692,	'381',	'8',	'1',	'600',	'2022-09-17 14:50:21',	'2022-09-17 14:50:21'),
(693,	'381',	'7',	'18',	'1800',	'2022-09-17 14:50:21',	'2022-09-17 14:50:21'),
(694,	'382',	'9',	'1',	'500',	'2022-09-17 14:51:59',	'2022-09-17 14:51:59'),
(695,	'382',	'5',	'1',	'300',	'2022-09-17 14:51:59',	'2022-09-17 14:51:59'),
(696,	'383',	NULL,	NULL,	NULL,	'2022-09-17 19:35:36',	'2022-09-17 19:35:36'),
(697,	'384',	NULL,	NULL,	NULL,	'2022-09-17 19:37:34',	'2022-09-17 19:37:34'),
(698,	'385',	'6',	'1',	'600',	'2022-09-17 19:39:09',	'2022-09-17 19:39:09'),
(699,	'385',	'10',	'1',	'100',	'2022-09-17 19:39:09',	'2022-09-17 19:39:09'),
(700,	'385',	'5',	'1',	'300',	'2022-09-17 19:39:09',	'2022-09-17 19:39:09'),
(701,	'385',	'8',	'1',	'600',	'2022-09-17 19:39:09',	'2022-09-17 19:39:09'),
(702,	'385',	'9',	'1',	'500',	'2022-09-17 19:39:09',	'2022-09-17 19:39:09'),
(703,	'386',	'10',	'1',	'100',	'2022-09-18 19:52:14',	'2022-09-18 19:52:14'),
(704,	'386',	'2',	'1',	'100',	'2022-09-18 19:52:14',	'2022-09-18 19:52:14'),
(705,	'387',	'4',	'1',	'200',	'2022-09-18 19:54:03',	'2022-09-18 19:54:03'),
(706,	'387',	'10',	'1',	'100',	'2022-09-18 19:54:03',	'2022-09-18 19:54:03'),
(707,	'387',	'2',	'2',	'200',	'2022-09-18 19:54:03',	'2022-09-18 19:54:03'),
(708,	'387',	'7',	'9',	'900',	'2022-09-18 19:54:03',	'2022-09-18 19:54:03'),
(709,	'387',	'8',	'1',	'600',	'2022-09-18 19:54:03',	'2022-09-18 19:54:03'),
(710,	'387',	'9',	'1',	'500',	'2022-09-18 19:54:03',	'2022-09-18 19:54:03'),
(711,	'388',	'6',	'1',	'600',	'2022-09-18 19:58:07',	'2022-09-18 19:58:07'),
(712,	'388',	'10',	'1',	'100',	'2022-09-18 19:58:07',	'2022-09-18 19:58:07'),
(713,	'388',	'2',	'1',	'100',	'2022-09-18 19:58:07',	'2022-09-18 19:58:07'),
(714,	'389',	NULL,	NULL,	NULL,	'2022-09-18 20:00:17',	'2022-09-18 20:00:17'),
(715,	'390',	NULL,	NULL,	NULL,	'2022-09-18 20:01:43',	'2022-09-18 20:01:43'),
(716,	'391',	'9',	'1',	'500',	'2022-09-18 20:02:44',	'2022-09-18 20:02:44'),
(717,	'391',	'10',	'1',	'100',	'2022-09-18 20:02:44',	'2022-09-18 20:02:44'),
(718,	'392',	NULL,	NULL,	NULL,	'2022-09-18 20:04:10',	'2022-09-18 20:04:10'),
(719,	'393',	'9',	'1',	'500',	'2022-09-19 22:53:54',	'2022-09-19 22:53:54'),
(720,	'394',	NULL,	NULL,	NULL,	'2022-09-20 13:52:37',	'2022-09-20 13:52:37'),
(722,	'396',	NULL,	NULL,	NULL,	'2022-09-21 16:16:26',	'2022-09-21 16:16:26'),
(723,	'397',	NULL,	NULL,	NULL,	'2022-09-21 16:18:26',	'2022-09-21 16:18:26'),
(724,	'398',	NULL,	NULL,	NULL,	'2022-09-21 16:19:59',	'2022-09-21 16:19:59'),
(725,	'399',	NULL,	NULL,	NULL,	'2022-09-21 16:22:02',	'2022-09-21 16:22:02'),
(726,	'400',	NULL,	NULL,	NULL,	'2022-09-21 16:23:27',	'2022-09-21 16:23:27'),
(727,	'401',	NULL,	NULL,	NULL,	'2022-09-21 16:24:41',	'2022-09-21 16:24:41'),
(728,	'402',	'10',	'1',	'100',	'2022-09-21 16:26:52',	'2022-09-21 16:26:52'),
(729,	'402',	'4',	'1',	'200',	'2022-09-21 16:26:52',	'2022-09-21 16:26:52'),
(730,	'402',	'5',	'1',	'300',	'2022-09-21 16:26:52',	'2022-09-21 16:26:52'),
(731,	'403',	'10',	'1',	'100',	'2022-09-21 16:33:49',	'2022-09-21 16:33:49'),
(732,	'403',	'9',	'1',	'500',	'2022-09-21 16:33:49',	'2022-09-21 16:33:49'),
(733,	'403',	'2',	'1',	'100',	'2022-09-21 16:33:49',	'2022-09-21 16:33:49'),
(734,	'404',	NULL,	NULL,	NULL,	'2022-09-21 23:34:42',	'2022-09-21 23:34:42'),
(735,	'405',	NULL,	NULL,	NULL,	'2022-09-21 23:36:16',	'2022-09-21 23:36:16'),
(736,	'406',	NULL,	NULL,	NULL,	'2022-09-22 14:38:06',	'2022-09-22 14:38:06'),
(737,	'407',	'5',	'1',	'300',	'2022-09-23 15:31:16',	'2022-09-23 15:31:16'),
(738,	'407',	'10',	'1',	'100',	'2022-09-23 15:31:16',	'2022-09-23 15:31:16'),
(739,	'408',	NULL,	NULL,	NULL,	'2022-09-23 15:35:21',	'2022-09-23 15:35:21'),
(740,	'409',	'9',	'1',	'500',	'2022-09-23 15:37:54',	'2022-09-23 15:37:54'),
(741,	'410',	NULL,	NULL,	NULL,	'2022-09-23 15:39:21',	'2022-09-23 15:39:21'),
(748,	'412',	NULL,	NULL,	NULL,	'2022-09-23 15:42:54',	'2022-09-23 15:42:54'),
(749,	'413',	'9',	'1',	'500',	'2022-09-23 15:43:51',	'2022-09-23 15:43:51'),
(750,	'413',	'5',	'1',	'300',	'2022-09-23 15:43:51',	'2022-09-23 15:43:51'),
(751,	'411',	'8',	'1',	'600',	'2022-09-23 15:44:31',	'2022-09-23 15:44:31'),
(752,	'411',	'10',	'4',	'400',	'2022-09-23 15:44:31',	'2022-09-23 15:44:31'),
(753,	'411',	'6',	'1',	'600',	'2022-09-23 15:44:31',	'2022-09-23 15:44:31'),
(754,	'411',	'9',	'1',	'500',	'2022-09-23 15:44:31',	'2022-09-23 15:44:31'),
(755,	'411',	'4',	'1',	'200',	'2022-09-23 15:44:31',	'2022-09-23 15:44:31'),
(756,	'411',	'5',	'1',	'300',	'2022-09-23 15:44:31',	'2022-09-23 15:44:31'),
(757,	'414',	NULL,	NULL,	NULL,	'2022-09-25 12:34:23',	'2022-09-25 12:34:23'),
(758,	'415',	NULL,	NULL,	NULL,	'2022-09-25 12:36:30',	'2022-09-25 12:36:30'),
(759,	'416',	NULL,	NULL,	NULL,	'2022-09-25 12:38:04',	'2022-09-25 12:38:04'),
(760,	'417',	NULL,	NULL,	NULL,	'2022-09-25 12:41:21',	'2022-09-25 12:41:21'),
(761,	'418',	'10',	'2',	'200',	'2022-09-25 12:46:07',	'2022-09-25 12:46:07'),
(762,	'418',	'2',	'5',	'500',	'2022-09-25 12:46:07',	'2022-09-25 12:46:07'),
(763,	'418',	'7',	'3',	'300',	'2022-09-25 12:46:07',	'2022-09-25 12:46:07'),
(764,	'419',	'9',	'1',	'500',	'2022-09-25 12:48:52',	'2022-09-25 12:48:52'),
(765,	'420',	'9',	'1',	'500',	'2022-09-25 12:51:27',	'2022-09-25 12:51:27'),
(766,	'420',	'6',	'1',	'600',	'2022-09-25 12:51:27',	'2022-09-25 12:51:27'),
(767,	'421',	'9',	'1',	'500',	'2022-09-25 12:53:59',	'2022-09-25 12:53:59'),
(768,	'421',	'5',	'1',	'300',	'2022-09-25 12:53:59',	'2022-09-25 12:53:59'),
(769,	'421',	'6',	'1',	'600',	'2022-09-25 12:53:59',	'2022-09-25 12:53:59'),
(770,	'421',	'4',	'1',	'200',	'2022-09-25 12:53:59',	'2022-09-25 12:53:59'),
(771,	'421',	'2',	'1',	'100',	'2022-09-25 12:53:59',	'2022-09-25 12:53:59'),
(772,	'421',	'10',	'1',	'100',	'2022-09-25 12:53:59',	'2022-09-25 12:53:59'),
(773,	'422',	'9',	'1',	'500',	'2022-09-25 15:23:42',	'2022-09-25 15:23:42'),
(774,	'422',	'10',	'1',	'100',	'2022-09-25 15:23:42',	'2022-09-25 15:23:42'),
(775,	'422',	'6',	'1',	'600',	'2022-09-25 15:23:42',	'2022-09-25 15:23:42'),
(776,	'423',	'7',	'1',	'100',	'2022-09-25 15:25:10',	'2022-09-25 15:25:10'),
(777,	'423',	'10',	'1',	'100',	'2022-09-25 15:25:10',	'2022-09-25 15:25:10'),
(778,	'423',	'9',	'1',	'500',	'2022-09-25 15:25:10',	'2022-09-25 15:25:10'),
(779,	'423',	'4',	'1',	'200',	'2022-09-25 15:25:10',	'2022-09-25 15:25:10'),
(780,	'423',	'2',	'1',	'100',	'2022-09-25 15:25:10',	'2022-09-25 15:25:10'),
(781,	'424',	NULL,	NULL,	NULL,	'2022-09-28 11:40:10',	'2022-09-28 11:40:10'),
(782,	'425',	NULL,	NULL,	NULL,	'2022-09-28 11:45:09',	'2022-09-28 11:45:09'),
(783,	'426',	NULL,	NULL,	NULL,	'2022-09-28 11:46:17',	'2022-09-28 11:46:17'),
(784,	'427',	'6',	'1',	'600',	'2022-09-28 11:48:25',	'2022-09-28 11:48:25'),
(785,	'427',	'5',	'1',	'300',	'2022-09-28 11:48:25',	'2022-09-28 11:48:25'),
(786,	'427',	'9',	'1',	'500',	'2022-09-28 11:48:25',	'2022-09-28 11:48:25'),
(787,	'427',	'8',	'1',	'600',	'2022-09-28 11:48:25',	'2022-09-28 11:48:25'),
(788,	'428',	NULL,	NULL,	NULL,	'2022-09-28 11:50:21',	'2022-09-28 11:50:21'),
(789,	'429',	'6',	'1',	'600',	'2022-09-28 11:55:06',	'2022-09-28 11:55:06'),
(790,	'429',	'9',	'1',	'500',	'2022-09-28 11:55:06',	'2022-09-28 11:55:06'),
(791,	'429',	'10',	'1',	'100',	'2022-09-28 11:55:06',	'2022-09-28 11:55:06'),
(792,	'430',	NULL,	NULL,	NULL,	'2022-09-28 12:00:04',	'2022-09-28 12:00:04'),
(794,	'432',	NULL,	NULL,	NULL,	'2022-09-28 12:08:36',	'2022-09-28 12:08:36'),
(795,	'433',	NULL,	NULL,	NULL,	'2022-09-28 12:10:21',	'2022-09-28 12:10:21'),
(796,	'431',	NULL,	NULL,	'0',	'2022-09-28 12:51:40',	'2022-09-28 12:51:40'),
(797,	'434',	'9',	'1',	'500',	'2022-10-01 18:18:36',	'2022-10-01 18:18:36'),
(798,	'434',	'7',	'3',	'300',	'2022-10-01 18:18:36',	'2022-10-01 18:18:36'),
(799,	'435',	NULL,	NULL,	NULL,	'2022-10-01 18:20:15',	'2022-10-01 18:20:15'),
(800,	'436',	NULL,	NULL,	NULL,	'2022-10-01 18:22:20',	'2022-10-01 18:22:20'),
(801,	'437',	NULL,	NULL,	NULL,	'2022-10-01 18:23:47',	'2022-10-01 18:23:47'),
(803,	'439',	'2',	'4',	'400',	'2022-10-01 18:27:40',	'2022-10-01 18:27:40'),
(804,	'439',	'10',	'1',	'100',	'2022-10-01 18:27:40',	'2022-10-01 18:27:40'),
(805,	'440',	'9',	'1',	'500',	'2022-10-01 18:29:17',	'2022-10-01 18:29:17'),
(806,	'440',	'6',	'1',	'600',	'2022-10-01 18:29:17',	'2022-10-01 18:29:17'),
(807,	'440',	'10',	'2',	'200',	'2022-10-01 18:29:17',	'2022-10-01 18:29:17'),
(808,	'440',	'5',	'1',	'300',	'2022-10-01 18:29:17',	'2022-10-01 18:29:17'),
(809,	'441',	NULL,	NULL,	NULL,	'2022-10-01 18:30:38',	'2022-10-01 18:30:38'),
(810,	'442',	NULL,	NULL,	NULL,	'2022-10-01 18:32:42',	'2022-10-01 18:32:42'),
(811,	'443',	NULL,	NULL,	NULL,	'2022-10-01 18:34:11',	'2022-10-01 18:34:11'),
(812,	'444',	NULL,	NULL,	NULL,	'2022-10-01 18:34:42',	'2022-10-01 18:34:42'),
(813,	'445',	'9',	'1',	'500',	'2022-10-01 18:36:29',	'2022-10-01 18:36:29'),
(814,	'446',	'10',	'1',	'100',	'2022-10-01 18:39:04',	'2022-10-01 18:39:04'),
(815,	'446',	'5',	'1',	'300',	'2022-10-01 18:39:04',	'2022-10-01 18:39:04'),
(816,	'447',	'10',	'1',	'100',	'2022-10-01 18:40:39',	'2022-10-01 18:40:39'),
(817,	'447',	'6',	'1',	'600',	'2022-10-01 18:40:39',	'2022-10-01 18:40:39'),
(818,	'447',	'5',	'1',	'300',	'2022-10-01 18:40:39',	'2022-10-01 18:40:39'),
(819,	'448',	'9',	'1',	'500',	'2022-10-01 18:53:12',	'2022-10-01 18:53:12'),
(820,	'448',	'7',	'1',	'100',	'2022-10-01 18:53:12',	'2022-10-01 18:53:12'),
(821,	'448',	'6',	'1',	'600',	'2022-10-01 18:53:12',	'2022-10-01 18:53:12'),
(822,	'448',	'4',	'1',	'200',	'2022-10-01 18:53:12',	'2022-10-01 18:53:12'),
(823,	'448',	'10',	'2',	'200',	'2022-10-01 18:53:12',	'2022-10-01 18:53:12'),
(824,	'449',	NULL,	NULL,	NULL,	'2022-10-02 21:07:12',	'2022-10-02 21:07:12'),
(825,	'450',	'9',	'1',	'500',	'2022-10-02 21:09:51',	'2022-10-02 21:09:51'),
(826,	'450',	'7',	'3',	'300',	'2022-10-02 21:09:51',	'2022-10-02 21:09:51'),
(827,	'450',	'10',	'1',	'100',	'2022-10-02 21:09:51',	'2022-10-02 21:09:51'),
(828,	'451',	NULL,	NULL,	NULL,	'2022-10-02 21:11:57',	'2022-10-02 21:11:57'),
(829,	'452',	NULL,	NULL,	NULL,	'2022-10-02 21:13:36',	'2022-10-02 21:13:36'),
(830,	'453',	'9',	'1',	'500',	'2022-10-02 21:16:07',	'2022-10-02 21:16:07'),
(831,	'454',	'10',	'1',	'100',	'2022-10-02 21:18:39',	'2022-10-02 21:18:39'),
(832,	'454',	'2',	'1',	'100',	'2022-10-02 21:18:39',	'2022-10-02 21:18:39'),
(833,	'455',	NULL,	NULL,	NULL,	'2022-10-02 21:19:50',	'2022-10-02 21:19:50'),
(834,	'456',	NULL,	NULL,	NULL,	'2022-10-02 21:22:08',	'2022-10-02 21:22:08'),
(835,	'457',	NULL,	NULL,	NULL,	'2022-10-02 21:24:55',	'2022-10-02 21:24:55'),
(836,	'458',	'10',	'1',	'100',	'2022-10-02 21:26:02',	'2022-10-02 21:26:02'),
(837,	'458',	'7',	'3',	'300',	'2022-10-02 21:26:02',	'2022-10-02 21:26:02'),
(838,	'458',	'2',	'1',	'100',	'2022-10-02 21:26:02',	'2022-10-02 21:26:02'),
(839,	'438',	'2',	'2',	'200',	'2022-10-09 15:29:34',	'2022-10-09 15:29:34'),
(840,	'459',	NULL,	NULL,	NULL,	'2022-10-09 15:32:34',	'2022-10-09 15:32:34'),
(841,	'460',	'7',	'36',	'3600',	'2022-10-09 15:39:40',	'2022-10-09 15:39:40'),
(842,	'460',	'9',	'1',	'500',	'2022-10-09 15:39:40',	'2022-10-09 15:39:40'),
(843,	'460',	'2',	'1',	'100',	'2022-10-09 15:39:40',	'2022-10-09 15:39:40'),
(844,	'460',	'6',	'1',	'600',	'2022-10-09 15:39:40',	'2022-10-09 15:39:40'),
(845,	'460',	'10',	'2',	'200',	'2022-10-09 15:39:40',	'2022-10-09 15:39:40'),
(846,	'461',	NULL,	NULL,	NULL,	'2022-10-09 15:40:31',	'2022-10-09 15:40:31'),
(847,	'462',	'2',	'1',	'100',	'2022-10-09 15:42:12',	'2022-10-09 15:42:12'),
(848,	'463',	NULL,	NULL,	NULL,	'2022-10-09 15:43:47',	'2022-10-09 15:43:47'),
(860,	'464',	'10',	'4',	'400',	'2022-10-09 15:50:11',	'2022-10-09 15:50:11'),
(861,	'464',	'2',	'1',	'100',	'2022-10-09 15:50:11',	'2022-10-09 15:50:11'),
(862,	'464',	'6',	'1',	'600',	'2022-10-09 15:50:11',	'2022-10-09 15:50:11'),
(863,	'464',	'4',	'1',	'200',	'2022-10-09 15:50:11',	'2022-10-09 15:50:11'),
(864,	'464',	'8',	'1',	'600',	'2022-10-09 15:50:11',	'2022-10-09 15:50:11'),
(865,	'464',	'13',	'1',	'1800',	'2022-10-09 15:50:11',	'2022-10-09 15:50:11'),
(866,	'465',	NULL,	NULL,	NULL,	'2022-10-09 15:51:36',	'2022-10-09 15:51:36'),
(867,	'466',	NULL,	NULL,	NULL,	'2022-10-09 15:52:15',	'2022-10-09 15:52:15'),
(868,	'467',	NULL,	NULL,	NULL,	'2022-10-09 15:53:57',	'2022-10-09 15:53:57'),
(869,	'468',	NULL,	NULL,	NULL,	'2022-10-09 15:55:41',	'2022-10-09 15:55:41'),
(870,	'469',	NULL,	NULL,	NULL,	'2022-10-09 15:57:18',	'2022-10-09 15:57:18'),
(871,	'470',	'6',	'1',	'600',	'2022-10-09 16:00:33',	'2022-10-09 16:00:33'),
(872,	'470',	'8',	'1',	'600',	'2022-10-09 16:00:33',	'2022-10-09 16:00:33'),
(873,	'470',	'10',	'1',	'100',	'2022-10-09 16:00:33',	'2022-10-09 16:00:33'),
(874,	'471',	NULL,	NULL,	NULL,	'2022-10-09 16:02:18',	'2022-10-09 16:02:18'),
(875,	'472',	NULL,	NULL,	NULL,	'2022-10-09 16:05:26',	'2022-10-09 16:05:26'),
(876,	'473',	'4',	'1',	'200',	'2022-10-09 16:06:30',	'2022-10-09 16:06:30'),
(877,	'473',	'2',	'1',	'100',	'2022-10-09 16:06:30',	'2022-10-09 16:06:30'),
(878,	'474',	'10',	'1',	'100',	'2022-10-09 16:08:00',	'2022-10-09 16:08:00'),
(879,	'475',	NULL,	NULL,	NULL,	'2022-10-09 16:09:19',	'2022-10-09 16:09:19'),
(880,	'476',	NULL,	NULL,	NULL,	'2022-10-09 16:10:53',	'2022-10-09 16:10:53'),
(881,	'477',	NULL,	NULL,	NULL,	'2022-10-09 16:13:02',	'2022-10-09 16:13:02'),
(882,	'478',	'5',	'1',	'300',	'2022-10-09 16:14:13',	'2022-10-09 16:14:13'),
(883,	'479',	NULL,	NULL,	NULL,	'2022-10-09 16:17:21',	'2022-10-09 16:17:21'),
(884,	'480',	NULL,	NULL,	NULL,	'2022-10-09 16:18:47',	'2022-10-09 16:18:47'),
(885,	'481',	NULL,	NULL,	NULL,	'2022-10-10 20:37:42',	'2022-10-10 20:37:42'),
(886,	'482',	NULL,	NULL,	NULL,	'2022-10-10 20:39:53',	'2022-10-10 20:39:53'),
(887,	'483',	NULL,	NULL,	NULL,	'2022-10-10 20:40:33',	'2022-10-10 20:40:33'),
(888,	'484',	NULL,	NULL,	NULL,	'2022-10-10 20:41:24',	'2022-10-10 20:41:24'),
(889,	'485',	'6',	'1',	'600',	'2022-10-10 20:42:34',	'2022-10-10 20:42:34'),
(890,	'485',	'10',	'1',	'100',	'2022-10-10 20:42:34',	'2022-10-10 20:42:34'),
(891,	'486',	'5',	'2',	'600',	'2022-10-10 20:43:43',	'2022-10-10 20:43:43'),
(892,	'486',	'10',	'1',	'100',	'2022-10-10 20:43:43',	'2022-10-10 20:43:43'),
(893,	'487',	NULL,	NULL,	NULL,	'2022-10-10 20:45:20',	'2022-10-10 20:45:20'),
(894,	'488',	'10',	'1',	'100',	'2022-10-10 20:49:08',	'2022-10-10 20:49:08'),
(895,	'488',	'2',	'1',	'100',	'2022-10-10 20:49:08',	'2022-10-10 20:49:08'),
(897,	'490',	NULL,	NULL,	NULL,	'2022-10-10 20:51:13',	'2022-10-10 20:51:13'),
(898,	'489',	'10',	'1',	'100',	'2022-10-10 20:51:37',	'2022-10-10 20:51:37'),
(899,	'491',	NULL,	NULL,	NULL,	'2022-10-10 20:54:58',	'2022-10-10 20:54:58'),
(900,	'492',	NULL,	NULL,	NULL,	'2022-10-10 20:56:07',	'2022-10-10 20:56:07'),
(901,	'493',	'7',	'9',	'900',	'2022-10-11 19:49:00',	'2022-10-11 19:49:00'),
(902,	'493',	'2',	'1',	'100',	'2022-10-11 19:49:00',	'2022-10-11 19:49:00'),
(903,	'493',	'5',	'1',	'300',	'2022-10-11 19:49:00',	'2022-10-11 19:49:00'),
(904,	'493',	'4',	'1',	'200',	'2022-10-11 19:49:00',	'2022-10-11 19:49:00'),
(905,	'494',	'6',	'1',	'600',	'2022-10-11 19:49:58',	'2022-10-11 19:49:58'),
(906,	'494',	'10',	'1',	'100',	'2022-10-11 19:49:58',	'2022-10-11 19:49:58'),
(907,	'495',	NULL,	NULL,	NULL,	'2022-10-11 19:51:34',	'2022-10-11 19:51:34'),
(908,	'496',	NULL,	NULL,	NULL,	'2022-10-11 19:52:19',	'2022-10-11 19:52:19'),
(909,	'497',	'9',	'1',	'500',	'2022-10-11 19:53:01',	'2022-10-11 19:53:01'),
(910,	'498',	NULL,	NULL,	NULL,	'2022-10-11 19:53:44',	'2022-10-11 19:53:44'),
(911,	'499',	'10',	'1',	'100',	'2022-10-13 21:44:18',	'2022-10-13 21:44:18'),
(912,	'499',	'2',	'1',	'100',	'2022-10-13 21:44:18',	'2022-10-13 21:44:18'),
(913,	'500',	'2',	'1',	'100',	'2022-10-13 21:45:10',	'2022-10-13 21:45:10'),
(914,	'500',	'10',	'1',	'100',	'2022-10-13 21:45:10',	'2022-10-13 21:45:10'),
(915,	'501',	'10',	'1',	'100',	'2022-10-13 21:46:30',	'2022-10-13 21:46:30'),
(916,	'501',	'5',	'1',	'300',	'2022-10-13 21:46:30',	'2022-10-13 21:46:30'),
(917,	'502',	NULL,	NULL,	NULL,	'2022-10-13 21:50:40',	'2022-10-13 21:50:40'),
(918,	'503',	'10',	'1',	'100',	'2022-10-13 21:52:43',	'2022-10-13 21:52:43'),
(919,	'503',	'8',	'1',	'600',	'2022-10-13 21:52:43',	'2022-10-13 21:52:43'),
(920,	'503',	'5',	'1',	'300',	'2022-10-13 21:52:43',	'2022-10-13 21:52:43'),
(921,	'503',	'9',	'1',	'500',	'2022-10-13 21:52:43',	'2022-10-13 21:52:43'),
(922,	'503',	'6',	'1',	'600',	'2022-10-13 21:52:43',	'2022-10-13 21:52:43'),
(923,	'504',	'9',	'1',	'500',	'2022-10-13 21:54:27',	'2022-10-13 21:54:27'),
(924,	'504',	'5',	'1',	'300',	'2022-10-13 21:54:27',	'2022-10-13 21:54:27'),
(925,	'505',	'2',	'1',	'100',	'2022-10-13 21:56:02',	'2022-10-13 21:56:02'),
(926,	'505',	'10',	'1',	'100',	'2022-10-13 21:56:02',	'2022-10-13 21:56:02'),
(927,	'505',	'5',	'1',	'300',	'2022-10-13 21:56:02',	'2022-10-13 21:56:02'),
(928,	'506',	NULL,	NULL,	NULL,	'2022-10-13 21:58:09',	'2022-10-13 21:58:09'),
(929,	'507',	NULL,	NULL,	NULL,	'2022-10-14 18:08:17',	'2022-10-14 18:08:17'),
(930,	'508',	NULL,	NULL,	NULL,	'2022-10-14 18:09:37',	'2022-10-14 18:09:37'),
(931,	'509',	'10',	'1',	'100',	'2022-10-15 17:13:02',	'2022-10-15 17:13:02'),
(932,	'509',	'5',	'1',	'300',	'2022-10-15 17:13:02',	'2022-10-15 17:13:02'),
(933,	'510',	'10',	'1',	'100',	'2022-10-15 17:17:22',	'2022-10-15 17:17:22'),
(934,	'510',	'5',	'1',	'300',	'2022-10-15 17:17:22',	'2022-10-15 17:17:22'),
(935,	'510',	'2',	'1',	'100',	'2022-10-15 17:17:22',	'2022-10-15 17:17:22'),
(936,	'511',	'2',	'2',	'200',	'2022-10-15 17:19:21',	'2022-10-15 17:19:21'),
(937,	'512',	NULL,	NULL,	NULL,	'2022-10-15 17:22:02',	'2022-10-15 17:22:02'),
(938,	'513',	NULL,	NULL,	NULL,	'2022-10-15 17:23:44',	'2022-10-15 17:23:44'),
(939,	'514',	'9',	'1',	'500',	'2022-10-15 17:28:45',	'2022-10-15 17:28:45'),
(940,	'514',	'6',	'1',	'600',	'2022-10-15 17:28:45',	'2022-10-15 17:28:45'),
(941,	'514',	'10',	'1',	'100',	'2022-10-15 17:28:45',	'2022-10-15 17:28:45'),
(942,	'515',	'6',	'1',	'600',	'2022-10-15 17:31:56',	'2022-10-15 17:31:56'),
(943,	'515',	'10',	'1',	'100',	'2022-10-15 17:31:56',	'2022-10-15 17:31:56'),
(944,	'516',	'9',	'1',	'500',	'2022-10-15 17:34:33',	'2022-10-15 17:34:33'),
(945,	'516',	'10',	'1',	'100',	'2022-10-15 17:34:33',	'2022-10-15 17:34:33'),
(946,	'517',	'6',	'1',	'600',	'2022-10-15 17:38:16',	'2022-10-15 17:38:16'),
(947,	'517',	'5',	'1',	'300',	'2022-10-15 17:38:16',	'2022-10-15 17:38:16'),
(948,	'517',	'10',	'1',	'100',	'2022-10-15 17:38:16',	'2022-10-15 17:38:16'),
(949,	'518',	'10',	'1',	'100',	'2022-10-15 17:41:04',	'2022-10-15 17:41:04'),
(950,	'518',	'2',	'1',	'100',	'2022-10-15 17:41:04',	'2022-10-15 17:41:04'),
(951,	'518',	'5',	'1',	'300',	'2022-10-15 17:41:04',	'2022-10-15 17:41:04'),
(952,	'518',	'4',	'1',	'200',	'2022-10-15 17:41:04',	'2022-10-15 17:41:04'),
(953,	'518',	'6',	'1',	'600',	'2022-10-15 17:41:04',	'2022-10-15 17:41:04'),
(954,	'519',	NULL,	NULL,	NULL,	'2022-10-15 17:43:43',	'2022-10-15 17:43:43'),
(955,	'520',	NULL,	NULL,	NULL,	'2022-10-15 17:44:37',	'2022-10-15 17:44:37'),
(956,	'521',	NULL,	NULL,	NULL,	'2022-10-17 10:54:04',	'2022-10-17 10:54:04'),
(957,	'522',	'10',	'1',	'100',	'2022-10-17 10:56:10',	'2022-10-17 10:56:10'),
(958,	'522',	'6',	'1',	'600',	'2022-10-17 10:56:10',	'2022-10-17 10:56:10'),
(959,	'523',	'5',	'1',	'300',	'2022-10-17 10:58:04',	'2022-10-17 10:58:04'),
(960,	'523',	'10',	'1',	'100',	'2022-10-17 10:58:04',	'2022-10-17 10:58:04'),
(961,	'523',	'2',	'1',	'100',	'2022-10-17 10:58:04',	'2022-10-17 10:58:04'),
(962,	'524',	'9',	'1',	'500',	'2022-10-17 10:59:02',	'2022-10-17 10:59:02'),
(963,	'525',	NULL,	NULL,	NULL,	'2022-10-18 11:04:31',	'2022-10-18 11:04:31'),
(964,	'526',	NULL,	NULL,	NULL,	'2022-10-18 11:06:05',	'2022-10-18 11:06:05'),
(965,	'527',	NULL,	NULL,	NULL,	'2022-10-18 11:06:44',	'2022-10-18 11:06:44'),
(966,	'528',	NULL,	NULL,	NULL,	'2022-10-19 10:16:24',	'2022-10-19 10:16:24'),
(968,	'529',	NULL,	NULL,	'0',	'2022-10-19 10:18:08',	'2022-10-19 10:18:08'),
(969,	'530',	NULL,	NULL,	NULL,	'2022-10-19 10:20:14',	'2022-10-19 10:20:14'),
(970,	'531',	NULL,	NULL,	NULL,	'2022-10-20 12:02:08',	'2022-10-20 12:02:08'),
(971,	'532',	NULL,	NULL,	NULL,	'2022-10-20 12:03:49',	'2022-10-20 12:03:49'),
(972,	'533',	NULL,	NULL,	NULL,	'2022-10-20 12:06:25',	'2022-10-20 12:06:25'),
(973,	'534',	NULL,	NULL,	NULL,	'2022-10-20 12:07:39',	'2022-10-20 12:07:39'),
(974,	'535',	NULL,	NULL,	NULL,	'2022-10-21 20:21:44',	'2022-10-21 20:21:44'),
(975,	'536',	'10',	'1',	'100',	'2022-10-21 20:23:49',	'2022-10-21 20:23:49'),
(976,	'536',	'2',	'1',	'100',	'2022-10-21 20:23:49',	'2022-10-21 20:23:49'),
(977,	'537',	'10',	'1',	'100',	'2022-10-21 20:24:51',	'2022-10-21 20:24:51'),
(978,	'537',	'6',	'1',	'600',	'2022-10-21 20:24:51',	'2022-10-21 20:24:51'),
(979,	'538',	'9',	'1',	'500',	'2022-10-21 20:26:00',	'2022-10-21 20:26:00'),
(980,	'538',	'10',	'1',	'100',	'2022-10-21 20:26:00',	'2022-10-21 20:26:00'),
(981,	'539',	'10',	'1',	'100',	'2022-10-21 20:27:19',	'2022-10-21 20:27:19'),
(982,	'539',	'2',	'1',	'100',	'2022-10-21 20:27:19',	'2022-10-21 20:27:19'),
(983,	'539',	'5',	'1',	'300',	'2022-10-21 20:27:19',	'2022-10-21 20:27:19'),
(984,	'540',	'5',	'1',	'300',	'2022-10-21 20:42:34',	'2022-10-21 20:42:34'),
(985,	'540',	'10',	'1',	'100',	'2022-10-21 20:42:34',	'2022-10-21 20:42:34'),
(986,	'541',	'10',	'5',	'500',	'2022-10-21 20:43:42',	'2022-10-21 20:43:42'),
(987,	'541',	'6',	'1',	'600',	'2022-10-21 20:43:42',	'2022-10-21 20:43:42'),
(988,	'541',	'9',	'1',	'500',	'2022-10-21 20:43:42',	'2022-10-21 20:43:42'),
(989,	'542',	NULL,	NULL,	NULL,	'2022-10-21 20:44:40',	'2022-10-21 20:44:40'),
(990,	'543',	'6',	'1',	'600',	'2022-10-22 20:38:02',	'2022-10-22 20:38:02'),
(991,	'543',	'10',	'1',	'100',	'2022-10-22 20:38:02',	'2022-10-22 20:38:02'),
(992,	'543',	'5',	'1',	'300',	'2022-10-22 20:38:02',	'2022-10-22 20:38:02'),
(993,	'544',	NULL,	NULL,	NULL,	'2022-10-23 11:28:12',	'2022-10-23 11:28:12'),
(994,	'545',	'5',	'1',	'300',	'2022-10-23 11:29:44',	'2022-10-23 11:29:44'),
(995,	'546',	'5',	'1',	'300',	'2022-10-23 11:32:00',	'2022-10-23 11:32:00'),
(996,	'546',	'6',	'1',	'600',	'2022-10-23 11:32:00',	'2022-10-23 11:32:00'),
(997,	'547',	'9',	'1',	'500',	'2022-10-23 11:33:27',	'2022-10-23 11:33:27'),
(998,	'548',	NULL,	NULL,	NULL,	'2022-10-23 11:34:06',	'2022-10-23 11:34:06'),
(999,	'549',	NULL,	NULL,	NULL,	'2022-10-23 17:30:59',	'2022-10-23 17:30:59'),
(1000,	'550',	'10',	'1',	'100',	'2022-10-23 17:32:14',	'2022-10-23 17:32:14'),
(1001,	'551',	'8',	'1',	'600',	'2022-10-23 17:35:26',	'2022-10-23 17:35:26'),
(1002,	'551',	'2',	'1',	'100',	'2022-10-23 17:35:26',	'2022-10-23 17:35:26'),
(1003,	'551',	'7',	'1',	'100',	'2022-10-23 17:35:26',	'2022-10-23 17:35:26'),
(1004,	'551',	'4',	'1',	'200',	'2022-10-23 17:35:26',	'2022-10-23 17:35:26'),
(1005,	'552',	'10',	'1',	'100',	'2022-10-23 17:36:39',	'2022-10-23 17:36:39'),
(1006,	'552',	'5',	'1',	'300',	'2022-10-23 17:36:39',	'2022-10-23 17:36:39'),
(1007,	'553',	NULL,	NULL,	NULL,	'2022-10-23 17:38:24',	'2022-10-23 17:38:24'),
(1008,	'554',	'6',	'1',	'600',	'2022-10-23 17:39:53',	'2022-10-23 17:39:53'),
(1009,	'554',	'5',	'3',	'900',	'2022-10-23 17:39:53',	'2022-10-23 17:39:53'),
(1010,	'554',	'10',	'3',	'300',	'2022-10-23 17:39:53',	'2022-10-23 17:39:53'),
(1011,	'554',	'7',	'5',	'500',	'2022-10-23 17:39:53',	'2022-10-23 17:39:53'),
(1012,	'555',	NULL,	NULL,	NULL,	'2022-10-25 22:07:18',	'2022-10-25 22:07:18'),
(1013,	'556',	'10',	'1',	'100',	'2022-10-25 22:09:49',	'2022-10-25 22:09:49'),
(1014,	'556',	'6',	'1',	'600',	'2022-10-25 22:09:49',	'2022-10-25 22:09:49'),
(1015,	'557',	'9',	'1',	'500',	'2022-10-25 22:11:16',	'2022-10-25 22:11:16'),
(1016,	'557',	'10',	'1',	'100',	'2022-10-25 22:11:16',	'2022-10-25 22:11:16'),
(1017,	'557',	'6',	'1',	'600',	'2022-10-25 22:11:16',	'2022-10-25 22:11:16'),
(1018,	'557',	'5',	'1',	'300',	'2022-10-25 22:11:16',	'2022-10-25 22:11:16'),
(1019,	'558',	NULL,	NULL,	NULL,	'2022-10-25 22:48:06',	'2022-10-25 22:48:06'),
(1020,	'559',	NULL,	NULL,	NULL,	'2022-10-25 22:48:51',	'2022-10-25 22:48:51'),
(1021,	'560',	NULL,	NULL,	NULL,	'2022-10-25 22:50:29',	'2022-10-25 22:50:29'),
(1022,	'561',	NULL,	NULL,	NULL,	'2022-10-25 22:52:47',	'2022-10-25 22:52:47'),
(1023,	'562',	'9',	'1',	'500',	'2022-10-25 22:55:11',	'2022-10-25 22:55:11'),
(1024,	'562',	'2',	'1',	'100',	'2022-10-25 22:55:11',	'2022-10-25 22:55:11'),
(1025,	'563',	NULL,	NULL,	NULL,	'2022-10-25 22:56:40',	'2022-10-25 22:56:40'),
(1026,	'564',	'5',	'1',	'300',	'2022-10-25 22:58:31',	'2022-10-25 22:58:31'),
(1027,	'564',	'10',	'1',	'100',	'2022-10-25 22:58:31',	'2022-10-25 22:58:31'),
(1028,	'564',	'2',	'1',	'100',	'2022-10-25 22:58:31',	'2022-10-25 22:58:31'),
(1029,	'565',	NULL,	NULL,	NULL,	'2022-10-25 22:59:39',	'2022-10-25 22:59:39'),
(1030,	'566',	NULL,	NULL,	NULL,	'2022-10-25 23:01:34',	'2022-10-25 23:01:34'),
(1031,	'567',	NULL,	NULL,	NULL,	'2022-10-27 13:03:35',	'2022-10-27 13:03:35'),
(1032,	'568',	NULL,	NULL,	NULL,	'2022-10-27 13:04:37',	'2022-10-27 13:04:37'),
(1033,	'569',	NULL,	NULL,	NULL,	'2022-10-27 13:05:38',	'2022-10-27 13:05:38'),
(1034,	'570',	NULL,	NULL,	NULL,	'2022-10-27 13:06:44',	'2022-10-27 13:06:44'),
(1035,	'571',	'2',	'1',	'100',	'2022-10-27 13:08:52',	'2022-10-27 13:08:52'),
(1036,	'571',	'10',	'1',	'100',	'2022-10-27 13:08:52',	'2022-10-27 13:08:52'),
(1037,	'571',	'5',	'1',	'300',	'2022-10-27 13:08:52',	'2022-10-27 13:08:52'),
(1038,	'572',	NULL,	NULL,	NULL,	'2022-10-27 16:32:31',	'2022-10-27 16:32:31'),
(1039,	'573',	'10',	'1',	'100',	'2022-10-27 16:33:34',	'2022-10-27 16:33:34'),
(1040,	'573',	'5',	'1',	'300',	'2022-10-27 16:33:34',	'2022-10-27 16:33:34'),
(1041,	'574',	'6',	'1',	'600',	'2022-10-27 16:35:02',	'2022-10-27 16:35:02'),
(1042,	'574',	'10',	'1',	'100',	'2022-10-27 16:35:02',	'2022-10-27 16:35:02'),
(1044,	'575',	NULL,	NULL,	'0',	'2022-10-29 20:32:28',	'2022-10-29 20:32:28'),
(1045,	'576',	'6',	'1',	'600',	'2022-10-29 20:34:44',	'2022-10-29 20:34:44'),
(1046,	'576',	'5',	'1',	'300',	'2022-10-29 20:34:44',	'2022-10-29 20:34:44'),
(1047,	'576',	'10',	'1',	'100',	'2022-10-29 20:34:44',	'2022-10-29 20:34:44'),
(1048,	'576',	'4',	'1',	'200',	'2022-10-29 20:34:44',	'2022-10-29 20:34:44'),
(1049,	'576',	'7',	'1',	'100',	'2022-10-29 20:34:44',	'2022-10-29 20:34:44'),
(1051,	'577',	NULL,	NULL,	'0',	'2022-10-29 20:36:07',	'2022-10-29 20:36:07'),
(1052,	'578',	NULL,	NULL,	NULL,	'2022-10-29 20:37:37',	'2022-10-29 20:37:37'),
(1053,	'579',	NULL,	NULL,	NULL,	'2022-10-29 20:38:23',	'2022-10-29 20:38:23'),
(1054,	'580',	NULL,	NULL,	NULL,	'2022-10-29 20:40:14',	'2022-10-29 20:40:14'),
(1055,	'581',	'7',	'1',	'100',	'2022-10-30 17:11:38',	'2022-10-30 17:11:38'),
(1056,	'582',	'10',	'1',	'100',	'2022-10-30 17:12:30',	'2022-10-30 17:12:30'),
(1057,	'582',	'6',	'1',	'600',	'2022-10-30 17:12:30',	'2022-10-30 17:12:30'),
(1058,	'582',	'5',	'1',	'300',	'2022-10-30 17:12:30',	'2022-10-30 17:12:30'),
(1059,	'583',	'2',	'1',	'100',	'2022-10-30 17:13:48',	'2022-10-30 17:13:48'),
(1060,	'583',	'10',	'1',	'100',	'2022-10-30 17:13:48',	'2022-10-30 17:13:48'),
(1061,	'583',	'5',	'1',	'300',	'2022-10-30 17:13:48',	'2022-10-30 17:13:48'),
(1062,	'584',	'6',	'1',	'600',	'2022-11-02 13:14:46',	'2022-11-02 13:14:46'),
(1063,	'585',	NULL,	NULL,	NULL,	'2022-11-02 13:17:03',	'2022-11-02 13:17:03'),
(1064,	'586',	NULL,	NULL,	NULL,	'2022-11-02 13:18:25',	'2022-11-02 13:18:25'),
(1065,	'587',	'2',	'1',	'100',	'2022-11-02 13:20:15',	'2022-11-02 13:20:15'),
(1066,	'587',	'10',	'1',	'100',	'2022-11-02 13:20:15',	'2022-11-02 13:20:15'),
(1067,	'588',	NULL,	NULL,	NULL,	'2022-11-02 13:23:01',	'2022-11-02 13:23:01'),
(1068,	'589',	NULL,	NULL,	NULL,	'2022-11-02 13:23:41',	'2022-11-02 13:23:41'),
(1069,	'590',	NULL,	NULL,	NULL,	'2022-11-02 13:27:11',	'2022-11-02 13:27:11'),
(1070,	'591',	'6',	'1',	'600',	'2022-11-02 13:28:10',	'2022-11-02 13:28:10'),
(1071,	'591',	'10',	'1',	'100',	'2022-11-02 13:28:10',	'2022-11-02 13:28:10'),
(1072,	'591',	'5',	'1',	'300',	'2022-11-02 13:28:10',	'2022-11-02 13:28:10'),
(1073,	'592',	NULL,	NULL,	NULL,	'2022-11-04 14:10:30',	'2022-11-04 14:10:30'),
(1074,	'593',	NULL,	NULL,	NULL,	'2022-11-04 14:11:54',	'2022-11-04 14:11:54'),
(1075,	'594',	NULL,	NULL,	NULL,	'2022-11-04 14:12:21',	'2022-11-04 14:12:21'),
(1076,	'595',	'10',	'1',	'100',	'2022-11-04 14:14:32',	'2022-11-04 14:14:32'),
(1077,	'595',	'9',	'1',	'500',	'2022-11-04 14:14:32',	'2022-11-04 14:14:32'),
(1078,	'595',	'6',	'1',	'600',	'2022-11-04 14:14:32',	'2022-11-04 14:14:32'),
(1079,	'595',	'5',	'1',	'300',	'2022-11-04 14:14:32',	'2022-11-04 14:14:32'),
(1080,	'596',	NULL,	NULL,	NULL,	'2022-11-04 14:19:08',	'2022-11-04 14:19:08'),
(1081,	'597',	NULL,	NULL,	NULL,	'2022-11-04 14:21:07',	'2022-11-04 14:21:07'),
(1082,	'598',	NULL,	NULL,	NULL,	'2022-11-04 14:22:14',	'2022-11-04 14:22:14'),
(1084,	'600',	'9',	'1',	'500',	'2022-11-04 14:24:59',	'2022-11-04 14:24:59'),
(1085,	'600',	'10',	'1',	'100',	'2022-11-04 14:24:59',	'2022-11-04 14:24:59'),
(1086,	'600',	'6',	'1',	'600',	'2022-11-04 14:24:59',	'2022-11-04 14:24:59'),
(1087,	'600',	'5',	'1',	'300',	'2022-11-04 14:24:59',	'2022-11-04 14:24:59'),
(1088,	'600',	'2',	'3',	'300',	'2022-11-04 14:24:59',	'2022-11-04 14:24:59'),
(1089,	'600',	'4',	'1',	'200',	'2022-11-04 14:24:59',	'2022-11-04 14:24:59'),
(1090,	'599',	NULL,	NULL,	'0',	'2022-11-04 14:25:49',	'2022-11-04 14:25:49'),
(1091,	'601',	'5',	'1',	'300',	'2022-11-06 17:46:21',	'2022-11-06 17:46:21'),
(1092,	'601',	'10',	'1',	'100',	'2022-11-06 17:46:21',	'2022-11-06 17:46:21'),
(1093,	'601',	'2',	'1',	'100',	'2022-11-06 17:46:21',	'2022-11-06 17:46:21'),
(1095,	'602',	'2',	'1',	'100',	'2022-11-06 17:48:35',	'2022-11-06 17:48:35'),
(1096,	'602',	'10',	'1',	'100',	'2022-11-06 17:48:35',	'2022-11-06 17:48:35'),
(1097,	'602',	'5',	'1',	'300',	'2022-11-06 17:48:35',	'2022-11-06 17:48:35'),
(1100,	'604',	NULL,	NULL,	'0',	'2022-11-06 17:53:28',	'2022-11-06 17:53:28'),
(1101,	'603',	NULL,	NULL,	'0',	'2022-11-06 17:53:41',	'2022-11-06 17:53:41'),
(1102,	'605',	NULL,	NULL,	NULL,	'2022-11-06 17:55:08',	'2022-11-06 17:55:08'),
(1103,	'606',	'2',	'1',	'100',	'2022-11-06 17:56:02',	'2022-11-06 17:56:02'),
(1104,	'607',	'9',	'1',	'500',	'2022-11-06 18:03:52',	'2022-11-06 18:03:52'),
(1105,	'607',	'6',	'1',	'600',	'2022-11-06 18:03:52',	'2022-11-06 18:03:52'),
(1106,	'607',	'10',	'1',	'100',	'2022-11-06 18:03:52',	'2022-11-06 18:03:52'),
(1107,	'608',	'2',	'1',	'100',	'2022-11-06 18:04:56',	'2022-11-06 18:04:56'),
(1108,	'608',	'10',	'1',	'100',	'2022-11-06 18:04:56',	'2022-11-06 18:04:56'),
(1109,	'608',	'5',	'1',	'300',	'2022-11-06 18:04:56',	'2022-11-06 18:04:56'),
(1110,	'609',	'7',	'9',	'900',	'2022-11-06 18:07:51',	'2022-11-06 18:07:51'),
(1111,	'609',	'9',	'1',	'500',	'2022-11-06 18:07:51',	'2022-11-06 18:07:51'),
(1112,	'609',	'10',	'1',	'100',	'2022-11-06 18:07:51',	'2022-11-06 18:07:51'),
(1113,	'609',	'6',	'1',	'600',	'2022-11-06 18:07:51',	'2022-11-06 18:07:51'),
(1114,	'610',	'6',	'1',	'600',	'2022-11-06 18:09:49',	'2022-11-06 18:09:49'),
(1115,	'610',	'7',	'3',	'300',	'2022-11-06 18:09:49',	'2022-11-06 18:09:49'),
(1116,	'610',	'10',	'1',	'100',	'2022-11-06 18:09:49',	'2022-11-06 18:09:49'),
(1117,	'611',	NULL,	NULL,	NULL,	'2022-11-06 18:11:19',	'2022-11-06 18:11:19'),
(1118,	'612',	NULL,	NULL,	NULL,	'2022-11-06 18:13:52',	'2022-11-06 18:13:52'),
(1119,	'613',	NULL,	NULL,	NULL,	'2022-11-06 18:17:38',	'2022-11-06 18:17:38'),
(1120,	'614',	'9',	'1',	'500',	'2022-11-06 18:19:50',	'2022-11-06 18:19:50'),
(1121,	'614',	'5',	'1',	'300',	'2022-11-06 18:19:50',	'2022-11-06 18:19:50'),
(1122,	'614',	'4',	'1',	'200',	'2022-11-06 18:19:50',	'2022-11-06 18:19:50'),
(1123,	'615',	NULL,	NULL,	NULL,	'2022-11-06 18:23:17',	'2022-11-06 18:23:17'),
(1124,	'616',	NULL,	NULL,	NULL,	'2022-11-06 18:24:59',	'2022-11-06 18:24:59'),
(1125,	'617',	'2',	'1',	'100',	'2022-11-08 20:06:38',	'2022-11-08 20:06:38'),
(1126,	'618',	'7',	'9',	'900',	'2022-11-08 20:09:15',	'2022-11-08 20:09:15'),
(1127,	'618',	'10',	'1',	'100',	'2022-11-08 20:09:15',	'2022-11-08 20:09:15'),
(1128,	'619',	'7',	'9',	'900',	'2022-11-08 20:10:24',	'2022-11-08 20:10:24'),
(1129,	'619',	'10',	'1',	'100',	'2022-11-08 20:10:24',	'2022-11-08 20:10:24'),
(1130,	'620',	NULL,	NULL,	NULL,	'2022-11-08 20:19:50',	'2022-11-08 20:19:50'),
(1131,	'621',	NULL,	NULL,	NULL,	'2022-11-08 20:21:29',	'2022-11-08 20:21:29'),
(1133,	'623',	NULL,	NULL,	NULL,	'2022-11-08 20:23:51',	'2022-11-08 20:23:51'),
(1134,	'622',	NULL,	NULL,	'0',	'2022-11-08 20:24:05',	'2022-11-08 20:24:05'),
(1136,	'625',	NULL,	NULL,	NULL,	'2022-12-04 22:16:08',	'2022-12-04 22:16:08'),
(1138,	'626',	NULL,	NULL,	'0',	'2022-12-04 22:18:39',	'2022-12-04 22:18:39'),
(1139,	'627',	NULL,	NULL,	NULL,	'2022-12-04 22:30:04',	'2022-12-04 22:30:04'),
(1140,	'628',	NULL,	NULL,	NULL,	'2022-12-04 22:31:21',	'2022-12-04 22:31:21'),
(1143,	'630',	'2',	'3',	'300',	'2022-12-07 23:26:52',	'2022-12-07 23:26:52'),
(1144,	'629',	'2',	'3',	'300',	'2022-12-07 23:26:59',	'2022-12-07 23:26:59'),
(1145,	'631',	'2',	'3',	'300',	'2022-12-07 23:29:00',	'2022-12-07 23:29:00'),
(1146,	'632',	NULL,	NULL,	NULL,	'2022-12-07 23:30:33',	'2022-12-07 23:30:33'),
(1147,	'633',	'2',	'5',	'500',	'2022-12-07 23:33:06',	'2022-12-07 23:33:06'),
(1148,	'634',	NULL,	NULL,	NULL,	'2022-12-07 23:37:28',	'2022-12-07 23:37:28'),
(1149,	'635',	NULL,	NULL,	NULL,	'2022-12-08 14:44:19',	'2022-12-08 14:44:19'),
(1150,	'624',	NULL,	NULL,	'0',	'2022-12-08 14:49:13',	'2022-12-08 14:49:13'),
(1152,	'637',	NULL,	NULL,	NULL,	'2022-12-10 17:50:02',	'2022-12-10 17:50:02'),
(1153,	'638',	'10',	'1',	'100',	'2022-12-10 18:26:45',	'2022-12-10 18:26:45'),
(1154,	'638',	'5',	'1',	'300',	'2022-12-10 18:26:45',	'2022-12-10 18:26:45'),
(1155,	'639',	'3',	'1',	'200',	'2022-12-10 18:40:32',	'2022-12-10 18:40:32'),
(1156,	'639',	'7',	'9',	'900',	'2022-12-10 18:40:32',	'2022-12-10 18:40:32'),
(1157,	'639',	'9',	'1',	'500',	'2022-12-10 18:40:32',	'2022-12-10 18:40:32'),
(1158,	'639',	'6',	'1',	'600',	'2022-12-10 18:40:32',	'2022-12-10 18:40:32'),
(1159,	'639',	'4',	'1',	'200',	'2022-12-10 18:40:32',	'2022-12-10 18:40:32'),
(1160,	'639',	'5',	'1',	'300',	'2022-12-10 18:40:32',	'2022-12-10 18:40:32'),
(1161,	'640',	NULL,	NULL,	NULL,	'2022-12-11 01:06:00',	'2022-12-11 01:06:00'),
(1162,	'641',	'9',	'1',	'500',	'2022-12-12 00:42:29',	'2022-12-12 00:42:29'),
(1163,	'642',	NULL,	NULL,	NULL,	'2022-12-12 16:11:04',	'2022-12-12 16:11:04'),
(1164,	'643',	NULL,	NULL,	NULL,	'2022-12-12 16:15:02',	'2022-12-12 16:15:02'),
(1168,	'644',	'10',	'1',	'100',	'2022-12-13 14:42:54',	'2022-12-13 14:42:54'),
(1169,	'644',	'6',	'1',	'600',	'2022-12-13 14:42:54',	'2022-12-13 14:42:54'),
(1170,	'644',	'5',	'1',	'300',	'2022-12-13 14:42:54',	'2022-12-13 14:42:54'),
(1171,	'645',	NULL,	NULL,	NULL,	'2022-12-13 14:47:28',	'2022-12-13 14:47:28'),
(1172,	'646',	NULL,	NULL,	NULL,	'2022-12-13 14:51:13',	'2022-12-13 14:51:13'),
(1185,	'648',	'6',	'1',	'600',	'2022-12-14 15:43:30',	'2022-12-14 15:43:30'),
(1186,	'648',	'9',	'1',	'500',	'2022-12-14 15:43:30',	'2022-12-14 15:43:30'),
(1187,	'648',	'10',	'1',	'100',	'2022-12-14 15:43:30',	'2022-12-14 15:43:30'),
(1188,	'648',	'7',	'9',	'900',	'2022-12-14 15:43:30',	'2022-12-14 15:43:30'),
(1191,	'649',	'2',	'1',	'100',	'2022-12-15 14:49:54',	'2022-12-15 14:49:54'),
(1196,	'650',	'6',	'1',	'600',	'2022-12-15 14:59:55',	'2022-12-15 14:59:55'),
(1197,	'650',	'5',	'1',	'300',	'2022-12-15 14:59:55',	'2022-12-15 14:59:55'),
(1198,	'650',	'9',	'1',	'500',	'2022-12-15 14:59:55',	'2022-12-15 14:59:55'),
(1199,	'650',	'10',	'1',	'100',	'2022-12-15 14:59:55',	'2022-12-15 14:59:55'),
(1233,	'662',	'9',	'1',	'500',	'2022-12-15 16:15:10',	'2022-12-15 16:15:10'),
(1234,	'662',	'6',	'1',	'600',	'2022-12-15 16:15:10',	'2022-12-15 16:15:10'),
(1235,	'662',	'4',	'1',	'200',	'2022-12-15 16:15:10',	'2022-12-15 16:15:10'),
(1236,	'662',	'7',	'9',	'900',	'2022-12-15 16:15:10',	'2022-12-15 16:15:10'),
(1238,	'651',	NULL,	NULL,	'0',	'2022-12-15 16:23:22',	'2022-12-15 16:23:22'),
(1239,	'636',	'6',	'1',	'600',	'2022-12-16 17:59:58',	'2022-12-16 17:59:58'),
(1240,	'636',	'5',	'1',	'300',	'2022-12-16 17:59:58',	'2022-12-16 17:59:58'),
(1241,	'636',	'9',	'1',	'500',	'2022-12-16 17:59:58',	'2022-12-16 17:59:58'),
(1250,	'647',	'10',	'1',	'100',	'2022-12-16 18:01:49',	'2022-12-16 18:01:49'),
(1251,	'647',	'2',	'1',	'100',	'2022-12-16 18:01:49',	'2022-12-16 18:01:49'),
(1252,	'647',	'9',	'1',	'500',	'2022-12-16 18:01:49',	'2022-12-16 18:01:49'),
(1253,	'647',	'7',	'9',	'900',	'2022-12-16 18:01:49',	'2022-12-16 18:01:49'),
(1254,	'663',	NULL,	NULL,	NULL,	'2022-12-16 18:04:03',	'2022-12-16 18:04:03'),
(1255,	'664',	NULL,	NULL,	NULL,	'2022-12-17 10:50:54',	'2022-12-17 10:50:54'),
(1256,	'665',	'9',	'1',	'500',	'2022-12-17 17:56:15',	'2022-12-17 17:56:15'),
(1257,	'666',	NULL,	NULL,	NULL,	'2022-12-20 12:36:26',	'2022-12-20 12:36:26'),
(1258,	'667',	NULL,	NULL,	NULL,	'2022-12-20 12:37:07',	'2022-12-20 12:37:07'),
(1259,	'668',	'2',	'3',	'300',	'2022-12-20 12:37:53',	'2022-12-20 12:37:53'),
(1260,	'669',	'5',	'1',	'300',	'2022-12-20 12:38:33',	'2022-12-20 12:38:33'),
(1261,	'669',	'4',	'1',	'200',	'2022-12-20 12:38:33',	'2022-12-20 12:38:33'),
(1262,	'670',	'2',	'3',	'300',	'2022-12-20 12:39:43',	'2022-12-20 12:39:43'),
(1263,	'670',	'7',	'9',	'900',	'2022-12-20 12:39:43',	'2022-12-20 12:39:43'),
(1264,	'671',	NULL,	NULL,	NULL,	'2022-12-20 13:38:21',	'2022-12-20 13:38:21'),
(1265,	'672',	NULL,	NULL,	NULL,	'2022-12-20 13:43:34',	'2022-12-20 13:43:34'),
(1266,	'673',	'2',	'1',	'100',	'2022-12-20 13:47:18',	'2022-12-20 13:47:18'),
(1267,	'674',	'9',	'1',	'500',	'2022-12-21 18:04:52',	'2022-12-21 18:04:52'),
(1268,	'674',	'10',	'1',	'100',	'2022-12-21 18:04:52',	'2022-12-21 18:04:52'),
(1269,	'674',	'8',	'1',	'600',	'2022-12-21 18:04:52',	'2022-12-21 18:04:52'),
(1270,	'675',	'6',	'1',	'600',	'2022-12-21 18:09:19',	'2022-12-21 18:09:19'),
(1271,	'675',	'2',	'1',	'100',	'2022-12-21 18:09:19',	'2022-12-21 18:09:19'),
(1272,	'675',	'9',	'1',	'500',	'2022-12-21 18:09:19',	'2022-12-21 18:09:19'),
(1273,	'675',	'7',	'3',	'300',	'2022-12-21 18:09:19',	'2022-12-21 18:09:19'),
(1274,	'675',	'10',	'1',	'100',	'2022-12-21 18:09:19',	'2022-12-21 18:09:19'),
(1275,	'676',	'6',	'1',	'600',	'2022-12-21 23:11:15',	'2022-12-21 23:11:15'),
(1276,	'676',	'5',	'1',	'300',	'2022-12-21 23:11:15',	'2022-12-21 23:11:15'),
(1277,	'677',	NULL,	NULL,	NULL,	'2022-12-22 16:33:05',	'2022-12-22 16:33:05'),
(1278,	'678',	NULL,	NULL,	NULL,	'2022-12-22 16:33:48',	'2022-12-22 16:33:48'),
(1279,	'679',	NULL,	NULL,	NULL,	'2022-12-22 16:35:19',	'2022-12-22 16:35:19'),
(1281,	'680',	NULL,	NULL,	'0',	'2022-12-22 23:45:57',	'2022-12-22 23:45:57'),
(1282,	'681',	NULL,	NULL,	NULL,	'2022-12-22 23:47:02',	'2022-12-22 23:47:02'),
(1283,	'682',	NULL,	NULL,	NULL,	'2022-12-22 23:47:44',	'2022-12-22 23:47:44'),
(1284,	'683',	NULL,	NULL,	NULL,	'2022-12-23 21:43:25',	'2022-12-23 21:43:25'),
(1285,	'684',	NULL,	NULL,	NULL,	'2022-12-23 21:47:49',	'2022-12-23 21:47:49'),
(1286,	'685',	'6',	'1',	'600',	'2022-12-24 16:30:27',	'2022-12-24 16:30:27'),
(1287,	'685',	'10',	'1',	'100',	'2022-12-24 16:30:27',	'2022-12-24 16:30:27'),
(1288,	'686',	'4',	'1',	'200',	'2022-12-24 16:38:57',	'2022-12-24 16:38:57'),
(1289,	'686',	'5',	'1',	'300',	'2022-12-24 16:38:57',	'2022-12-24 16:38:57'),
(1290,	'686',	'6',	'1',	'600',	'2022-12-24 16:38:57',	'2022-12-24 16:38:57'),
(1291,	'686',	'9',	'1',	'500',	'2022-12-24 16:38:57',	'2022-12-24 16:38:57'),
(1292,	'687',	'9',	'1',	'500',	'2022-12-24 16:41:50',	'2022-12-24 16:41:50'),
(1293,	'688',	'6',	'1',	'600',	'2022-12-26 14:37:18',	'2022-12-26 14:37:18'),
(1294,	'689',	'7',	'3',	'300',	'2022-12-26 14:39:07',	'2022-12-26 14:39:07'),
(1295,	'689',	'9',	'1',	'500',	'2022-12-26 14:39:07',	'2022-12-26 14:39:07'),
(1296,	'689',	'2',	'1',	'100',	'2022-12-26 14:39:07',	'2022-12-26 14:39:07'),
(1297,	'689',	'10',	'1',	'100',	'2022-12-26 14:39:07',	'2022-12-26 14:39:07'),
(1298,	'690',	'5',	'1',	'300',	'2022-12-26 14:40:49',	'2022-12-26 14:40:49'),
(1299,	'690',	'9',	'1',	'500',	'2022-12-26 14:40:49',	'2022-12-26 14:40:49'),
(1300,	'691',	NULL,	NULL,	NULL,	'2022-12-26 14:41:35',	'2022-12-26 14:41:35'),
(1301,	'692',	NULL,	NULL,	NULL,	'2022-12-26 14:43:57',	'2022-12-26 14:43:57'),
(1302,	'693',	NULL,	NULL,	NULL,	'2022-12-26 21:38:07',	'2022-12-26 21:38:07'),
(1303,	'694',	NULL,	NULL,	NULL,	'2022-12-26 21:38:45',	'2022-12-26 21:38:45'),
(1304,	'695',	'2',	'1',	'100',	'2022-12-27 16:52:46',	'2022-12-27 16:52:46'),
(1305,	'696',	'8',	'1',	'600',	'2022-12-27 16:57:42',	'2022-12-27 16:57:42'),
(1306,	'696',	'10',	'1',	'100',	'2022-12-27 16:57:42',	'2022-12-27 16:57:42'),
(1307,	'696',	'2',	'1',	'100',	'2022-12-27 16:57:42',	'2022-12-27 16:57:42'),
(1308,	'696',	'6',	'1',	'600',	'2022-12-27 16:57:42',	'2022-12-27 16:57:42'),
(1309,	'697',	'10',	'1',	'100',	'2022-12-27 17:03:45',	'2022-12-27 17:03:45'),
(1310,	'697',	'2',	'1',	'100',	'2022-12-27 17:03:45',	'2022-12-27 17:03:45'),
(1311,	'697',	'5',	'1',	'300',	'2022-12-27 17:03:45',	'2022-12-27 17:03:45'),
(1312,	'698',	NULL,	NULL,	NULL,	'2022-12-27 17:08:21',	'2022-12-27 17:08:21'),
(1313,	'699',	NULL,	NULL,	NULL,	'2022-12-28 14:52:06',	'2022-12-28 14:52:06'),
(1314,	'700',	'7',	'3',	'300',	'2022-12-28 20:03:52',	'2022-12-28 20:03:52'),
(1315,	'700',	'4',	'1',	'200',	'2022-12-28 20:03:52',	'2022-12-28 20:03:52'),
(1316,	'701',	'6',	'1',	'600',	'2022-12-28 20:06:37',	'2022-12-28 20:06:37'),
(1317,	'701',	'5',	'1',	'300',	'2022-12-28 20:06:37',	'2022-12-28 20:06:37'),
(1318,	'702',	NULL,	NULL,	NULL,	'2022-12-29 20:21:29',	'2022-12-29 20:21:29'),
(1319,	'703',	NULL,	NULL,	NULL,	'2022-12-30 02:12:38',	'2022-12-30 02:12:38'),
(1320,	'704',	NULL,	NULL,	NULL,	'2022-12-30 19:08:02',	'2022-12-30 19:08:02'),
(1321,	'705',	'10',	'1',	'100',	'2022-12-31 15:50:52',	'2022-12-31 15:50:52');

DROP TABLE IF EXISTS `sale_source`;
CREATE TABLE `sale_source` (
  `id` int(11) NOT NULL AUTO_INCREMENT,
  `code` varchar(25) NOT NULL,
  `name` varchar(25) NOT NULL,
  `status` enum('up','down') NOT NULL DEFAULT 'up',
  `created_at` timestamp NULL DEFAULT NULL,
  `updated_at` timestamp NULL DEFAULT NULL,
  PRIMARY KEY (`id`)
) ENGINE=InnoDB DEFAULT CHARSET=utf8mb4;

INSERT INTO `sale_source` (`id`, `code`, `name`, `status`, `created_at`, `updated_at`) VALUES
(1,	'I',	'網路',	'up',	NULL,	NULL),
(2,	'H',	'醫院',	'up',	NULL,	NULL),
(3,	'F',	'朋友',	'up',	NULL,	NULL),
(4,	'O',	'老客戶',	'up',	NULL,	NULL),
(5,	'B',	'禮儀社',	'up',	NULL,	NULL),
(6,	'Lingya',	'苓雅辦公室',	'up',	'2022-09-08 01:36:09',	'2022-09-08 01:36:09'),
(7,	'Xiaogang',	'小港園區',	'up',	'2022-09-08 01:36:57',	'2022-09-08 01:36:57');

DROP TABLE IF EXISTS `users`;
CREATE TABLE `users` (
  `id` bigint(20) unsigned NOT NULL AUTO_INCREMENT,
  `name` varchar(255) COLLATE utf8mb4_unicode_ci NOT NULL,
  `username` varchar(255) COLLATE utf8mb4_unicode_ci NOT NULL,
  `password` varchar(255) COLLATE utf8mb4_unicode_ci NOT NULL,
  `email` varchar(255) COLLATE utf8mb4_unicode_ci DEFAULT NULL,
  `mobile` varchar(255) COLLATE utf8mb4_unicode_ci DEFAULT NULL,
  `address` text COLLATE utf8mb4_unicode_ci DEFAULT NULL,
  `entry_date` date DEFAULT NULL COMMENT '入職時間',
  `level` enum('0','1','2') COLLATE utf8mb4_unicode_ci NOT NULL DEFAULT '2' COMMENT '權限\r\n''0''=>最高權限',
  `status` enum('0','1') COLLATE utf8mb4_unicode_ci DEFAULT '0' COMMENT '是否停用\r\n''0''=>啟用,''1''=>停用',
  `email_verified_at` timestamp NULL DEFAULT NULL,
  `remember_token` varchar(100) COLLATE utf8mb4_unicode_ci DEFAULT NULL,
  `created_at` timestamp NULL DEFAULT NULL,
  `updated_at` timestamp NULL DEFAULT NULL,
  PRIMARY KEY (`id`)
) ENGINE=InnoDB DEFAULT CHARSET=utf8mb4 COLLATE=utf8mb4_unicode_ci;

INSERT INTO `users` (`id`, `name`, `username`, `password`, `email`, `mobile`, `address`, `entry_date`, `level`, `status`, `email_verified_at`, `remember_token`, `created_at`, `updated_at`) VALUES
(1,	'湯淙閔',	'admin',	'$2y$10$cDd9gG/VePI1OsAg84XPOuW5ovBYT1urofcmirvoUti6.f0hsRxma',	NULL,	NULL,	NULL,	NULL,	'0',	'0',	NULL,	'7j4LmbmKzCMBOHMANsthhAxpzEplxh0eTI95MYgMkwCrywk8eEBvWXl94WHJ',	'2022-06-10 13:20:09',	'2022-06-20 21:39:31'),
(2,	'魏國安-工程師',	'allen',	'$2y$10$LqW3HF1WZO1bL9Q2ts7TzelvqlPPmSFA4fCU4/JFe89nskt0fUX5O',	NULL,	NULL,	NULL,	'2022-06-10',	'1',	'0',	NULL,	NULL,	'2022-06-10 14:17:13',	'2022-09-26 19:49:24'),
(3,	'湯家承',	'Jw61584',	'$2y$10$mYnyfSvVegseZ6VAweZLfeATCHUXbuonNoEbnQJ4JwpIaCV6e9jVq',	NULL,	'0926422803',	NULL,	'2021-10-20',	'1',	'1',	NULL,	'PRpxsdrhRK7cRjn6HWMDVIkhqaXUFu6CnYW1uSIzELl0aXHALZPRXJO7379Y',	'2022-06-18 16:53:14',	'2022-11-20 19:42:03'),
(4,	'陳芋3',	'Shan27',	'$2y$10$V0gQKJd78IiJmn93ExSy4uEoDg.El4mSyV8.dqCgY8rns3rk0MP9.',	NULL,	'0',	NULL,	'2021-10-20',	'1',	'1',	NULL,	'2rFewbCkvcThiIXwkp9zdEyLROVrrj1ElzHRrCXipBKeuSL8tHILkpWQnJ6f',	'2022-06-18 16:53:59',	'2022-10-04 00:04:23'),
(5,	'陳瑞榮',	'a610603',	'$2y$10$Z994fAy2S/1Ik0MNSnMhWuI8vjBgoutchAVzuOU4HVfPTopAA/RkK',	NULL,	'0',	NULL,	NULL,	'1',	'1',	NULL,	'XDotNHoD8Ij4mOen7KsH7oqPfPhBPG9yBIT5XgjD3f6cJ2YeZbC4TrkzNyqo',	'2022-06-18 16:57:10',	'2022-11-20 19:42:14'),
(6,	'陳瑞峯',	'a570912',	'$2y$10$4ltf6CP0bDaBWXeG4pGL9uOv8eQOZEB0AFNts4iXzdtN1ZYUhKK3W',	NULL,	'0',	NULL,	NULL,	'1',	'1',	NULL,	'C9UvSmo9kRVqaIF6sfvxJy0nIMHpddwy9lwDQaqQCjeFEIlsxmoJVFx60aB4',	'2022-06-18 16:57:43',	'2022-11-20 19:42:26'),
(7,	'湯松贏',	'S821009',	'$2y$10$MQz1vM.ROZInU70d6MSs/uDyMvn7CVpwcOpo18Ypan5kUb1jxEbIW',	NULL,	'0',	NULL,	NULL,	'1',	'0',	NULL,	NULL,	'2022-06-20 13:09:31',	'2022-12-07 23:49:06'),
(8,	'陳加欣',	'Eternal0905',	'$2y$10$10RJrTwJZaxu4bXaIfZ0IOSjeWQrHGQ7oML4sEM1V2sbvHa6ZwSKC',	NULL,	NULL,	NULL,	NULL,	'2',	'1',	NULL,	'awx535zV3eoI96Iujp5p1Usgp3cZkPqPXil6xgv1dUSfbEJ2Lr9Z5Ps90Ra6',	'2022-10-19 13:27:23',	'2022-12-04 22:32:12'),
(9,	'蔡佳穎',	'e9811317',	'$2y$10$ShlXnOKFdulww1WzBaF9UuXAgDddajnV8N4p3jT4Y9e98pFZGwh.S',	NULL,	'0970378270',	NULL,	'2022-12-01',	'2',	'0',	NULL,	'bv9EHFgKCIhdIgXj41P4fUwuYuKwj0PCKOuELyVr2TonnzPc1tU8b7xQjPbB',	'2022-12-10 17:10:59',	'2022-12-10 17:10:59'),
(10,	'蘇彥禎',	'zhen',	'$2y$10$.fiNowib/DqAtzKifFb8m.kLx8nO0wAtASN4KxiM9cbQRcSeuyDB.',	NULL,	NULL,	NULL,	NULL,	'1',	'0',	NULL,	NULL,	'2022-12-11 15:03:37',	'2022-12-11 15:03:50');

DROP TABLE IF EXISTS `works`;
CREATE TABLE `works` (
  `id` bigint(20) unsigned NOT NULL AUTO_INCREMENT,
  `user_id` int(11) NOT NULL,
  `worktime` datetime NOT NULL,
  `dutytime` datetime DEFAULT NULL,
  `status` enum('0','1','2') COLLATE utf8mb4_unicode_ci NOT NULL,
  `remark` text COLLATE utf8mb4_unicode_ci DEFAULT NULL,
  `total` int(11) DEFAULT NULL,
  `created_at` timestamp NULL DEFAULT NULL,
  `updated_at` timestamp NULL DEFAULT NULL,
  PRIMARY KEY (`id`)
) ENGINE=InnoDB DEFAULT CHARSET=utf8mb4 COLLATE=utf8mb4_unicode_ci;

INSERT INTO `works` (`id`, `user_id`, `worktime`, `dutytime`, `status`, `remark`, `total`, `created_at`, `updated_at`) VALUES
(4,	1,	'2022-06-21 09:00:52',	'2022-06-21 14:30:23',	'0',	'',	5,	'2022-06-21 09:00:52',	'2022-06-23 00:52:15'),
(5,	3,	'2022-06-21 09:09:53',	'2022-06-21 18:51:59',	'0',	' ',	582,	'2022-06-21 09:09:53',	'2022-06-21 18:51:59'),
(6,	4,	'2022-06-21 09:11:05',	'2022-06-21 18:50:07',	'0',	' ',	579,	'2022-06-21 09:11:05',	'2022-06-21 18:50:07'),
(7,	3,	'2022-06-22 08:51:56',	'2022-06-22 19:45:48',	'0',	' ',	11,	'2022-06-22 08:51:56',	'2022-06-22 19:45:48'),
(8,	4,	'2022-06-22 08:52:11',	'2022-06-22 22:30:28',	'0',	' ',	14,	'2022-06-22 08:52:11',	'2022-06-22 22:30:28'),
(9,	2,	'2022-06-22 16:59:04',	'2022-06-22 16:59:06',	'0',	' ',	0,	'2022-06-22 16:59:04',	'2022-06-22 16:59:06'),
(10,	3,	'2022-06-23 14:40:18',	'2022-06-24 12:54:28',	'0',	' ',	22,	'2022-06-23 14:40:18',	'2022-06-24 12:54:28'),
(11,	4,	'2022-06-23 14:40:27',	'2022-06-24 12:54:58',	'0',	' ',	22,	'2022-06-23 14:40:27',	'2022-06-24 12:54:58'),
(12,	4,	'2022-06-24 12:54:59',	'2022-06-24 12:54:59',	'0',	' ',	0,	'2022-06-24 12:54:59',	'2022-06-24 12:54:59'),
(13,	4,	'2022-06-24 12:55:01',	'2022-06-24 19:28:19',	'0',	' ',	7,	'2022-06-24 12:55:01',	'2022-06-24 19:28:19'),
(14,	4,	'2022-06-25 09:30:13',	'2022-06-25 18:01:30',	'0',	' ',	9,	'2022-06-25 09:30:13',	'2022-06-25 18:01:30'),
(15,	3,	'2022-06-25 09:30:16',	'2022-06-25 18:09:33',	'0',	' ',	9,	'2022-06-25 09:30:16',	'2022-06-25 18:09:33'),
(16,	3,	'2022-06-26 12:05:05',	'2022-06-28 11:54:38',	'0',	' ',	48,	'2022-06-26 12:05:05',	'2022-06-28 11:54:38'),
(17,	4,	'2022-07-01 09:22:21',	'2022-07-01 18:09:31',	'0',	' ',	9,	'2022-07-01 09:22:21',	'2022-07-01 18:09:31'),
(18,	6,	'2022-07-01 09:25:13',	'2022-07-01 19:53:37',	'0',	' ',	10,	'2022-07-01 09:25:13',	'2022-07-01 19:53:37'),
(19,	3,	'2022-07-01 12:49:57',	'2022-07-02 12:02:57',	'0',	' ',	23,	'2022-07-01 12:49:57',	'2022-07-02 12:02:57'),
(20,	4,	'2022-07-01 18:09:32',	'2022-07-01 18:09:33',	'0',	' ',	0,	'2022-07-01 18:09:32',	'2022-07-01 18:09:33'),
(21,	6,	'2022-07-02 09:19:50',	'2022-07-03 09:35:59',	'0',	' ',	24,	'2022-07-02 09:19:50',	'2022-07-03 09:35:59'),
(22,	6,	'2022-07-03 09:36:01',	'2022-07-04 00:09:37',	'0',	' ',	15,	'2022-07-03 09:36:01',	'2022-07-04 00:09:37'),
(23,	6,	'2022-07-05 10:04:48',	'2022-07-05 19:28:05',	'0',	' ',	9,	'2022-07-05 10:04:48',	'2022-07-05 19:28:05'),
(24,	6,	'2022-07-05 09:30:00',	'2022-07-05 19:29:00',	'1',	'工廠設備材料及所有用之另件拆除',	9,	'2022-07-05 19:31:33',	'2022-07-05 19:31:33'),
(25,	6,	'2022-07-06 09:32:46',	'2022-07-06 22:07:53',	'0',	' ',	13,	'2022-07-06 09:32:46',	'2022-07-06 22:07:53'),
(26,	6,	'2022-07-07 09:49:46',	'2022-07-08 09:05:15',	'0',	' ',	23,	'2022-07-07 09:49:46',	'2022-07-08 09:05:15'),
(27,	3,	'2022-07-07 12:23:43',	'2022-07-08 13:37:58',	'0',	' ',	25,	'2022-07-07 12:23:43',	'2022-07-08 13:37:58'),
(28,	6,	'2022-07-08 09:05:17',	'2022-07-09 02:15:27',	'0',	' ',	17,	'2022-07-08 09:05:17',	'2022-07-09 02:15:27'),
(29,	6,	'2022-07-09 12:29:03',	'2022-07-10 00:41:36',	'0',	' ',	12,	'2022-07-09 12:29:03',	'2022-07-10 00:41:36'),
(30,	6,	'2022-07-10 09:03:51',	'2022-07-10 22:32:30',	'0',	' ',	13,	'2022-07-10 09:03:51',	'2022-07-10 22:32:30'),
(31,	6,	'2022-07-11 09:59:23',	'2022-07-11 22:01:45',	'0',	' ',	12,	'2022-07-11 09:59:23',	'2022-07-11 22:01:45'),
(32,	6,	'2022-07-12 09:31:06',	'2022-07-12 23:53:58',	'0',	' ',	14,	'2022-07-12 09:31:06',	'2022-07-12 23:53:58'),
(33,	6,	'2022-07-14 09:07:52',	'2022-07-15 09:11:24',	'0',	' ',	24,	'2022-07-14 09:07:52',	'2022-07-15 09:11:24'),
(34,	6,	'2022-07-16 10:20:33',	'2022-07-16 21:54:12',	'0',	' ',	12,	'2022-07-16 10:20:33',	'2022-07-16 21:54:12'),
(35,	6,	'2022-07-18 09:06:04',	'2022-07-19 00:06:52',	'0',	' ',	15,	'2022-07-18 09:06:04',	'2022-07-19 00:06:52'),
(36,	6,	'2022-07-19 11:06:57',	'2022-07-19 23:34:28',	'0',	' ',	12,	'2022-07-19 11:06:57',	'2022-07-19 23:34:28'),
(37,	6,	'2022-07-20 09:19:23',	'2022-07-21 10:48:08',	'0',	' ',	25,	'2022-07-20 09:19:23',	'2022-07-21 10:48:08'),
(38,	6,	'2022-07-21 10:48:11',	'2022-07-22 10:11:55',	'0',	' ',	23,	'2022-07-21 10:48:11',	'2022-07-22 10:11:55'),
(39,	6,	'2022-07-22 10:11:56',	'2022-07-22 20:29:07',	'0',	' ',	10,	'2022-07-22 10:11:56',	'2022-07-22 20:29:07'),
(40,	6,	'2022-07-23 10:11:44',	'2022-07-23 19:02:28',	'0',	' ',	9,	'2022-07-23 10:11:44',	'2022-07-23 19:02:28'),
(41,	6,	'2022-07-24 21:24:07',	'2022-07-24 21:24:21',	'0',	' ',	0,	'2022-07-24 21:24:07',	'2022-07-24 21:24:21'),
(42,	1,	'2022-07-26 00:41:08',	'2022-07-26 00:41:42',	'0',	' ',	0,	'2022-07-26 00:41:08',	'2022-07-26 00:41:42'),
(43,	6,	'2022-07-26 12:17:20',	'2022-07-26 20:41:42',	'0',	' ',	8,	'2022-07-26 12:17:20',	'2022-07-26 20:41:42'),
(44,	6,	'2022-07-30 10:06:28',	'2022-07-30 21:34:14',	'0',	' ',	11,	'2022-07-30 10:06:28',	'2022-07-30 21:34:14'),
(45,	6,	'2022-07-31 09:16:46',	'2022-08-01 08:55:36',	'0',	' ',	24,	'2022-07-31 09:16:46',	'2022-08-01 08:55:36'),
(46,	6,	'2022-08-01 08:55:37',	'2022-08-02 01:33:21',	'0',	' ',	17,	'2022-08-01 08:55:37',	'2022-08-02 01:33:21'),
(47,	6,	'2022-08-02 09:02:48',	'2022-08-02 21:49:33',	'0',	' ',	13,	'2022-08-02 09:02:48',	'2022-08-02 21:49:33'),
(48,	6,	'2022-08-03 20:23:01',	'2022-08-03 20:23:02',	'0',	' ',	0,	'2022-08-03 20:23:01',	'2022-08-03 20:23:02'),
(49,	6,	'2022-08-04 11:39:12',	'2022-08-05 00:01:29',	'0',	' ',	12,	'2022-08-04 11:39:12',	'2022-08-05 00:01:29'),
(50,	6,	'2022-08-05 09:29:10',	'2022-08-10 09:04:34',	'0',	' ',	120,	'2022-08-05 09:29:10',	'2022-08-10 09:04:34'),
(51,	6,	'2022-08-10 09:04:35',	'2022-08-10 22:30:57',	'0',	' ',	13,	'2022-08-10 09:04:35',	'2022-08-10 22:30:57'),
(52,	6,	'2022-08-11 08:46:33',	'2022-08-11 23:03:18',	'0',	' ',	14,	'2022-08-11 08:46:33',	'2022-08-11 23:03:18'),
(53,	6,	'2022-08-13 08:55:42',	'2022-08-13 23:07:22',	'0',	' ',	14,	'2022-08-13 08:55:42',	'2022-08-13 23:07:22'),
(54,	6,	'2022-08-14 08:10:00',	'2022-08-14 22:46:00',	'1',	'在忙法會結束後忘記了簽',	14,	'2022-08-14 22:47:42',	'2022-08-14 22:47:42'),
(55,	6,	'2022-08-14 22:47:47',	'2022-08-14 22:47:49',	'0',	' ',	0,	'2022-08-14 22:47:47',	'2022-08-14 22:47:49'),
(56,	6,	'2022-08-17 13:17:49',	NULL,	'0',	' ',	NULL,	'2022-08-17 13:17:49',	'2022-08-17 13:17:49'),
(57,	6,	'2022-08-17 13:17:49',	'2022-08-17 13:17:49',	'0',	' ',	0,	'2022-08-17 13:17:49',	'2022-08-17 13:17:49'),
(58,	6,	'2022-08-17 13:17:55',	'2022-08-18 14:48:14',	'0',	' ',	26,	'2022-08-17 13:17:55',	'2022-08-18 14:48:14'),
(59,	6,	'2022-08-18 14:48:17',	'2022-08-18 19:58:18',	'0',	' ',	5,	'2022-08-18 14:48:17',	'2022-08-18 19:58:18'),
(60,	6,	'2022-08-19 09:28:11',	'2022-08-19 20:12:39',	'0',	' ',	11,	'2022-08-19 09:28:11',	'2022-08-19 20:12:39'),
(61,	6,	'2022-08-20 09:22:27',	'2022-08-20 21:06:49',	'0',	' ',	12,	'2022-08-20 09:22:27',	'2022-08-20 21:06:49'),
(62,	6,	'2022-08-21 09:48:02',	'2022-08-21 18:17:31',	'0',	' ',	8,	'2022-08-21 09:48:02',	'2022-08-21 18:17:31'),
(63,	3,	'2022-08-21 11:02:26',	'2022-08-21 18:17:43',	'0',	' ',	7,	'2022-08-21 11:02:26',	'2022-08-21 18:17:43'),
(64,	3,	'2022-08-22 11:47:55',	'2022-09-02 16:09:25',	'0',	' ',	268,	'2022-08-22 11:47:55',	'2022-09-02 16:09:25'),
(65,	6,	'2022-08-23 09:00:34',	'2022-08-23 21:37:43',	'0',	' ',	13,	'2022-08-23 09:00:34',	'2022-08-23 21:37:43'),
(66,	6,	'2022-08-25 09:24:13',	'2022-08-25 19:54:17',	'0',	' ',	11,	'2022-08-25 09:24:13',	'2022-08-25 19:54:17'),
(67,	5,	'2022-09-10 16:48:41',	NULL,	'0',	' ',	NULL,	'2022-09-10 16:48:41',	'2022-09-10 16:48:41'),
(68,	6,	'2022-09-21 09:09:52',	'2022-09-21 21:26:36',	'0',	' ',	12,	'2022-09-21 09:09:52',	'2022-09-21 21:26:36'),
(69,	6,	'2022-09-22 09:15:39',	'2022-09-22 20:21:39',	'0',	' ',	11,	'2022-09-22 09:15:39',	'2022-09-22 20:21:39'),
(70,	6,	'2022-09-23 09:29:48',	'2022-09-23 22:48:31',	'0',	' ',	13,	'2022-09-23 09:29:48',	'2022-09-23 22:48:31'),
(71,	6,	'2022-09-24 09:32:55',	'2022-09-25 00:04:48',	'0',	' ',	15,	'2022-09-24 09:32:55',	'2022-09-25 00:04:48'),
(72,	6,	'2022-09-25 09:31:59',	NULL,	'0',	' ',	NULL,	'2022-09-25 09:31:59',	'2022-09-25 09:31:59'),
(73,	6,	'2022-09-25 09:31:59',	'2022-09-25 23:04:52',	'0',	' ',	14,	'2022-09-25 09:31:59',	'2022-09-25 23:04:52'),
(74,	6,	'2022-09-28 12:52:17',	'2022-09-29 00:40:53',	'0',	' ',	12,	'2022-09-28 12:52:17',	'2022-09-29 00:40:53'),
(75,	6,	'2022-09-29 11:05:41',	'2022-09-29 23:32:28',	'0',	' ',	12,	'2022-09-29 11:05:41',	'2022-09-29 23:32:28'),
(76,	6,	'2022-09-30 09:50:56',	'2022-09-30 23:17:26',	'0',	' ',	13,	'2022-09-30 09:50:56',	'2022-09-30 23:17:26'),
(77,	6,	'2022-10-02 09:00:00',	'2022-10-02 19:55:00',	'1',	'忙碌 忘記了',	10,	'2022-10-02 19:56:21',	'2022-10-02 19:56:21'),
(78,	6,	'2022-10-03 09:36:19',	'2022-10-03 21:37:30',	'0',	' ',	12,	'2022-10-03 09:36:19',	'2022-10-03 21:37:30'),
(79,	8,	'2022-10-26 08:59:32',	'2022-10-26 17:02:51',	'0',	' ',	8,	'2022-10-26 08:59:32',	'2022-10-26 17:02:51'),
(80,	8,	'2022-10-27 08:59:49',	'2022-10-27 17:20:52',	'0',	' ',	8,	'2022-10-27 08:59:49',	'2022-10-27 17:20:52'),
(81,	8,	'2022-10-30 08:55:58',	'2022-10-30 17:04:29',	'0',	' ',	8,	'2022-10-30 08:55:58',	'2022-10-30 17:04:29'),
(82,	8,	'2022-10-31 09:47:40',	'2022-10-31 16:19:49',	'0',	' ',	7,	'2022-10-31 09:47:40',	'2022-10-31 16:19:49'),
(83,	8,	'2022-11-01 09:29:41',	'2022-11-01 16:56:39',	'0',	' ',	7,	'2022-11-01 09:29:41',	'2022-11-01 16:56:39'),
(84,	8,	'2022-11-03 09:04:02',	'2022-11-03 17:16:28',	'0',	' ',	8,	'2022-11-03 09:04:02',	'2022-11-03 17:16:28'),
(85,	8,	'2022-11-04 09:01:28',	'2022-11-04 19:40:24',	'0',	' ',	11,	'2022-11-04 09:01:28',	'2022-11-04 19:40:24'),
(86,	8,	'2022-11-05 09:28:10',	'2022-11-05 17:05:58',	'0',	' ',	8,	'2022-11-05 09:28:10',	'2022-11-05 17:05:58'),
(87,	8,	'2022-11-06 08:55:23',	'2022-11-06 17:07:24',	'0',	' ',	8,	'2022-11-06 08:55:23',	'2022-11-06 17:07:24'),
(88,	8,	'2022-11-07 09:00:39',	'2022-11-09 09:48:25',	'0',	' ',	49,	'2022-11-07 09:00:39',	'2022-11-09 09:48:25'),
(89,	8,	'2022-11-09 09:48:39',	'2022-11-09 17:07:52',	'0',	' ',	7,	'2022-11-09 09:48:39',	'2022-11-09 17:07:52'),
(90,	8,	'2022-11-10 09:00:00',	'2022-11-10 17:00:38',	'0',	' ',	8,	'2022-11-10 09:00:00',	'2022-11-10 17:00:38'),
(91,	8,	'2022-11-11 09:05:09',	'2022-11-11 17:02:07',	'0',	' ',	8,	'2022-11-11 09:05:09',	'2022-11-11 17:02:07'),
(92,	6,	'2022-11-15 11:32:30',	NULL,	'0',	' ',	NULL,	'2022-11-15 11:32:30',	'2022-11-15 11:32:30'),
(93,	8,	'2022-11-18 08:57:24',	'2022-11-18 16:44:06',	'0',	' ',	8,	'2022-11-18 08:57:24',	'2022-11-18 16:44:06'),
(94,	9,	'2022-12-11 09:14:29',	'2022-12-11 18:05:09',	'0',	'',	8,	'2022-12-11 09:14:29',	'2022-12-12 22:03:48'),
(95,	9,	'2022-12-12 08:52:14',	'2022-12-12 18:01:02',	'0',	' ',	9,	'2022-12-12 08:52:14',	'2022-12-12 18:01:02'),
(96,	9,	'2022-12-13 09:07:10',	'2022-12-13 18:03:21',	'0',	'',	8,	'2022-12-13 09:07:10',	'2022-12-14 01:18:34'),
(97,	9,	'2022-12-14 09:13:14',	'2022-12-14 18:00:35',	'0',	' ',	9,	'2022-12-14 09:13:14',	'2022-12-14 18:00:35'),
(98,	9,	'2022-12-15 10:44:56',	'2022-12-15 18:02:02',	'0',	' ',	7,	'2022-12-15 10:44:56',	'2022-12-15 18:02:02'),
(99,	9,	'2022-12-16 09:01:17',	'2022-12-16 18:05:24',	'0',	' ',	9,	'2022-12-16 09:01:17',	'2022-12-16 18:05:24'),
(100,	9,	'2022-12-17 09:52:53',	'2022-12-17 18:01:06',	'0',	' ',	8,	'2022-12-17 09:52:53',	'2022-12-17 18:01:06'),
(101,	9,	'2022-12-18 09:21:12',	'2022-12-18 19:01:59',	'0',	' ',	10,	'2022-12-18 09:21:12',	'2022-12-18 19:01:59'),
(102,	9,	'2022-12-20 08:53:44',	'2022-12-20 18:02:41',	'0',	' ',	9,	'2022-12-20 08:53:44',	'2022-12-20 18:02:41'),
(103,	9,	'2022-12-21 08:58:27',	'2022-12-21 18:17:45',	'0',	' ',	9,	'2022-12-21 08:58:27',	'2022-12-21 18:17:45'),
(104,	9,	'2022-12-22 08:55:47',	'2022-12-22 22:19:03',	'0',	' ',	13,	'2022-12-22 08:55:47',	'2022-12-22 22:19:03'),
(105,	9,	'2022-12-26 08:54:28',	NULL,	'0',	' ',	NULL,	'2022-12-26 08:54:28',	'2022-12-26 08:54:28'),
(106,	9,	'2022-12-26 08:54:28',	'2022-12-26 18:05:28',	'0',	' ',	9,	'2022-12-26 08:54:28',	'2022-12-26 18:05:28'),
(107,	9,	'2022-12-27 08:55:22',	'2022-12-27 18:13:14',	'0',	' ',	9,	'2022-12-27 08:55:22',	'2022-12-27 18:13:14');

-- 2022-12-31 08:10:34
